variant,seed,mask_seed,grid_index,n,accuracy,macro_f1,mae,pearson_r
T0,2026,5101,0,679,0.572901325478645,0.5502017024127871,0.6194238815681573,0.5732238242169959
T0,2026,5101,1,679,0.5493372606774669,0.5252804842958811,0.6434428065532437,0.5246459935479145
T0,2026,5101,2,679,0.5095729013254786,0.4927374264993155,0.6875973000617722,0.4253983660374786
T0,2026,5101,3,679,0.5743740795287187,0.5475513036488646,0.6240253308911387,0.5781400720033488
T0,2026,5101,4,679,0.561119293078056,0.5421302668840254,0.6569640343687847,0.5052388351239832
T0,2026,5101,5,679,0.49189985272459497,0.480358895029837,0.6902670032497007,0.416089206387805
T0,2026,5101,6,679,0.5625920471281296,0.5477067681043092,0.6222930112099261,0.5644891621906586
T0,2026,5101,7,679,0.5213549337260678,0.5169865143562035,0.6515452885048378,0.5386369161846751
T0,2026,5101,8,679,0.47717231222385864,0.46909812376801063,0.7002567346475261,0.419540420039369
T0,2026,5101,9,679,0.6008836524300442,0.5765900189187768,0.5942060997893428,0.634988517500659
T0,2026,5101,10,679,0.6008836524300442,0.5765900189187768,0.5942060997893428,0.634988517500659
T0,2026,5101,11,679,0.6008836524300442,0.5765900189187768,0.5942060997893428,0.634988517500659
T0,2026,5101,12,679,0.6008836524300442,0.5765900189187768,0.5942060997893428,0.634988517500659
T0,2026,5101,13,679,0.6008836524300442,0.5765900189187768,0.5942060997893428,0.634988517500659
T0,2026,5101,14,679,0.6008836524300442,0.5765900189187768,0.5942060997893428,0.634988517500659
T0,2026,5101,15,679,0.6008836524300442,0.5765900189187768,0.5942060997893428,0.634988517500659
T0,2026,5101,16,679,0.6008836524300442,0.5765900189187768,0.5942060997893428,0.634988517500659
T0,2026,5101,17,679,0.6008836524300442,0.5765900189187768,0.5942060997893428,0.634988517500659
T0,2026,5101,18,679,0.6008836524300442,0.5765900189187768,0.5942060997893428,0.634988517500659
T0,2026,5101,19,679,0.6008836524300442,0.5765900189187768,0.5942060997893428,0.634988517500659
T0,2026,5101,20,679,0.6008836524300442,0.5765900189187768,0.5942060997893428,0.634988517500659
T0,2026,5101,21,679,0.6008836524300442,0.5765900189187768,0.5942060997893428,0.634988517500659
T0,2026,5101,22,679,0.6008836524300442,0.5765900189187768,0.5942060997893428,0.634988517500659
T0,2026,5101,23,679,0.6008836524300442,0.5765900189187768,0.5942060997893428,0.634988517500659
T0,2026,5101,24,679,0.6008836524300442,0.5765900189187768,0.5942060997893428,0.634988517500659
T0,2026,5101,25,679,0.6008836524300442,0.5765900189187768,0.5942060997893428,0.634988517500659
T0,2026,5101,26,679,0.6008836524300442,0.5765900189187768,0.5942060997893428,0.634988517500659
T0,2026,5101,27,679,0.5743740795287187,0.5477098454958185,0.618622910862292,0.5837695960723657
T0,2026,5101,28,679,0.524300441826215,0.49880744270362876,0.6530158133938667,0.5047012318090474
T0,2026,5101,29,679,0.5022091310751104,0.48391221181918853,0.6908434817515346,0.41733482185824
T0,2026,5101,30,679,0.5891016200294551,0.5624355876936593,0.6065742198339442,0.6073537957833441
T0,2026,5101,31,679,0.5596465390279823,0.5385884359914933,0.6389088230824786,0.5260527581424878
T0,2026,5101,32,679,0.49337260677466865,0.487375666287975,0.6989495261121041,0.3800360714389982
T0,2026,5101,33,679,0.5655375552282769,0.5522830274574416,0.618327763957549,0.588521630767595
T0,2026,5101,34,679,0.4948453608247423,0.49097615999024447,0.6655343595853785,0.5139594108382863
T0,2026,5101,35,679,0.46097201767304863,0.4603345042620751,0.6971355564727699,0.4318120552199469
T0,2026,5101,36,679,0.572901325478645,0.5505088305108716,0.6166607081802323,0.5757104068653657
T0,2026,5101,37,679,0.5331369661266568,0.5121434323130746,0.6512771974124333,0.5020656803676856
T0,2026,5101,38,679,0.5036818851251841,0.482984742312062,0.6942800083067351,0.4140369496651086
T0,2026,5101,39,679,0.5817378497790869,0.5541822323691262,0.6217432750693477,0.5728577994779175
T0,2026,5101,40,679,0.5581737849779087,0.5380125380300994,0.6468906237116969,0.5104372648306942
T0,2026,5101,41,679,0.48600883652430044,0.47923953914185724,0.6788013440300333,0.44188066381782787
T0,2026,5101,42,679,0.5758468335787923,0.5602487225850581,0.6146145595761567,0.5954732550193634
T0,2026,5101,43,679,0.5095729013254786,0.5039946632145198,0.6600145981571636,0.5175824878980454
T0,2026,5101,44,679,0.4653902798232695,0.46148732140689724,0.7029130896210495,0.41286167689524955
T0,2026,5101,45,679,0.6008836524300442,0.5765900189187768,0.5942060997893428,0.634988517500659
T0,2026,5101,46,679,0.6008836524300442,0.5765900189187768,0.5942060997893428,0.634988517500659
T0,2026,5101,47,679,0.6008836524300442,0.5765900189187768,0.5942060997893428,0.634988517500659
T0,2026,5101,48,679,0.6008836524300442,0.5765900189187768,0.5942060997893428,0.634988517500659
T0,2026,5101,49,679,0.6008836524300442,0.5765900189187768,0.5942060997893428,0.634988517500659
T0,2026,5101,50,679,0.6008836524300442,0.5765900189187768,0.5942060997893428,0.634988517500659
T0,2026,5101,51,679,0.6008836524300442,0.5765900189187768,0.5942060997893428,0.634988517500659
T0,2026,5101,52,679,0.6008836524300442,0.5765900189187768,0.5942060997893428,0.634988517500659
T0,2026,5101,53,679,0.6008836524300442,0.5765900189187768,0.5942060997893428,0.634988517500659
T0,2026,5101,54,679,0.5861561119293078,0.5562968297419804,0.6136592479754618,0.5834085698498934
T0,2026,5101,55,679,0.5360824742268041,0.5143848338322204,0.6547974762842828,0.495512411973245
T0,2026,5101,56,679,0.5095729013254786,0.49018802011759754,0.6845561369968268,0.42737251867061693
T0,2026,5101,57,679,0.5596465390279823,0.5287694853253613,0.6294880741781971,0.5650427624379707
T0,2026,5101,58,679,0.5522827687776142,0.5271021973561069,0.6422813127423597,0.512163815451502
T0,2026,5101,59,679,0.49779086892488955,0.49087111022220253,0.692254186861645,0.37974211741263036
T0,2026,5101,60,679,0.5802650957290133,0.5668417907395543,0.6167114467657718,0.5979289304384592
T0,2026,5101,61,679,0.524300441826215,0.5192106047756528,0.6454615926092959,0.5266983959583914
T0,2026,5101,62,679,0.47717231222385864,0.47228171804137153,0.6925132145586702,0.43165517403656295
T0,2026,5102,0,679,0.5625920471281296,0.5340158547321292,0.6233347620985118,0.5712632363658047
T0,2026,5102,1,679,0.5493372606774669,0.5230486509361635,0.6426614798133609,0.5120840972912337
T0,2026,5102,2,679,0.5169366715758469,0.4960178992623089,0.6851448331560407,0.43229806009400906
T0,2026,5102,3,679,0.5640648011782032,0.5359850021615092,0.6284408291283342,0.578575908792585
T0,2026,5102,4,679,0.5552282768777614,0.5331744267999732,0.6550890519798065,0.5127883204966706
T0,2026,5102,5,679,0.4845360824742268,0.4764327880814624,0.693127829982009,0.4129405470887206
T0,2026,5102,6,679,0.5773195876288659,0.5591328849531328,0.6125063538463548,0.609994277306284
T0,2026,5102,7,679,0.5125184094256259,0.5080300389961013,0.6648905198028056,0.5034461251267238
T0,2026,5102,8,679,0.4491899852724595,0.4446777586536623,0.7026963098981419,0.4318483923945867
T0,2026,5102,9,679,0.6008836524300442,0.5765900189187768,0.5942060997893428,0.634988517500659
T0,2026,5102,10,679,0.6008836524300442,0.5765900189187768,0.5942060997893428,0.634988517500659
T0,2026,5102,11,679,0.6008836524300442,0.5765900189187768,0.5942060997893428,0.634988517500659
T0,2026,5102,12,679,0.6008836524300442,0.5765900189187768,0.5942060997893428,0.634988517500659
T0,2026,5102,13,679,0.6008836524300442,0.5765900189187768,0.5942060997893428,0.634988517500659
T0,2026,5102,14,679,0.6008836524300442,0.5765900189187768,0.5942060997893428,0.634988517500659
T0,2026,5102,15,679,0.6008836524300442,0.5765900189187768,0.5942060997893428,0.634988517500659
T0,2026,5102,16,679,0.6008836524300442,0.5765900189187768,0.5942060997893428,0.634988517500659
T0,2026,5102,17,679,0.6008836524300442,0.5765900189187768,0.5942060997893428,0.634988517500659
T0,2026,5102,18,679,0.6008836524300442,0.5765900189187768,0.5942060997893428,0.634988517500659
T0,2026,5102,19,679,0.6008836524300442,0.5765900189187768,0.5942060997893428,0.634988517500659
T0,2026,5102,20,679,0.6008836524300442,0.5765900189187768,0.5942060997893428,0.634988517500659
T0,2026,5102,21,679,0.6008836524300442,0.5765900189187768,0.5942060997893428,0.634988517500659
T0,2026,5102,22,679,0.6008836524300442,0.5765900189187768,0.5942060997893428,0.634988517500659
T0,2026,5102,23,679,0.6008836524300442,0.5765900189187768,0.5942060997893428,0.634988517500659
T0,2026,5102,24,679,0.6008836524300442,0.5765900189187768,0.5942060997893428,0.634988517500659
T0,2026,5102,25,679,0.6008836524300442,0.5765900189187768,0.5942060997893428,0.634988517500659
T0,2026,5102,26,679,0.6008836524300442,0.5765900189187768,0.5942060997893428,0.634988517500659
T0,2026,5102,27,679,0.5655375552282769,0.5364828871494661,0.6260334987396344,0.576990351620637
T0,2026,5102,28,679,0.5478645066273933,0.5258070329284772,0.6459466534528184,0.5092900096270448
T0,2026,5102,29,679,0.4948453608247423,0.47339453237703455,0.6901840056691851,0.4227598749644036
T0,2026,5102,30,679,0.5655375552282769,0.5385223525803235,0.6195496877707508,0.5839239819666581
T0,2026,5102,31,679,0.5714285714285714,0.549784210005271,0.6440776073879978,0.5093893698687135
T0,2026,5102,32,679,0.49779086892488955,0.49201534609143305,0.6815245822620672,0.44243121454555834
T0,2026,5102,33,679,0.5714285714285714,0.5534002335774135,0.6172901867766795,0.589558636282307
T0,2026,5102,34,679,0.5213549337260678,0.5085781372984849,0.6561383281303611,0.5162214638425966
T0,2026,5102,35,679,0.4698085419734904,0.46378572788619543,0.6995883927034524,0.4236632525550684
T0,2026,5102,36,679,0.5699558173784978,0.5433011133776857,0.6073626830010772,0.6039951690835261
T0,2026,5102,37,679,0.5596465390279823,0.5317975507808526,0.6497764372553495,0.4993878864835664
T0,2026,5102,38,679,0.4963181148748159,0.47719313851253287,0.6882545707283736,0.42582492175508846
T0,2026,5102,39,679,0.5596465390279823,0.5343489018696176,0.6227695909225888,0.5620307276823548
T0,2026,5102,40,679,0.5493372606774669,0.5247513992657616,0.665298532667146,0.47963965612444903
T0,2026,5102,41,679,0.5066273932253313,0.5024213551422337,0.6782643631078709,0.43775478558277925
T0,2026,5102,42,679,0.5758468335787923,0.5591125072384443,0.6137247572108466,0.5959680989894584
T0,2026,5102,43,679,0.508100147275405,0.49888694502570025,0.6617244976916966,0.5061965600906592
T0,2026,5102,44,679,0.4639175257731959,0.4593609912877106,0.6976114741481281,0.4404901949555982
T0,2026,5102,45,679,0.6008836524300442,0.5765900189187768,0.5942060997893428,0.634988517500659
T0,2026,5102,46,679,0.6008836524300442,0.5765900189187768,0.5942060997893428,0.634988517500659
T0,2026,5102,47,679,0.6008836524300442,0.5765900189187768,0.5942060997893428,0.634988517500659
T0,2026,5102,48,679,0.6008836524300442,0.5765900189187768,0.5942060997893428,0.634988517500659
T0,2026,5102,49,679,0.6008836524300442,0.5765900189187768,0.5942060997893428,0.634988517500659
T0,2026,5102,50,679,0.6008836524300442,0.5765900189187768,0.5942060997893428,0.634988517500659
T0,2026,5102,51,679,0.6008836524300442,0.5765900189187768,0.5942060997893428,0.634988517500659
T0,2026,5102,52,679,0.6008836524300442,0.5765900189187768,0.5942060997893428,0.634988517500659
T0,2026,5102,53,679,0.6008836524300442,0.5765900189187768,0.5942060997893428,0.634988517500659
T0,2026,5102,54,679,0.5655375552282769,0.5400235294023747,0.6227704116276332,0.5690884663556971
T0,2026,5102,55,679,0.5316642120765832,0.5095268706687321,0.6593219621850395,0.48958586096340884
T0,2026,5102,56,679,0.5051546391752577,0.4857589013718755,0.6881299387548387,0.4258637438227431
T0,2026,5102,57,679,0.5876288659793815,0.562075501086452,0.6099376911530614,0.6072054773307735
T0,2026,5102,58,679,0.5625920471281296,0.5406873657607643,0.6416448237530789,0.5360411990583118
T0,2026,5102,59,679,0.49337260677466865,0.48446547700835757,0.6891474613867733,0.36063176152100185
T0,2026,5102,60,679,0.5699558173784978,0.5533469558116323,0.6266008838243091,0.5616864817573564
T0,2026,5102,61,679,0.4845360824742268,0.47800275092394384,0.6773062855093047,0.48607383977748275
T0,2026,5102,62,679,0.4653902798232695,0.46087841165638893,0.6959501162105527,0.452355431488956
T0,2026,5103,0,679,0.5670103092783505,0.54020865237366,0.6170785115244463,0.591804760060666
T0,2026,5103,1,679,0.5463917525773195,0.5169523352981896,0.6450371245835772,0.5099345860297467
T0,2026,5103,2,679,0.49042709867452133,0.4698824238769973,0.6965242168469703,0.4128982518845373
T0,2026,5103,3,679,0.5817378497790869,0.5611921176415564,0.6222190834110018,0.5680057674693516
T0,2026,5103,4,679,0.5846833578792342,0.5638320990680086,0.63263742483066,0.5430840145232553
T0,2026,5103,5,679,0.5007363770250368,0.49201785531774156,0.6848434870390548,0.40720313026667526
T0,2026,5103,6,679,0.5846833578792342,0.5704318930854755,0.6081015289444285,0.5987062914098658
T0,2026,5103,7,679,0.5139911634756995,0.5118295373846601,0.6595375552795422,0.5324852430482933
T0,2026,5103,8,679,0.4653902798232695,0.4595701961519606,0.70207451071058,0.42342946365118644
T0,2026,5103,9,679,0.6008836524300442,0.5765900189187768,0.5942060997893428,0.634988517500659
T0,2026,5103,10,679,0.6008836524300442,0.5765900189187768,0.5942060997893428,0.634988517500659
T0,2026,5103,11,679,0.6008836524300442,0.5765900189187768,0.5942060997893428,0.634988517500659
T0,2026,5103,12,679,0.6008836524300442,0.5765900189187768,0.5942060997893428,0.634988517500659
T0,2026,5103,13,679,0.6008836524300442,0.5765900189187768,0.5942060997893428,0.634988517500659
T0,2026,5103,14,679,0.6008836524300442,0.5765900189187768,0.5942060997893428,0.634988517500659
T0,2026,5103,15,679,0.6008836524300442,0.5765900189187768,0.5942060997893428,0.634988517500659
T0,2026,5103,16,679,0.6008836524300442,0.5765900189187768,0.5942060997893428,0.634988517500659
T0,2026,5103,17,679,0.6008836524300442,0.5765900189187768,0.5942060997893428,0.634988517500659
T0,2026,5103,18,679,0.6008836524300442,0.5765900189187768,0.5942060997893428,0.634988517500659
T0,2026,5103,19,679,0.6008836524300442,0.5765900189187768,0.5942060997893428,0.634988517500659
T0,2026,5103,20,679,0.6008836524300442,0.5765900189187768,0.5942060997893428,0.634988517500659
T0,2026,5103,21,679,0.6008836524300442,0.5765900189187768,0.5942060997893428,0.634988517500659
T0,2026,5103,22,679,0.6008836524300442,0.5765900189187768,0.5942060997893428,0.634988517500659
T0,2026,5103,23,679,0.6008836524300442,0.5765900189187768,0.5942060997893428,0.634988517500659
T0,2026,5103,24,679,0.6008836524300442,0.5765900189187768,0.5942060997893428,0.634988517500659
T0,2026,5103,25,679,0.6008836524300442,0.5765900189187768,0.5942060997893428,0.634988517500659
T0,2026,5103,26,679,0.6008836524300442,0.5765900189187768,0.5942060997893428,0.634988517500659
T0,2026,5103,27,679,0.5699558173784978,0.5410375276240509,0.621151712247128,0.5850970040540239
T0,2026,5103,28,679,0.5346097201767305,0.507055301749821,0.6518380777123048,0.5230122575413094
T0,2026,5103,29,679,0.5007363770250368,0.4799111861650561,0.6873262688320059,0.4281186022494401
T0,2026,5103,30,679,0.5787923416789397,0.5520574054339816,0.6231467453913766,0.5757201049733776
T0,2026,5103,31,679,0.5773195876288659,0.55593374101959,0.6314359679708424,0.5254877992516434
T0,2026,5103,32,679,0.4992636229749632,0.49241562676195705,0.6927965447548036,0.4103099007392564
T0,2026,5103,33,679,0.5684830633284241,0.5514872466810751,0.6229112926919962,0.5784020966764248
T0,2026,5103,34,679,0.49189985272459497,0.48887183109646026,0.6802211693311124,0.4669761010895289
T0,2026,5103,35,679,0.4565537555228277,0.45145182716883636,0.7042595357229502,0.4134837266744479
T0,2026,5103,36,679,0.5758468335787923,0.5504032342073774,0.6199589638322022,0.5770416020221533
T0,2026,5103,37,679,0.5625920471281296,0.5409743988964688,0.6361703553370067,0.5174805414494207
T0,2026,5103,38,679,0.508100147275405,0.4870962186873241,0.694664003505798,0.4104994571973213
T0,2026,5103,39,679,0.5802650957290133,0.5553978011969816,0.6209602240302953,0.5875576801362772
T0,2026,5103,40,679,0.5684830633284241,0.5506061232380752,0.6466631060013539,0.5065391951126568
T0,2026,5103,41,679,0.5154639175257731,0.5064484148992129,0.6705966189788964,0.46470229126992063
T0,2026,5103,42,679,0.5787923416789397,0.5608680377649347,0.6140432102339608,0.5947582019938199
T0,2026,5103,43,679,0.49779086892488955,0.49043366583293735,0.6653980853280193,0.5029714501613067
T0,2026,5103,44,679,0.4491899852724595,0.4413106010318043,0.7021555899915358,0.4357057863351968
T0,2026,5103,45,679,0.6008836524300442,0.5765900189187768,0.5942060997893428,0.634988517500659
T0,2026,5103,46,679,0.6008836524300442,0.5765900189187768,0.5942060997893428,0.634988517500659
T0,2026,5103,47,679,0.6008836524300442,0.5765900189187768,0.5942060997893428,0.634988517500659
T0,2026,5103,48,679,0.6008836524300442,0.5765900189187768,0.5942060997893428,0.634988517500659
T0,2026,5103,49,679,0.6008836524300442,0.5765900189187768,0.5942060997893428,0.634988517500659
T0,2026,5103,50,679,0.6008836524300442,0.5765900189187768,0.5942060997893428,0.634988517500659
T0,2026,5103,51,679,0.6008836524300442,0.5765900189187768,0.5942060997893428,0.634988517500659
T0,2026,5103,52,679,0.6008836524300442,0.5765900189187768,0.5942060997893428,0.634988517500659
T0,2026,5103,53,679,0.6008836524300442,0.5765900189187768,0.5942060997893428,0.634988517500659
T0,2026,5103,54,679,0.5758468335787923,0.5517595084790708,0.6152097280843619,0.5932257151770436
T0,2026,5103,55,679,0.5478645066273933,0.5268822031509928,0.6420087090999284,0.5198783324273965
T0,2026,5103,56,679,0.5007363770250368,0.48313811670530504,0.6906384196302501,0.4239048530644909
T0,2026,5103,57,679,0.5493372606774669,0.5233166286689321,0.6254350662845927,0.5832747913964327
T0,2026,5103,58,679,0.5522827687776142,0.5337442451728166,0.6532187205526719,0.48790028704031796
T0,2026,5103,59,679,0.48748159057437407,0.47881984592765203,0.6910727391450149,0.39664916986471727
T0,2026,5103,60,679,0.5699558173784978,0.5551962937278472,0.6221760370287172,0.5691967495545456
T0,2026,5103,61,679,0.5154639175257731,0.5058037865512631,0.6666292359665673,0.4899805238425256
T0,2026,5103,62,679,0.45949926362297494,0.4542863942547485,0.697551262154846,0.4391018597150782
T0,2026,5104,0,679,0.5625920471281296,0.5368944567691794,0.6273735122801805,0.5707502698016685
T0,2026,5104,1,679,0.5478645066273933,0.5275457359231098,0.6486837769335956,0.5094436398627026
T0,2026,5104,2,679,0.5036818851251841,0.4817641971605582,0.6870347252650535,0.4251009191898902
T0,2026,5104,3,679,0.5581737849779087,0.5261638544267042,0.6303695505251765,0.5628516758936704
T0,2026,5104,4,679,0.5567010309278351,0.528757879241138,0.6435970125475758,0.528454818310356
T0,2026,5104,5,679,0.49779086892488955,0.48923211414278056,0.6955547052077586,0.39846316569576773
T0,2026,5104,6,679,0.5419734904270986,0.5238923819723278,0.6337024447273611,0.5720534827228257
T0,2026,5104,7,679,0.4992636229749632,0.493869621333781,0.6654844568255022,0.4832966102801732
T0,2026,5104,8,679,0.47128129602356406,0.4582519022179051,0.6997880504654503,0.43094349317832226
T0,2026,5104,9,679,0.6008836524300442,0.5765900189187768,0.5942060997893428,0.634988517500659
T0,2026,5104,10,679,0.6008836524300442,0.5765900189187768,0.5942060997893428,0.634988517500659
T0,2026,5104,11,679,0.6008836524300442,0.5765900189187768,0.5942060997893428,0.634988517500659
T0,2026,5104,12,679,0.6008836524300442,0.5765900189187768,0.5942060997893428,0.634988517500659
T0,2026,5104,13,679,0.6008836524300442,0.5765900189187768,0.5942060997893428,0.634988517500659
T0,2026,5104,14,679,0.6008836524300442,0.5765900189187768,0.5942060997893428,0.634988517500659
T0,2026,5104,15,679,0.6008836524300442,0.5765900189187768,0.5942060997893428,0.634988517500659
T0,2026,5104,16,679,0.6008836524300442,0.5765900189187768,0.5942060997893428,0.634988517500659
T0,2026,5104,17,679,0.6008836524300442,0.5765900189187768,0.5942060997893428,0.634988517500659
T0,2026,5104,18,679,0.6008836524300442,0.5765900189187768,0.5942060997893428,0.634988517500659
T0,2026,5104,19,679,0.6008836524300442,0.5765900189187768,0.5942060997893428,0.634988517500659
T0,2026,5104,20,679,0.6008836524300442,0.5765900189187768,0.5942060997893428,0.634988517500659
T0,2026,5104,21,679,0.6008836524300442,0.5765900189187768,0.5942060997893428,0.634988517500659
T0,2026,5104,22,679,0.6008836524300442,0.5765900189187768,0.5942060997893428,0.634988517500659
T0,2026,5104,23,679,0.6008836524300442,0.5765900189187768,0.5942060997893428,0.634988517500659
T0,2026,5104,24,679,0.6008836524300442,0.5765900189187768,0.5942060997893428,0.634988517500659
T0,2026,5104,25,679,0.6008836524300442,0.5765900189187768,0.5942060997893428,0.634988517500659
T0,2026,5104,26,679,0.6008836524300442,0.5765900189187768,0.5942060997893428,0.634988517500659
T0,2026,5104,27,679,0.5714285714285714,0.5456434574755186,0.610681192557134,0.590478606432751
T0,2026,5104,28,679,0.5419734904270986,0.5216016114105286,0.6533934770697873,0.5038734810269594
T0,2026,5104,29,679,0.4992636229749632,0.4796627129522718,0.6890506328951803,0.41619367701929433
T0,2026,5104,30,679,0.5758468335787923,0.5532794160065677,0.6305798919149983,0.5666956936031594
T0,2026,5104,31,679,0.5434462444771723,0.5163689139039062,0.6630275537409382,0.48324197689852605
T0,2026,5104,32,679,0.49337260677466865,0.4869459768860227,0.6790971170688412,0.4617393320973274
T0,2026,5104,33,679,0.5787923416789397,0.5645845826643832,0.6226014783263031,0.5831881615901552
T0,2026,5104,34,679,0.508100147275405,0.4989731619028287,0.6626788780685728,0.5190158994241986
T0,2026,5104,35,679,0.46244477172312226,0.4577909911755158,0.6992047153446215,0.4356893419763545
T0,2026,5104,36,679,0.5773195876288659,0.5498483604405423,0.6144725983860918,0.5805391825143797
T0,2026,5104,37,679,0.5463917525773195,0.5185557940054173,0.6502782461920613,0.500726205009795
T0,2026,5104,38,679,0.5139911634756995,0.4959692658403045,0.6791243784689236,0.4391157406472346
T0,2026,5104,39,679,0.5743740795287187,0.5482297305090997,0.6315520551489098,0.5766672655834499
T0,2026,5104,40,679,0.5493372606774669,0.5242240144215631,0.6497228138576727,0.5325633317421637
T0,2026,5104,41,679,0.5066273932253313,0.5018413918622717,0.683932863603811,0.40714726059748746
T0,2026,5104,42,679,0.5699558173784978,0.5514711998899422,0.6182762628451363,0.591057081071935
T0,2026,5104,43,679,0.5331369661266568,0.5240532527150441,0.6568405210796266,0.5075429826948207
T0,2026,5104,44,679,0.4727540500736377,0.46741852687252083,0.7000544058688435,0.4271528946950134
T0,2026,5104,45,679,0.6008836524300442,0.5765900189187768,0.5942060997893428,0.634988517500659
T0,2026,5104,46,679,0.6008836524300442,0.5765900189187768,0.5942060997893428,0.634988517500659
T0,2026,5104,47,679,0.6008836524300442,0.5765900189187768,0.5942060997893428,0.634988517500659
T0,2026,5104,48,679,0.6008836524300442,0.5765900189187768,0.5942060997893428,0.634988517500659
T0,2026,5104,49,679,0.6008836524300442,0.5765900189187768,0.5942060997893428,0.634988517500659
T0,2026,5104,50,679,0.6008836524300442,0.5765900189187768,0.5942060997893428,0.634988517500659
T0,2026,5104,51,679,0.6008836524300442,0.5765900189187768,0.5942060997893428,0.634988517500659
T0,2026,5104,52,679,0.6008836524300442,0.5765900189187768,0.5942060997893428,0.634988517500659
T0,2026,5104,53,679,0.6008836524300442,0.5765900189187768,0.5942060997893428,0.634988517500659
T0,2026,5104,54,679,0.5743740795287187,0.5518285410069914,0.6154132468272028,0.5735756783146468
T0,2026,5104,55,679,0.540500736377025,0.5135937806240699,0.6462661438732681,0.5180504468561651
T0,2026,5104,56,679,0.5125184094256259,0.4894642764493796,0.6842610741223433,0.42938671230633246
T0,2026,5104,57,679,0.5846833578792342,0.5560499469140932,0.6210229890599342,0.5664781755215609
T0,2026,5104,58,679,0.5537555228276878,0.5305049116559977,0.6587285873245596,0.4797273765161728
T0,2026,5104,59,679,0.5022091310751104,0.4966740095876614,0.678510520656611,0.4449049867344601
T0,2026,5104,60,679,0.5787923416789397,0.5634911793168673,0.6344856573748834,0.5651648782301957
T0,2026,5104,61,679,0.5272459499263623,0.5196646377493956,0.6522288040884816,0.5322734431417653
T0,2026,5104,62,679,0.47128129602356406,0.46304036066834786,0.7050173328709357,0.42545171872233906
T0,2026,5105,0,679,0.5655375552282769,0.5401398953971449,0.6185823965362316,0.5781483952448307
T0,2026,5105,1,679,0.5419734904270986,0.5194733092801048,0.653893621948401,0.4987392120568351
T0,2026,5105,2,679,0.5110456553755522,0.4923525222820997,0.686225143772864,0.4235360293965801
T0,2026,5105,3,679,0.5773195876288659,0.5507914388310755,0.6265554673673478,0.5715493216294126
T0,2026,5105,4,679,0.5817378497790869,0.5605473482224108,0.6325207489140782,0.5507168373398064
T0,2026,5105,5,679,0.47569955817378495,0.47395107868648534,0.6970616151113749,0.39087078608011017
T0,2026,5105,6,679,0.5699558173784978,0.5572646956485341,0.6231721631732711,0.5670981716413196
T0,2026,5105,7,679,0.5360824742268041,0.5266143176481287,0.6622875361581263,0.48817907299474916
T0,2026,5105,8,679,0.4639175257731959,0.45524150869139524,0.6945986934938908,0.43457061658900126
T0,2026,5105,9,679,0.6008836524300442,0.5765900189187768,0.5942060997893428,0.634988517500659
T0,2026,5105,10,679,0.6008836524300442,0.5765900189187768,0.5942060997893428,0.634988517500659
T0,2026,5105,11,679,0.6008836524300442,0.5765900189187768,0.5942060997893428,0.634988517500659
T0,2026,5105,12,679,0.6008836524300442,0.5765900189187768,0.5942060997893428,0.634988517500659
T0,2026,5105,13,679,0.6008836524300442,0.5765900189187768,0.5942060997893428,0.634988517500659
T0,2026,5105,14,679,0.6008836524300442,0.5765900189187768,0.5942060997893428,0.634988517500659
T0,2026,5105,15,679,0.6008836524300442,0.5765900189187768,0.5942060997893428,0.634988517500659
T0,2026,5105,16,679,0.6008836524300442,0.5765900189187768,0.5942060997893428,0.634988517500659
T0,2026,5105,17,679,0.6008836524300442,0.5765900189187768,0.5942060997893428,0.634988517500659
T0,2026,5105,18,679,0.6008836524300442,0.5765900189187768,0.5942060997893428,0.634988517500659
T0,2026,5105,19,679,0.6008836524300442,0.5765900189187768,0.5942060997893428,0.634988517500659
T0,2026,5105,20,679,0.6008836524300442,0.5765900189187768,0.5942060997893428,0.634988517500659
T0,2026,5105,21,679,0.6008836524300442,0.5765900189187768,0.5942060997893428,0.634988517500659
T0,2026,5105,22,679,0.6008836524300442,0.5765900189187768,0.5942060997893428,0.634988517500659
T0,2026,5105,23,679,0.6008836524300442,0.5765900189187768,0.5942060997893428,0.634988517500659
T0,2026,5105,24,679,0.6008836524300442,0.5765900189187768,0.5942060997893428,0.634988517500659
T0,2026,5105,25,679,0.6008836524300442,0.5765900189187768,0.5942060997893428,0.634988517500659
T0,2026,5105,26,679,0.6008836524300442,0.5765900189187768,0.5942060997893428,0.634988517500659
T0,2026,5105,27,679,0.5670103092783505,0.5408240848237575,0.6129573145785283,0.5994207781090567
T0,2026,5105,28,679,0.5331369661266568,0.5095936659539825,0.6555731334066531,0.49568086752803847
T0,2026,5105,29,679,0.5007363770250368,0.4794332641887289,0.6896334155538121,0.4198079514498081
T0,2026,5105,30,679,0.5640648011782032,0.5389615028671866,0.6232015048105692,0.5671148328816078
T0,2026,5105,31,679,0.5537555228276878,0.5291686989151727,0.6570771268084755,0.48440039347303765
T0,2026,5105,32,679,0.5022091310751104,0.4963930447081173,0.6858527226502484,0.40665757915481776
T0,2026,5105,33,679,0.5876288659793815,0.5686320388577404,0.6147605656524119,0.5903239112067032
T0,2026,5105,34,679,0.4948453608247423,0.48832701537370177,0.6814096629268467,0.4596945642187351
T0,2026,5105,35,679,0.47128129602356406,0.4673808998540119,0.6934955899380093,0.44136916430309336
T0,2026,5105,36,679,0.5699558173784978,0.5431587983407711,0.6255191665290908,0.5747907266564443
T0,2026,5105,37,679,0.5360824742268041,0.5107783077317727,0.6533498691397668,0.5099710142582093
T0,2026,5105,38,679,0.508100147275405,0.49054156573992824,0.6857983889785185,0.4360314404158202
T0,2026,5105,39,679,0.5743740795287187,0.5476112304320191,0.6175892588316253,0.5862169744522586
T0,2026,5105,40,679,0.5758468335787923,0.5534032822168415,0.6388955284376383,0.5295327365820476
T0,2026,5105,41,679,0.48748159057437407,0.47992860656464964,0.6870839369972956,0.4274854731673722
T0,2026,5105,42,679,0.5876288659793815,0.5717428051097129,0.6193287952834622,0.587890246196387
T0,2026,5105,43,679,0.5331369661266568,0.5292674588473429,0.6576141555065259,0.505326699461574
T0,2026,5105,44,679,0.4639175257731959,0.45729427685366475,0.6991135826518153,0.42182781796688074
T0,2026,5105,45,679,0.6008836524300442,0.5765900189187768,0.5942060997893428,0.634988517500659
T0,2026,5105,46,679,0.6008836524300442,0.5765900189187768,0.5942060997893428,0.634988517500659
T0,2026,5105,47,679,0.6008836524300442,0.5765900189187768,0.5942060997893428,0.634988517500659
T0,2026,5105,48,679,0.6008836524300442,0.5765900189187768,0.5942060997893428,0.634988517500659
T0,2026,5105,49,679,0.6008836524300442,0.5765900189187768,0.5942060997893428,0.634988517500659
T0,2026,5105,50,679,0.6008836524300442,0.5765900189187768,0.5942060997893428,0.634988517500659
T0,2026,5105,51,679,0.6008836524300442,0.5765900189187768,0.5942060997893428,0.634988517500659
T0,2026,5105,52,679,0.6008836524300442,0.5765900189187768,0.5942060997893428,0.634988517500659
T0,2026,5105,53,679,0.6008836524300442,0.5765900189187768,0.5942060997893428,0.634988517500659
T0,2026,5105,54,679,0.5537555228276878,0.5239545404391481,0.6321702519642938,0.5604409477859015
T0,2026,5105,55,679,0.5272459499263623,0.5062249134776544,0.6614626017296261,0.49639023636277146
T0,2026,5105,56,679,0.5007363770250368,0.4816596413337286,0.6894600161835441,0.4271352601240462
T0,2026,5105,57,679,0.5758468335787923,0.549354761391309,0.6213687036148051,0.5758979590042745
T0,2026,5105,58,679,0.5802650957290133,0.5566453420041224,0.6385358385028473,0.5192242231048965
T0,2026,5105,59,679,0.48159057437407954,0.4724107804522585,0.6865951980687732,0.43355123650063204
T0,2026,5105,60,679,0.5699558173784978,0.5519932315717899,0.6340734572623018,0.5611076139637935
T0,2026,5105,61,679,0.5095729013254786,0.4996753246753246,0.6634999778072332,0.5157101014445021
T0,2026,5105,62,679,0.46244477172312226,0.45590126826928246,0.7001695870387536,0.430523433705588
T0,2027,5101,0,679,0.5493372606774669,0.515275789723499,0.6331136441722358,0.5689520529154428
T0,2027,5101,1,679,0.5301914580265096,0.49544842316287385,0.6674318949586338,0.5147789632827445
T0,2027,5101,2,679,0.5257731958762887,0.49353379467453473,0.7097807911077901,0.4344502153640825
T0,2027,5101,3,679,0.5655375552282769,0.5375546980837997,0.6336831235394036,0.5664396341733655
T0,2027,5101,4,679,0.5567010309278351,0.5336138391058299,0.6545407502131539,0.5235973847746014
T0,2027,5101,5,679,0.49779086892488955,0.481814585805592,0.6931029196515877,0.43485725104538675
T0,2027,5101,6,679,0.5346097201767305,0.5022120518688025,0.6279026243797282,0.5747519794479542
T0,2027,5101,7,679,0.49779086892488955,0.47901874647093634,0.6581063150086705,0.5122966884021215
T0,2027,5101,8,679,0.4742268041237113,0.44838242233002923,0.7124511397200937,0.38924206852214444
T0,2027,5101,9,679,0.5758468335787923,0.5521890337993737,0.593959885730308,0.6304369640831553
T0,2027,5101,10,679,0.5758468335787923,0.5521890337993737,0.593959885730308,0.6304369640831553
T0,2027,5101,11,679,0.5758468335787923,0.5521890337993737,0.593959885730308,0.6304369640831553
T0,2027,5101,12,679,0.5758468335787923,0.5521890337993737,0.593959885730308,0.6304369640831553
T0,2027,5101,13,679,0.5758468335787923,0.5521890337993737,0.593959885730308,0.6304369640831553
T0,2027,5101,14,679,0.5758468335787923,0.5521890337993737,0.593959885730308,0.6304369640831553
T0,2027,5101,15,679,0.5758468335787923,0.5521890337993737,0.593959885730308,0.6304369640831553
T0,2027,5101,16,679,0.5758468335787923,0.5521890337993737,0.593959885730308,0.6304369640831553
T0,2027,5101,17,679,0.5758468335787923,0.5521890337993737,0.593959885730308,0.6304369640831553
T0,2027,5101,18,679,0.5758468335787923,0.5521890337993737,0.593959885730308,0.6304369640831553
T0,2027,5101,19,679,0.5758468335787923,0.5521890337993737,0.593959885730308,0.6304369640831553
T0,2027,5101,20,679,0.5758468335787923,0.5521890337993737,0.593959885730308,0.6304369640831553
T0,2027,5101,21,679,0.5758468335787923,0.5521890337993737,0.593959885730308,0.6304369640831553
T0,2027,5101,22,679,0.5758468335787923,0.5521890337993737,0.593959885730308,0.6304369640831553
T0,2027,5101,23,679,0.5758468335787923,0.5521890337993737,0.593959885730308,0.6304369640831553
T0,2027,5101,24,679,0.5758468335787923,0.5521890337993737,0.593959885730308,0.6304369640831553
T0,2027,5101,25,679,0.5758468335787923,0.5521890337993737,0.593959885730308,0.6304369640831553
T0,2027,5101,26,679,0.5758468335787923,0.5521890337993737,0.593959885730308,0.6304369640831553
T0,2027,5101,27,679,0.540500736377025,0.5012630287272629,0.639167752813696,0.581518456752731
T0,2027,5101,28,679,0.5272459499263623,0.4920878758860936,0.6697749866389385,0.49512880691029293
T0,2027,5101,29,679,0.5110456553755522,0.47686892557565086,0.7187517891049561,0.4208728533658435
T0,2027,5101,30,679,0.561119293078056,0.5304199229694769,0.6226463839082549,0.5942480238581341
T0,2027,5101,31,679,0.5287187039764359,0.503503769894785,0.6551110422971147,0.5161548268902427
T0,2027,5101,32,679,0.4889543446244477,0.4779430533895377,0.7148603392937749,0.3917624561978226
T0,2027,5101,33,679,0.5419734904270986,0.5090328800063549,0.6238382337765771,0.5919092476077631
T0,2027,5101,34,679,0.4948453608247423,0.4734199465064276,0.6678889960665064,0.4928068289010379
T0,2027,5101,35,679,0.46097201767304863,0.4413466728884208,0.7029335728801227,0.41319331748137267
T0,2027,5101,36,679,0.5493372606774669,0.5157136855870442,0.6400969196138396,0.562942909869569
T0,2027,5101,37,679,0.5331369661266568,0.499096285748604,0.6663138901098838,0.5035451772363135
T0,2027,5101,38,679,0.5066273932253313,0.4668235666681061,0.7250182161187213,0.41654356462577874
T0,2027,5101,39,679,0.5552282768777614,0.5214921239178687,0.6346149590738743,0.5681413558611553
T0,2027,5101,40,679,0.5316642120765832,0.5022156785515565,0.6646866876308275,0.5038815011233322
T0,2027,5101,41,679,0.4948453608247423,0.4783371030124277,0.6991545283434493,0.43380198215474747
T0,2027,5101,42,679,0.5508100147275405,0.5202960970198148,0.6249396324772196,0.5951020729355962
T0,2027,5101,43,679,0.49189985272459497,0.4715887917704442,0.6581586009228879,0.5135722121629257
T0,2027,5101,44,679,0.46244477172312226,0.4386187562554045,0.7133083290177697,0.38115505567997887
T0,2027,5101,45,679,0.5758468335787923,0.5521890337993737,0.593959885730308,0.6304369640831553
T0,2027,5101,46,679,0.5758468335787923,0.5521890337993737,0.593959885730308,0.6304369640831553
T0,2027,5101,47,679,0.5758468335787923,0.5521890337993737,0.593959885730308,0.6304369640831553
T0,2027,5101,48,679,0.5758468335787923,0.5521890337993737,0.593959885730308,0.6304369640831553
T0,2027,5101,49,679,0.5758468335787923,0.5521890337993737,0.593959885730308,0.6304369640831553
T0,2027,5101,50,679,0.5758468335787923,0.5521890337993737,0.593959885730308,0.6304369640831553
T0,2027,5101,51,679,0.5758468335787923,0.5521890337993737,0.593959885730308,0.6304369640831553
T0,2027,5101,52,679,0.5758468335787923,0.5521890337993737,0.593959885730308,0.6304369640831553
T0,2027,5101,53,679,0.5758468335787923,0.5521890337993737,0.593959885730308,0.6304369640831553
T0,2027,5101,54,679,0.5802650957290133,0.5438849504480618,0.624454625620231,0.5842126801610338
T0,2027,5101,55,679,0.5257731958762887,0.49274003122069654,0.6772811479526346,0.49418002037576525
T0,2027,5101,56,679,0.5110456553755522,0.47423167848699765,0.7137125927367863,0.4295967554350126
T0,2027,5101,57,679,0.5493372606774669,0.5130279631810846,0.6323831286802559,0.5731231487508561
T0,2027,5101,58,679,0.5301914580265096,0.49309951852033607,0.6542614615674573,0.5082838260187675
T0,2027,5101,59,679,0.4963181148748159,0.48374255121270315,0.7042365194639858,0.4131923756575065
T0,2027,5101,60,679,0.5463917525773195,0.5206085484110584,0.612514670669418,0.6123145845212945
T0,2027,5101,61,679,0.5169366715758469,0.4948994309605522,0.6450964405320706,0.5172517023144646
T0,2027,5101,62,679,0.4786450662739323,0.4572198791069382,0.7013870654998016,0.39580132175451466
T0,2027,5102,0,679,0.5537555228276878,0.516270065457727,0.6341887914818412,0.5662787551351631
T0,2027,5102,1,679,0.5346097201767305,0.4972005157104032,0.6679788051016727,0.5006877482744022
T0,2027,5102,2,679,0.5184094256259205,0.481749094938106,0.713717881288374,0.43380961982991356
T0,2027,5102,3,679,0.5463917525773195,0.5156645139330802,0.6352757163269004,0.5878718530839013
T0,2027,5102,4,679,0.5375552282768777,0.508773614413118,0.661918457394496,0.5304465135610218
T0,2027,5102,5,679,0.49189985272459497,0.47739125631209267,0.6912331115865918,0.4439256688793729
T0,2027,5102,6,679,0.5625920471281296,0.5388191666712969,0.6164151334666012,0.6054240713353183
T0,2027,5102,7,679,0.5051546391752577,0.4858904379096687,0.6652304254285717,0.49941241827528277
T0,2027,5102,8,679,0.4639175257731959,0.44568440038319557,0.7121320874903444,0.38782729748725503
T0,2027,5102,9,679,0.5758468335787923,0.5521890337993737,0.593959885730308,0.6304369640831553
T0,2027,5102,10,679,0.5758468335787923,0.5521890337993737,0.593959885730308,0.6304369640831553
T0,2027,5102,11,679,0.5758468335787923,0.5521890337993737,0.593959885730308,0.6304369640831553
T0,2027,5102,12,679,0.5758468335787923,0.5521890337993737,0.593959885730308,0.6304369640831553
T0,2027,5102,13,679,0.5758468335787923,0.5521890337993737,0.593959885730308,0.6304369640831553
T0,2027,5102,14,679,0.5758468335787923,0.5521890337993737,0.593959885730308,0.6304369640831553
T0,2027,5102,15,679,0.5758468335787923,0.5521890337993737,0.593959885730308,0.6304369640831553
T0,2027,5102,16,679,0.5758468335787923,0.5521890337993737,0.593959885730308,0.6304369640831553
T0,2027,5102,17,679,0.5758468335787923,0.5521890337993737,0.593959885730308,0.6304369640831553
T0,2027,5102,18,679,0.5758468335787923,0.5521890337993737,0.593959885730308,0.6304369640831553
T0,2027,5102,19,679,0.5758468335787923,0.5521890337993737,0.593959885730308,0.6304369640831553
T0,2027,5102,20,679,0.5758468335787923,0.5521890337993737,0.593959885730308,0.6304369640831553
T0,2027,5102,21,679,0.5758468335787923,0.5521890337993737,0.593959885730308,0.6304369640831553
T0,2027,5102,22,679,0.5758468335787923,0.5521890337993737,0.593959885730308,0.6304369640831553
T0,2027,5102,23,679,0.5758468335787923,0.5521890337993737,0.593959885730308,0.6304369640831553
T0,2027,5102,24,679,0.5758468335787923,0.5521890337993737,0.593959885730308,0.6304369640831553
T0,2027,5102,25,679,0.5758468335787923,0.5521890337993737,0.593959885730308,0.6304369640831553
T0,2027,5102,26,679,0.5758468335787923,0.5521890337993737,0.593959885730308,0.6304369640831553
T0,2027,5102,27,679,0.561119293078056,0.525056532087651,0.6399791478145105,0.5688309251853807
T0,2027,5102,28,679,0.5272459499263623,0.49608393358585084,0.6668285493120354,0.5081341060199394
T0,2027,5102,29,679,0.5051546391752577,0.4711466686539969,0.7174273740955586,0.4243687810943933
T0,2027,5102,30,679,0.540500736377025,0.5052337654588982,0.6317241893688955,0.58250733579792
T0,2027,5102,31,679,0.5316642120765832,0.5023911134527573,0.6659483866154358,0.5016146221689711
T0,2027,5102,32,679,0.4963181148748159,0.4820349347175621,0.7006880459492266,0.4518709347323256
T0,2027,5102,33,679,0.5463917525773195,0.5211147259637806,0.627148900998534,0.5781774937467229
T0,2027,5102,34,679,0.5036818851251841,0.477364955742709,0.6576477529066828,0.5006880613775647
T0,2027,5102,35,679,0.4727540500736377,0.4473242148093646,0.7071192664408368,0.38480786446064064
T0,2027,5102,36,679,0.5625920471281296,0.5284447419792979,0.6204017673307737,0.5938815461112652
T0,2027,5102,37,679,0.5316642120765832,0.49096096635284736,0.6860770454111788,0.4750022309805423
T0,2027,5102,38,679,0.5169366715758469,0.48508888129823025,0.7139398522115421,0.4308429730700099
T0,2027,5102,39,679,0.5478645066273933,0.5164628284142628,0.6355169703841034,0.5543244837608168
T0,2027,5102,40,679,0.524300441826215,0.4961672015593287,0.68381243985865,0.47000969343180926
T0,2027,5102,41,679,0.5066273932253313,0.4921400026769155,0.6877937213310612,0.44923070474669036
T0,2027,5102,42,679,0.5463917525773195,0.5166266103845404,0.621270786658127,0.5906637710227646
T0,2027,5102,43,679,0.4992636229749632,0.47728824010128523,0.6526732876435998,0.5171777465453237
T0,2027,5102,44,679,0.4683357879234168,0.44876551148366406,0.7047549105840509,0.40714350533693205
T0,2027,5102,45,679,0.5758468335787923,0.5521890337993737,0.593959885730308,0.6304369640831553
T0,2027,5102,46,679,0.5758468335787923,0.5521890337993737,0.593959885730308,0.6304369640831553
T0,2027,5102,47,679,0.5758468335787923,0.5521890337993737,0.593959885730308,0.6304369640831553
T0,2027,5102,48,679,0.5758468335787923,0.5521890337993737,0.593959885730308,0.6304369640831553
T0,2027,5102,49,679,0.5758468335787923,0.5521890337993737,0.593959885730308,0.6304369640831553
T0,2027,5102,50,679,0.5758468335787923,0.5521890337993737,0.593959885730308,0.6304369640831553
T0,2027,5102,51,679,0.5758468335787923,0.5521890337993737,0.593959885730308,0.6304369640831553
T0,2027,5102,52,679,0.5758468335787923,0.5521890337993737,0.593959885730308,0.6304369640831553
T0,2027,5102,53,679,0.5758468335787923,0.5521890337993737,0.593959885730308,0.6304369640831553
T0,2027,5102,54,679,0.5552282768777614,0.5198542183554828,0.6322866689210788,0.5727561410041697
T0,2027,5102,55,679,0.5287187039764359,0.4924289275577176,0.6808618119258066,0.4861101609447213
T0,2027,5102,56,679,0.5095729013254786,0.47650481938564093,0.7151375297725815,0.4279343883015485
T0,2027,5102,57,679,0.5434462444771723,0.5110930504440825,0.6290641712773707,0.5942946016753712
T0,2027,5102,58,679,0.5419734904270986,0.5119201935748698,0.6540100041211793,0.526877446653364
T0,2027,5102,59,679,0.48159057437407954,0.4688207710428072,0.7080321379324123,0.3785434109399324
T0,2027,5102,60,679,0.5567010309278351,0.5287077093606947,0.6270950099944366,0.5692319800678551
T0,2027,5102,61,679,0.48306332842415317,0.4639230522872916,0.6694573905532947,0.4978896431555682
T0,2027,5102,62,679,0.46686303387334316,0.44568415185246213,0.6994601354463813,0.4263769807463929
T0,2027,5103,0,679,0.5670103092783505,0.5327447196591141,0.622101390923597,0.5970501651384822
T0,2027,5103,1,679,0.5419734904270986,0.5071657937078498,0.6633089020167956,0.5067834614433663
T0,2027,5103,2,679,0.508100147275405,0.474853890089627,0.7188975811663011,0.42217129421132626
T0,2027,5103,3,679,0.5478645066273933,0.5196058003590351,0.640694304664286,0.563638818536053
T0,2027,5103,4,679,0.5537555228276878,0.5285978389426665,0.6493616762059427,0.5316922040237698
T0,2027,5103,5,679,0.5022091310751104,0.48954208822629874,0.6977666220758028,0.42702867194507405
T0,2027,5103,6,679,0.5581737849779087,0.5306984122086842,0.610207368286439,0.6088095760685787
T0,2027,5103,7,679,0.5007363770250368,0.48203292218696214,0.6555251788803333,0.5188521568001158
T0,2027,5103,8,679,0.45508100147275404,0.43600877803120086,0.7115710564890385,0.3897605286770464
T0,2027,5103,9,679,0.5758468335787923,0.5521890337993737,0.593959885730308,0.6304369640831553
T0,2027,5103,10,679,0.5758468335787923,0.5521890337993737,0.593959885730308,0.6304369640831553
T0,2027,5103,11,679,0.5758468335787923,0.5521890337993737,0.593959885730308,0.6304369640831553
T0,2027,5103,12,679,0.5758468335787923,0.5521890337993737,0.593959885730308,0.6304369640831553
T0,2027,5103,13,679,0.5758468335787923,0.5521890337993737,0.593959885730308,0.6304369640831553
T0,2027,5103,14,679,0.5758468335787923,0.5521890337993737,0.593959885730308,0.6304369640831553
T0,2027,5103,15,679,0.5758468335787923,0.5521890337993737,0.593959885730308,0.6304369640831553
T0,2027,5103,16,679,0.5758468335787923,0.5521890337993737,0.593959885730308,0.6304369640831553
T0,2027,5103,17,679,0.5758468335787923,0.5521890337993737,0.593959885730308,0.6304369640831553
T0,2027,5103,18,679,0.5758468335787923,0.5521890337993737,0.593959885730308,0.6304369640831553
T0,2027,5103,19,679,0.5758468335787923,0.5521890337993737,0.593959885730308,0.6304369640831553
T0,2027,5103,20,679,0.5758468335787923,0.5521890337993737,0.593959885730308,0.6304369640831553
T0,2027,5103,21,679,0.5758468335787923,0.5521890337993737,0.593959885730308,0.6304369640831553
T0,2027,5103,22,679,0.5758468335787923,0.5521890337993737,0.593959885730308,0.6304369640831553
T0,2027,5103,23,679,0.5758468335787923,0.5521890337993737,0.593959885730308,0.6304369640831553
T0,2027,5103,24,679,0.5758468335787923,0.5521890337993737,0.593959885730308,0.6304369640831553
T0,2027,5103,25,679,0.5758468335787923,0.5521890337993737,0.593959885730308,0.6304369640831553
T0,2027,5103,26,679,0.5758468335787923,0.5521890337993737,0.593959885730308,0.6304369640831553
T0,2027,5103,27,679,0.5434462444771723,0.5059075276233134,0.6338963750448072,0.5800053404030727
T0,2027,5103,28,679,0.5346097201767305,0.5011969255921416,0.6693469184136707,0.5187426152662403
T0,2027,5103,29,679,0.5095729013254786,0.4730817140765451,0.7213616484614289,0.4230562910536727
T0,2027,5103,30,679,0.5567010309278351,0.5240299957905867,0.639483284441115,0.5693937475019452
T0,2027,5103,31,679,0.5375552282768777,0.5101966997895271,0.6476894709472277,0.5132973797706877
T0,2027,5103,32,679,0.49779086892488955,0.48057884935175,0.7026767005844917,0.4303963277359956
T0,2027,5103,33,679,0.5522827687776142,0.5238703690366504,0.6268127740131738,0.5773123966816965
T0,2027,5103,34,679,0.46686303387334316,0.4533835697399527,0.6859161501999983,0.453312358628213
T0,2027,5103,35,679,0.46097201767304863,0.44082322888048864,0.7123806462108826,0.3888439739106738
T0,2027,5103,36,679,0.5552282768777614,0.518665519393249,0.6369859141260605,0.5655026670808979
T0,2027,5103,37,679,0.5390279823269514,0.5021614259852616,0.659096316402896,0.5093058159151803
T0,2027,5103,38,679,0.5169366715758469,0.4847328507223754,0.7170975647197381,0.42636608555107836
T0,2027,5103,39,679,0.5522827687776142,0.5203513614456116,0.6313524855429715,0.580341548940416
T0,2027,5103,40,679,0.5346097201767305,0.5060568690989334,0.6542233873888389,0.5170581528534021
T0,2027,5103,41,679,0.5169366715758469,0.5044640960382554,0.666640910993444,0.4994962289870893
T0,2027,5103,42,679,0.5522827687776142,0.5235211154119329,0.6211493872051211,0.5881857846210646
T0,2027,5103,43,679,0.4963181148748159,0.47772108478203856,0.6618720999039677,0.5078174784783012
T0,2027,5103,44,679,0.45949926362297494,0.43438335836285846,0.7128531009792755,0.38967054151316016
T0,2027,5103,45,679,0.5758468335787923,0.5521890337993737,0.593959885730308,0.6304369640831553
T0,2027,5103,46,679,0.5758468335787923,0.5521890337993737,0.593959885730308,0.6304369640831553
T0,2027,5103,47,679,0.5758468335787923,0.5521890337993737,0.593959885730308,0.6304369640831553
T0,2027,5103,48,679,0.5758468335787923,0.5521890337993737,0.593959885730308,0.6304369640831553
T0,2027,5103,49,679,0.5758468335787923,0.5521890337993737,0.593959885730308,0.6304369640831553
T0,2027,5103,50,679,0.5758468335787923,0.5521890337993737,0.593959885730308,0.6304369640831553
T0,2027,5103,51,679,0.5758468335787923,0.5521890337993737,0.593959885730308,0.6304369640831553
T0,2027,5103,52,679,0.5758468335787923,0.5521890337993737,0.593959885730308,0.6304369640831553
T0,2027,5103,53,679,0.5758468335787923,0.5521890337993737,0.593959885730308,0.6304369640831553
T0,2027,5103,54,679,0.5463917525773195,0.5176094828175173,0.6265685800600123,0.5901229881009563
T0,2027,5103,55,679,0.5316642120765832,0.5018233728843482,0.6716335198577269,0.5025989264713597
T0,2027,5103,56,679,0.5125184094256259,0.4800764606741703,0.7165867531334704,0.42528061759055996
T0,2027,5103,57,679,0.5272459499263623,0.49585055658567845,0.6292522654310417,0.5843270777725024
T0,2027,5103,58,679,0.5360824742268041,0.5120237769328213,0.6672651297433387,0.4859306187303816
T0,2027,5103,59,679,0.49337260677466865,0.4829150811462528,0.6952174681846452,0.4230043493279337
T0,2027,5103,60,679,0.540500736377025,0.5078194340093248,0.6302287902721425,0.5740471923836005
T0,2027,5103,61,679,0.4948453608247423,0.4733124948317209,0.6646858308250317,0.4916087968942521
T0,2027,5103,62,679,0.47569955817378495,0.45068999418397765,0.7016536076614889,0.4134188101093192
T0,2027,5104,0,679,0.5346097201767305,0.5031806505490716,0.6500387409035341,0.5689133361795665
T0,2027,5104,1,679,0.5360824742268041,0.5068304576779153,0.670957919906973,0.5016799995101946
T0,2027,5104,2,679,0.5110456553755522,0.4722202023433827,0.7121018742338723,0.4329698376410421
T0,2027,5104,3,679,0.5390279823269514,0.5023716212069403,0.6447948548772725,0.5475806731698671
T0,2027,5104,4,679,0.5316642120765832,0.4980067156136071,0.6617440648475698,0.52154692396185
T0,2027,5104,5,679,0.4963181148748159,0.47626909113316374,0.7074671605154762,0.42688616461613976
T0,2027,5104,6,679,0.5390279823269514,0.5094320762615132,0.6324628931257615,0.5798483193908993
T0,2027,5104,7,679,0.4992636229749632,0.4822966075020869,0.6608400585593461,0.4850008498363089
T0,2027,5104,8,679,0.4742268041237113,0.44520515550004225,0.7043906918593815,0.4076043585482501
T0,2027,5104,9,679,0.5758468335787923,0.5521890337993737,0.593959885730308,0.6304369640831553
T0,2027,5104,10,679,0.5758468335787923,0.5521890337993737,0.593959885730308,0.6304369640831553
T0,2027,5104,11,679,0.5758468335787923,0.5521890337993737,0.593959885730308,0.6304369640831553
T0,2027,5104,12,679,0.5758468335787923,0.5521890337993737,0.593959885730308,0.6304369640831553
T0,2027,5104,13,679,0.5758468335787923,0.5521890337993737,0.593959885730308,0.6304369640831553
T0,2027,5104,14,679,0.5758468335787923,0.5521890337993737,0.593959885730308,0.6304369640831553
T0,2027,5104,15,679,0.5758468335787923,0.5521890337993737,0.593959885730308,0.6304369640831553
T0,2027,5104,16,679,0.5758468335787923,0.5521890337993737,0.593959885730308,0.6304369640831553
T0,2027,5104,17,679,0.5758468335787923,0.5521890337993737,0.593959885730308,0.6304369640831553
T0,2027,5104,18,679,0.5758468335787923,0.5521890337993737,0.593959885730308,0.6304369640831553
T0,2027,5104,19,679,0.5758468335787923,0.5521890337993737,0.593959885730308,0.6304369640831553
T0,2027,5104,20,679,0.5758468335787923,0.5521890337993737,0.593959885730308,0.6304369640831553
T0,2027,5104,21,679,0.5758468335787923,0.5521890337993737,0.593959885730308,0.6304369640831553
T0,2027,5104,22,679,0.5758468335787923,0.5521890337993737,0.593959885730308,0.6304369640831553
T0,2027,5104,23,679,0.5758468335787923,0.5521890337993737,0.593959885730308,0.6304369640831553
T0,2027,5104,24,679,0.5758468335787923,0.5521890337993737,0.593959885730308,0.6304369640831553
T0,2027,5104,25,679,0.5758468335787923,0.5521890337993737,0.593959885730308,0.6304369640831553
T0,2027,5104,26,679,0.5758468335787923,0.5521890337993737,0.593959885730308,0.6304369640831553
T0,2027,5104,27,679,0.5596465390279823,0.5229101109748805,0.623122971784735,0.5911603505689875
T0,2027,5104,28,679,0.5331369661266568,0.49704920382573936,0.6745540640139966,0.5006172158066577
T0,2027,5104,29,679,0.508100147275405,0.47244394689125324,0.720818748288899,0.4164106095134658
T0,2027,5104,30,679,0.5228276877761414,0.4872710045123838,0.6542576716030469,0.5474963862343448
T0,2027,5104,31,679,0.524300441826215,0.4946026309113416,0.6764749905453866,0.4735343393317423
T0,2027,5104,32,679,0.5007363770250368,0.49034059541246555,0.6839847770987273,0.4868209030863499
T0,2027,5104,33,679,0.540500736377025,0.5137068657057846,0.6306697913007989,0.586531234199986
T0,2027,5104,34,679,0.48748159057437407,0.46968319423612137,0.6685577281839893,0.4964005323526087
T0,2027,5104,35,679,0.4742268041237113,0.4534489316870286,0.6965367320008763,0.4163864790270477
T0,2027,5104,36,679,0.5508100147275405,0.5157764438724013,0.6329923325680492,0.5768043496474999
T0,2027,5104,37,679,0.5449189985272459,0.5083173952377955,0.6722517219839812,0.49756772276361566
T0,2027,5104,38,679,0.5198821796759941,0.4860332241810146,0.7075459257931351,0.43943629999319356
T0,2027,5104,39,679,0.5390279823269514,0.5093585755074156,0.6474274161637971,0.5591562430839737
T0,2027,5104,40,679,0.5301914580265096,0.4999565766138687,0.6602787860231653,0.5299379877861633
T0,2027,5104,41,679,0.4992636229749632,0.484306894634836,0.6920572762900143,0.42251596055943286
T0,2027,5104,42,679,0.5581737849779087,0.5295758868457056,0.61369537543478,0.6061793426536786
T0,2027,5104,43,679,0.5213549337260678,0.5038666983027986,0.6564812376897711,0.5041622442088053
T0,2027,5104,44,679,0.46686303387334316,0.4402467519206469,0.7132101605628481,0.37481873397094917
T0,2027,5104,45,679,0.5758468335787923,0.5521890337993737,0.593959885730308,0.6304369640831553
T0,2027,5104,46,679,0.5758468335787923,0.5521890337993737,0.593959885730308,0.6304369640831553
T0,2027,5104,47,679,0.5758468335787923,0.5521890337993737,0.593959885730308,0.6304369640831553
T0,2027,5104,48,679,0.5758468335787923,0.5521890337993737,0.593959885730308,0.6304369640831553
T0,2027,5104,49,679,0.5758468335787923,0.5521890337993737,0.593959885730308,0.6304369640831553
T0,2027,5104,50,679,0.5758468335787923,0.5521890337993737,0.593959885730308,0.6304369640831553
T0,2027,5104,51,679,0.5758468335787923,0.5521890337993737,0.593959885730308,0.6304369640831553
T0,2027,5104,52,679,0.5758468335787923,0.5521890337993737,0.593959885730308,0.6304369640831553
T0,2027,5104,53,679,0.5758468335787923,0.5521890337993737,0.593959885730308,0.6304369640831553
T0,2027,5104,54,679,0.5493372606774669,0.5176846999233679,0.6318853982506164,0.571003646045641
T0,2027,5104,55,679,0.5316642120765832,0.4924925951241741,0.665029942155411,0.5206397959273299
T0,2027,5104,56,679,0.5184094256259205,0.47719676806375066,0.716430103655943,0.4221328067145086
T0,2027,5104,57,679,0.5463917525773195,0.5091618789576151,0.6375871934051541,0.5605788573409323
T0,2027,5104,58,679,0.5493372606774669,0.5200327119415373,0.6610993395102744,0.5006577632921099
T0,2027,5104,59,679,0.5022091310751104,0.4862417090709752,0.6940196714362621,0.44451919277274177
T0,2027,5104,60,679,0.540500736377025,0.5090342963724259,0.6331507955542018,0.5827939198131554
T0,2027,5104,61,679,0.5022091310751104,0.4797983093856205,0.6585303107180547,0.5153033350516422
T0,2027,5104,62,679,0.45949926362297494,0.4336664109013224,0.7200028656025874,0.39365071534422413
T0,2027,5105,0,679,0.5478645066273933,0.5119255471019507,0.634164688689017,0.5722579587842941
T0,2027,5105,1,679,0.5434462444771723,0.5077012412821186,0.6708400130096346,0.48920466114733335
T0,2027,5105,2,679,0.5198821796759941,0.4861254133355783,0.7156829721622158,0.4260564400931219
T0,2027,5105,3,679,0.5478645066273933,0.5171537984042647,0.6337970667278644,0.5781185715774496
T0,2027,5105,4,679,0.5301914580265096,0.5011929409444937,0.6523247277130961,0.5347414225012601
T0,2027,5105,5,679,0.4727540500736377,0.4631251676723108,0.709936766916768,0.4048883519437103
T0,2027,5105,6,679,0.5508100147275405,0.5257001225360199,0.6260155598044571,0.5742088530537954
T0,2027,5105,7,679,0.524300441826215,0.5026072424143695,0.6580586811535839,0.49648833866173225
T0,2027,5105,8,679,0.4727540500736377,0.45043527999158606,0.7018606930488339,0.39932471662245683
T0,2027,5105,9,679,0.5758468335787923,0.5521890337993737,0.593959885730308,0.6304369640831553
T0,2027,5105,10,679,0.5758468335787923,0.5521890337993737,0.593959885730308,0.6304369640831553
T0,2027,5105,11,679,0.5758468335787923,0.5521890337993737,0.593959885730308,0.6304369640831553
T0,2027,5105,12,679,0.5758468335787923,0.5521890337993737,0.593959885730308,0.6304369640831553
T0,2027,5105,13,679,0.5758468335787923,0.5521890337993737,0.593959885730308,0.6304369640831553
T0,2027,5105,14,679,0.5758468335787923,0.5521890337993737,0.593959885730308,0.6304369640831553
T0,2027,5105,15,679,0.5758468335787923,0.5521890337993737,0.593959885730308,0.6304369640831553
T0,2027,5105,16,679,0.5758468335787923,0.5521890337993737,0.593959885730308,0.6304369640831553
T0,2027,5105,17,679,0.5758468335787923,0.5521890337993737,0.593959885730308,0.6304369640831553
T0,2027,5105,18,679,0.5758468335787923,0.5521890337993737,0.593959885730308,0.6304369640831553
T0,2027,5105,19,679,0.5758468335787923,0.5521890337993737,0.593959885730308,0.6304369640831553
T0,2027,5105,20,679,0.5758468335787923,0.5521890337993737,0.593959885730308,0.6304369640831553
T0,2027,5105,21,679,0.5758468335787923,0.5521890337993737,0.593959885730308,0.6304369640831553
T0,2027,5105,22,679,0.5758468335787923,0.5521890337993737,0.593959885730308,0.6304369640831553
T0,2027,5105,23,679,0.5758468335787923,0.5521890337993737,0.593959885730308,0.6304369640831553
T0,2027,5105,24,679,0.5758468335787923,0.5521890337993737,0.593959885730308,0.6304369640831553
T0,2027,5105,25,679,0.5758468335787923,0.5521890337993737,0.593959885730308,0.6304369640831553
T0,2027,5105,26,679,0.5758468335787923,0.5521890337993737,0.593959885730308,0.6304369640831553
T0,2027,5105,27,679,0.5581737849779087,0.5297024353758106,0.6307961294243718,0.5800067519320682
T0,2027,5105,28,679,0.5184094256259205,0.4835747781291554,0.6754829896742887,0.49099052126015624
T0,2027,5105,29,679,0.5051546391752577,0.4682391806317413,0.7195796669846255,0.41798947902640843
T0,2027,5105,30,679,0.5463917525773195,0.5107610907610907,0.6334816898618426,0.565109137433141
T0,2027,5105,31,679,0.5346097201767305,0.5045177160221272,0.6701206831763524,0.48932328920170776
T0,2027,5105,32,679,0.49779086892488955,0.4858791452377173,0.7020247414466735,0.42356444499225915
T0,2027,5105,33,679,0.561119293078056,0.532381099150545,0.6209062081987974,0.5859160383158807
T0,2027,5105,34,679,0.4948453608247423,0.47261185351483737,0.671737991547725,0.48576754088363716
T0,2027,5105,35,679,0.47128129602356406,0.4464550091856365,0.704020099431847,0.3997512450511143
T0,2027,5105,36,679,0.5552282768777614,0.5153867453807911,0.6355058969120565,0.5715607107230614
T0,2027,5105,37,679,0.5213549337260678,0.4847027336251647,0.6777780005085626,0.5048272977247396
T0,2027,5105,38,679,0.5125184094256259,0.4789422444128989,0.717593379154121,0.4316171818700817
T0,2027,5105,39,679,0.5375552282768777,0.5061123785459951,0.6383704575154497,0.5771283762680912
T0,2027,5105,40,679,0.5419734904270986,0.5156874901444011,0.6523868480864611,0.5232577437884504
T0,2027,5105,41,679,0.49042709867452133,0.47345290564525466,0.6965457091933673,0.4440285629545474
T0,2027,5105,42,679,0.5552282768777614,0.5294265741980112,0.6194527604135743,0.6024062071886181
T0,2027,5105,43,679,0.49779086892488955,0.4783980241283935,0.6620788839981728,0.4930316418250344
T0,2027,5105,44,679,0.46686303387334316,0.4460271491204554,0.7084922692210404,0.3909525624588185
T0,2027,5105,45,679,0.5758468335787923,0.5521890337993737,0.593959885730308,0.6304369640831553
T0,2027,5105,46,679,0.5758468335787923,0.5521890337993737,0.593959885730308,0.6304369640831553
T0,2027,5105,47,679,0.5758468335787923,0.5521890337993737,0.593959885730308,0.6304369640831553
T0,2027,5105,48,679,0.5758468335787923,0.5521890337993737,0.593959885730308,0.6304369640831553
T0,2027,5105,49,679,0.5758468335787923,0.5521890337993737,0.593959885730308,0.6304369640831553
T0,2027,5105,50,679,0.5758468335787923,0.5521890337993737,0.593959885730308,0.6304369640831553
T0,2027,5105,51,679,0.5758468335787923,0.5521890337993737,0.593959885730308,0.6304369640831553
T0,2027,5105,52,679,0.5758468335787923,0.5521890337993737,0.593959885730308,0.6304369640831553
T0,2027,5105,53,679,0.5758468335787923,0.5521890337993737,0.593959885730308,0.6304369640831553
T0,2027,5105,54,679,0.5390279823269514,0.5020057039677117,0.6421542831741833,0.5637565794413159
T0,2027,5105,55,679,0.5346097201767305,0.5035854587874613,0.677443831237321,0.497718259500695
T0,2027,5105,56,679,0.5110456553755522,0.4758103350904753,0.7163484943852333,0.43084137754518403
T0,2027,5105,57,679,0.5360824742268041,0.5047608743579903,0.635957125053139,0.578463678228063
T0,2027,5105,58,679,0.5493372606774669,0.5215999098448711,0.6495112049693739,0.5297386179180326
T0,2027,5105,59,679,0.49189985272459497,0.47726751966350245,0.7023999046024061,0.44370372212842596
T0,2027,5105,60,679,0.540500736377025,0.5102422184439154,0.6375777177589456,0.5692539564322963
T0,2027,5105,61,679,0.49779086892488955,0.4780994580498973,0.6624343908544141,0.4984094208637033
T0,2027,5105,62,679,0.4536082474226804,0.43510080906921883,0.7124892829619732,0.39321902136951753
T0,2028,5101,0,679,0.561119293078056,0.5216407159653207,0.6288591558346868,0.5898271487752629
T0,2028,5101,1,679,0.5493372606774669,0.5135165535811174,0.6579117593252606,0.5279267776858534
T0,2028,5101,2,679,0.5154639175257731,0.46979406254742706,0.7156691806656974,0.43052745196975123
T0,2028,5101,3,679,0.5861561119293078,0.5489529518197911,0.6263760765013182,0.592690260249898
T0,2028,5101,4,679,0.5670103092783505,0.5308641363157144,0.6549611668786877,0.5381554046268422
T0,2028,5101,5,679,0.5228276877761414,0.4903073269441556,0.6789966352909408,0.4539493369475626
T0,2028,5101,6,679,0.5508100147275405,0.5182682682682683,0.6291394736261186,0.5971511078853129
T0,2028,5101,7,679,0.5316642120765832,0.4985966358515378,0.648332928786046,0.5546462279084504
T0,2028,5101,8,679,0.5022091310751104,0.45439467246221826,0.7035889184220374,0.4435321151747592
T0,2028,5101,9,679,0.6038291605301914,0.5750347245655696,0.5917277272477943,0.6456435158454236
T0,2028,5101,10,679,0.6038291605301914,0.5750347245655696,0.5917277272477943,0.6456435158454236
T0,2028,5101,11,679,0.6038291605301914,0.5750347245655696,0.5917277272477943,0.6456435158454236
T0,2028,5101,12,679,0.6038291605301914,0.5750347245655696,0.5917277272477943,0.6456435158454236
T0,2028,5101,13,679,0.6038291605301914,0.5750347245655696,0.5917277272477943,0.6456435158454236
T0,2028,5101,14,679,0.6038291605301914,0.5750347245655696,0.5917277272477943,0.6456435158454236
T0,2028,5101,15,679,0.6038291605301914,0.5750347245655696,0.5917277272477943,0.6456435158454236
T0,2028,5101,16,679,0.6038291605301914,0.5750347245655696,0.5917277272477943,0.6456435158454236
T0,2028,5101,17,679,0.6038291605301914,0.5750347245655696,0.5917277272477943,0.6456435158454236
T0,2028,5101,18,679,0.6038291605301914,0.5750347245655696,0.5917277272477943,0.6456435158454236
T0,2028,5101,19,679,0.6038291605301914,0.5750347245655696,0.5917277272477943,0.6456435158454236
T0,2028,5101,20,679,0.6038291605301914,0.5750347245655696,0.5917277272477943,0.6456435158454236
T0,2028,5101,21,679,0.6038291605301914,0.5750347245655696,0.5917277272477943,0.6456435158454236
T0,2028,5101,22,679,0.6038291605301914,0.5750347245655696,0.5917277272477943,0.6456435158454236
T0,2028,5101,23,679,0.6038291605301914,0.5750347245655696,0.5917277272477943,0.6456435158454236
T0,2028,5101,24,679,0.6038291605301914,0.5750347245655696,0.5917277272477943,0.6456435158454236
T0,2028,5101,25,679,0.6038291605301914,0.5750347245655696,0.5917277272477943,0.6456435158454236
T0,2028,5101,26,679,0.6038291605301914,0.5750347245655696,0.5917277272477943,0.6456435158454236
T0,2028,5101,27,679,0.5758468335787923,0.5349788074943859,0.6268285102538753,0.6099087749921718
T0,2028,5101,28,679,0.5213549337260678,0.4838349639993337,0.6709908366378874,0.5044999749276796
T0,2028,5101,29,679,0.5198821796759941,0.47629849900455457,0.7103608996773328,0.4349565222082855
T0,2028,5101,30,679,0.5787923416789397,0.5396044483212079,0.6209782868492059,0.6119976930537837
T0,2028,5101,31,679,0.5463917525773195,0.5053601993989294,0.652696279608624,0.5329811853132712
T0,2028,5101,32,679,0.5007363770250368,0.4688056273327591,0.7037986023612156,0.398935542968336
T0,2028,5101,33,679,0.5655375552282769,0.5321295060418898,0.6122701414291567,0.6252905571317027
T0,2028,5101,34,679,0.5066273932253313,0.47469458317309654,0.6696453388116497,0.5191460037739147
T0,2028,5101,35,679,0.49779086892488955,0.4507268609301185,0.696149389439198,0.4643389412019101
T0,2028,5101,36,679,0.5596465390279823,0.5142100721200905,0.6312141071714252,0.591255901675883
T0,2028,5101,37,679,0.5390279823269514,0.5039013213791095,0.6710220116666561,0.5056570255052635
T0,2028,5101,38,679,0.5169366715758469,0.4680949343147751,0.7244954775903643,0.41272593088715176
T0,2028,5101,39,679,0.5655375552282769,0.5174323331048906,0.6326349053712937,0.5951088525420415
T0,2028,5101,40,679,0.5493372606774669,0.5104156835366392,0.6592812996374139,0.5252310247438339
T0,2028,5101,41,679,0.5169366715758469,0.48609737494356686,0.6809489884371259,0.45857362055330536
T0,2028,5101,42,679,0.5552282768777614,0.5220191109264645,0.6209173645379793,0.6208789801382066
T0,2028,5101,43,679,0.5051546391752577,0.4665850886359054,0.6640550626087961,0.5359916185652845
T0,2028,5101,44,679,0.5066273932253313,0.46340050026408364,0.7034866481975532,0.43809053925789027
T0,2028,5101,45,679,0.6038291605301914,0.5750347245655696,0.5917277272477943,0.6456435158454236
T0,2028,5101,46,679,0.6038291605301914,0.5750347245655696,0.5917277272477943,0.6456435158454236
T0,2028,5101,47,679,0.6038291605301914,0.5750347245655696,0.5917277272477943,0.6456435158454236
T0,2028,5101,48,679,0.6038291605301914,0.5750347245655696,0.5917277272477943,0.6456435158454236
T0,2028,5101,49,679,0.6038291605301914,0.5750347245655696,0.5917277272477943,0.6456435158454236
T0,2028,5101,50,679,0.6038291605301914,0.5750347245655696,0.5917277272477943,0.6456435158454236
T0,2028,5101,51,679,0.6038291605301914,0.5750347245655696,0.5917277272477943,0.6456435158454236
T0,2028,5101,52,679,0.6038291605301914,0.5750347245655696,0.5917277272477943,0.6456435158454236
T0,2028,5101,53,679,0.6038291605301914,0.5750347245655696,0.5917277272477943,0.6456435158454236
T0,2028,5101,54,679,0.5581737849779087,0.5128196955943797,0.6333241996866965,0.5968043191674287
T0,2028,5101,55,679,0.5198821796759941,0.47966847966847964,0.6809085961294103,0.501848392620096
T0,2028,5101,56,679,0.5198821796759941,0.4694214177577024,0.7133809777089176,0.4336003020471655
T0,2028,5101,57,679,0.5581737849779087,0.51486706994032,0.6363596153364617,0.5820099046553756
T0,2028,5101,58,679,0.540500736377025,0.49466356407775625,0.6531132270907092,0.5249919887689652
T0,2028,5101,59,679,0.5095729013254786,0.4787426190828121,0.6944552423632724,0.4085523801904265
T0,2028,5101,60,679,0.5655375552282769,0.5300471727449392,0.6196656032672512,0.6249948985672857
T0,2028,5101,61,679,0.524300441826215,0.4873689505180415,0.6496587034879974,0.5420353804896461
T0,2028,5101,62,679,0.48748159057437407,0.44300950058146554,0.7004993282071972,0.44709600859761367
T0,2028,5102,0,679,0.5552282768777614,0.5133816425120773,0.6388778542559347,0.585291785244504
T0,2028,5102,1,679,0.540500736377025,0.49716860707344657,0.6717847253858429,0.49641777661706266
T0,2028,5102,2,679,0.5184094256259205,0.4733439087041278,0.718507807059913,0.4328479291267286
T0,2028,5102,3,679,0.5537555228276878,0.5108258030692823,0.6329706638656414,0.6000434729122346
T0,2028,5102,4,679,0.5449189985272459,0.5045364382680562,0.6622394046832606,0.5451151552279767
T0,2028,5102,5,679,0.508100147275405,0.47651747582515014,0.6834968385973805,0.45191399711352115
T0,2028,5102,6,679,0.5552282768777614,0.5222493542665833,0.6165988354426596,0.6274027790410357
T0,2028,5102,7,679,0.5125184094256259,0.4756260995221422,0.6591280463956768,0.5344567303706582
T0,2028,5102,8,679,0.4963181148748159,0.4548743442656348,0.6989588232296732,0.46655933196681715
T0,2028,5102,9,679,0.6038291605301914,0.5750347245655696,0.5917277272477943,0.6456435158454236
T0,2028,5102,10,679,0.6038291605301914,0.5750347245655696,0.5917277272477943,0.6456435158454236
T0,2028,5102,11,679,0.6038291605301914,0.5750347245655696,0.5917277272477943,0.6456435158454236
T0,2028,5102,12,679,0.6038291605301914,0.5750347245655696,0.5917277272477943,0.6456435158454236
T0,2028,5102,13,679,0.6038291605301914,0.5750347245655696,0.5917277272477943,0.6456435158454236
T0,2028,5102,14,679,0.6038291605301914,0.5750347245655696,0.5917277272477943,0.6456435158454236
T0,2028,5102,15,679,0.6038291605301914,0.5750347245655696,0.5917277272477943,0.6456435158454236
T0,2028,5102,16,679,0.6038291605301914,0.5750347245655696,0.5917277272477943,0.6456435158454236
T0,2028,5102,17,679,0.6038291605301914,0.5750347245655696,0.5917277272477943,0.6456435158454236
T0,2028,5102,18,679,0.6038291605301914,0.5750347245655696,0.5917277272477943,0.6456435158454236
T0,2028,5102,19,679,0.6038291605301914,0.5750347245655696,0.5917277272477943,0.6456435158454236
T0,2028,5102,20,679,0.6038291605301914,0.5750347245655696,0.5917277272477943,0.6456435158454236
T0,2028,5102,21,679,0.6038291605301914,0.5750347245655696,0.5917277272477943,0.6456435158454236
T0,2028,5102,22,679,0.6038291605301914,0.5750347245655696,0.5917277272477943,0.6456435158454236
T0,2028,5102,23,679,0.6038291605301914,0.5750347245655696,0.5917277272477943,0.6456435158454236
T0,2028,5102,24,679,0.6038291605301914,0.5750347245655696,0.5917277272477943,0.6456435158454236
T0,2028,5102,25,679,0.6038291605301914,0.5750347245655696,0.5917277272477943,0.6456435158454236
T0,2028,5102,26,679,0.6038291605301914,0.5750347245655696,0.5917277272477943,0.6456435158454236
T0,2028,5102,27,679,0.5655375552282769,0.5227053140096618,0.6342011369731886,0.5961869139008233
T0,2028,5102,28,679,0.540500736377025,0.5018575182459428,0.6671937836199692,0.5098450580394549
T0,2028,5102,29,679,0.5051546391752577,0.45637454914878767,0.718850390242196,0.4313180680528965
T0,2028,5102,30,679,0.5684830633284241,0.5280554681469648,0.6271583458109703,0.6134838341642003
T0,2028,5102,31,679,0.5478645066273933,0.5002673796791444,0.661952118503152,0.5310195181800547
T0,2028,5102,32,679,0.5257731958762887,0.4916700906675432,0.6821387375270144,0.4606325402567366
T0,2028,5102,33,679,0.5596465390279823,0.5306598131025241,0.6331069084523528,0.6059804805482494
T0,2028,5102,34,679,0.5375552282768777,0.5054258654153172,0.6487356925353035,0.546897774148612
T0,2028,5102,35,679,0.5051546391752577,0.46034541747763663,0.6939127246173036,0.4564275190962228
T0,2028,5102,36,679,0.5714285714285714,0.5326064991072449,0.6175057909098921,0.617067224355745
T0,2028,5102,37,679,0.540500736377025,0.49643446417917314,0.672619779743748,0.5033901472632941
T0,2028,5102,38,679,0.5139911634756995,0.4677683012924948,0.7157001138962421,0.4340879417575116
T0,2028,5102,39,679,0.5670103092783505,0.5275586522756284,0.6317944915989888,0.5830399830486578
T0,2028,5102,40,679,0.5419734904270986,0.5019991534336329,0.6755098898912916,0.49964593692445686
T0,2028,5102,41,679,0.5139911634756995,0.4892762173765266,0.6833372095020952,0.453102039425413
T0,2028,5102,42,679,0.5655375552282769,0.5311574758317412,0.6114097665529012,0.6282960141957222
T0,2028,5102,43,679,0.5228276877761414,0.48444135302993585,0.6524197054980254,0.5435619009318985
T0,2028,5102,44,679,0.5066273932253313,0.46505258204046096,0.6963746645138085,0.4633192530805203
T0,2028,5102,45,679,0.6038291605301914,0.5750347245655696,0.5917277272477943,0.6456435158454236
T0,2028,5102,46,679,0.6038291605301914,0.5750347245655696,0.5917277272477943,0.6456435158454236
T0,2028,5102,47,679,0.6038291605301914,0.5750347245655696,0.5917277272477943,0.6456435158454236
T0,2028,5102,48,679,0.6038291605301914,0.5750347245655696,0.5917277272477943,0.6456435158454236
T0,2028,5102,49,679,0.6038291605301914,0.5750347245655696,0.5917277272477943,0.6456435158454236
T0,2028,5102,50,679,0.6038291605301914,0.5750347245655696,0.5917277272477943,0.6456435158454236
T0,2028,5102,51,679,0.6038291605301914,0.5750347245655696,0.5917277272477943,0.6456435158454236
T0,2028,5102,52,679,0.6038291605301914,0.5750347245655696,0.5917277272477943,0.6456435158454236
T0,2028,5102,53,679,0.6038291605301914,0.5750347245655696,0.5917277272477943,0.6456435158454236
T0,2028,5102,54,679,0.5552282768777614,0.5124870599882045,0.6377442717903317,0.5859152971094344
T0,2028,5102,55,679,0.5272459499263623,0.4846784357581567,0.6775940906404571,0.49526134697900276
T0,2028,5102,56,679,0.508100147275405,0.46408152179245393,0.7196864772791013,0.42583535539414347
T0,2028,5102,57,679,0.5640648011782032,0.5264471539646616,0.6219325741980669,0.6106178819828458
T0,2028,5102,58,679,0.5508100147275405,0.5084637089081202,0.647558504641495,0.5593791470507202
T0,2028,5102,59,679,0.49779086892488955,0.46417403099097315,0.6940386096270692,0.3874466199029503
T0,2028,5102,60,679,0.5596465390279823,0.5225420503239221,0.6281612272729579,0.5909516455912135
T0,2028,5102,61,679,0.5346097201767305,0.499482459284603,0.6635510787170309,0.5329827129135057
T0,2028,5102,62,679,0.4963181148748159,0.4527252685415505,0.6945845884585065,0.47352783392510184
T0,2028,5103,0,679,0.561119293078056,0.5203245859506989,0.6286970427443599,0.6123224956848139
T0,2028,5103,1,679,0.5449189985272459,0.5042222007803954,0.666411639444958,0.5096681311360531
T0,2028,5103,2,679,0.5184094256259205,0.47399637456780896,0.7196325052732572,0.4193393530199975
T0,2028,5103,3,679,0.5714285714285714,0.5401317039604485,0.6325039475585645,0.591024337018321
T0,2028,5103,4,679,0.5670103092783505,0.5293418267556198,0.6498711889991002,0.5559252585664205
T0,2028,5103,5,679,0.508100147275405,0.47809889253875293,0.6903166123316109,0.4357506331634185
T0,2028,5103,6,679,0.5846833578792342,0.5537292916859003,0.6059844830952618,0.6230564959298439
T0,2028,5103,7,679,0.5154639175257731,0.48727084400030607,0.6600552820579995,0.5477710009462459
T0,2028,5103,8,679,0.4786450662739323,0.43740744652598756,0.7055562106955561,0.44758417277121004
T0,2028,5103,9,679,0.6038291605301914,0.5750347245655696,0.5917277272477943,0.6456435158454236
T0,2028,5103,10,679,0.6038291605301914,0.5750347245655696,0.5917277272477943,0.6456435158454236
T0,2028,5103,11,679,0.6038291605301914,0.5750347245655696,0.5917277272477943,0.6456435158454236
T0,2028,5103,12,679,0.6038291605301914,0.5750347245655696,0.5917277272477943,0.6456435158454236
T0,2028,5103,13,679,0.6038291605301914,0.5750347245655696,0.5917277272477943,0.6456435158454236
T0,2028,5103,14,679,0.6038291605301914,0.5750347245655696,0.5917277272477943,0.6456435158454236
T0,2028,5103,15,679,0.6038291605301914,0.5750347245655696,0.5917277272477943,0.6456435158454236
T0,2028,5103,16,679,0.6038291605301914,0.5750347245655696,0.5917277272477943,0.6456435158454236
T0,2028,5103,17,679,0.6038291605301914,0.5750347245655696,0.5917277272477943,0.6456435158454236
T0,2028,5103,18,679,0.6038291605301914,0.5750347245655696,0.5917277272477943,0.6456435158454236
T0,2028,5103,19,679,0.6038291605301914,0.5750347245655696,0.5917277272477943,0.6456435158454236
T0,2028,5103,20,679,0.6038291605301914,0.5750347245655696,0.5917277272477943,0.6456435158454236
T0,2028,5103,21,679,0.6038291605301914,0.5750347245655696,0.5917277272477943,0.6456435158454236
T0,2028,5103,22,679,0.6038291605301914,0.5750347245655696,0.5917277272477943,0.6456435158454236
T0,2028,5103,23,679,0.6038291605301914,0.5750347245655696,0.5917277272477943,0.6456435158454236
T0,2028,5103,24,679,0.6038291605301914,0.5750347245655696,0.5917277272477943,0.6456435158454236
T0,2028,5103,25,679,0.6038291605301914,0.5750347245655696,0.5917277272477943,0.6456435158454236
T0,2028,5103,26,679,0.6038291605301914,0.5750347245655696,0.5917277272477943,0.6456435158454236
T0,2028,5103,27,679,0.5390279823269514,0.49204959764901257,0.6393315709567737,0.5990128937079752
T0,2028,5103,28,679,0.5331369661266568,0.495584606420884,0.6741195941269836,0.520643581703124
T0,2028,5103,29,679,0.5125184094256259,0.4654778385667251,0.7188949492788806,0.4310327555761918
T0,2028,5103,30,679,0.5699558173784978,0.5269285942638379,0.6341925772107226,0.5996684555481786
T0,2028,5103,31,679,0.5508100147275405,0.5078774920061097,0.6416937709732505,0.5425569371809273
T0,2028,5103,32,679,0.5095729013254786,0.474330074364561,0.6920555258534619,0.4406444964063703
T0,2028,5103,33,679,0.5699558173784978,0.5382614776354947,0.6248583662404579,0.6086405042249885
T0,2028,5103,34,679,0.5066273932253313,0.472881265453603,0.6739747664714246,0.5095053488907548
T0,2028,5103,35,679,0.49779086892488955,0.4536879883945566,0.7030417158738854,0.4457654879776903
T0,2028,5103,36,679,0.5493372606774669,0.5033971692677728,0.6389456828932699,0.5847576967846699
T0,2028,5103,37,679,0.5508100147275405,0.5120174253059803,0.6601472150682525,0.5182445511930258
T0,2028,5103,38,679,0.5154639175257731,0.46975180758878676,0.7225929631663703,0.4195369428711877
T0,2028,5103,39,679,0.5758468335787923,0.5382661572324953,0.6249774862986075,0.607264506098172
T0,2028,5103,40,679,0.5449189985272459,0.5098361434646921,0.6544745779967975,0.5348259736246095
T0,2028,5103,41,679,0.5198821796759941,0.4894135961074376,0.668780647514495,0.49765897780831775
T0,2028,5103,42,679,0.5817378497790869,0.5473103847078954,0.6113743086363325,0.6179998747515943
T0,2028,5103,43,679,0.5184094256259205,0.48052163897295563,0.6581827009724939,0.5439792550259316
T0,2028,5103,44,679,0.4845360824742268,0.43724673067328157,0.7075543721180426,0.4527347402613312
T0,2028,5103,45,679,0.6038291605301914,0.5750347245655696,0.5917277272477943,0.6456435158454236
T0,2028,5103,46,679,0.6038291605301914,0.5750347245655696,0.5917277272477943,0.6456435158454236
T0,2028,5103,47,679,0.6038291605301914,0.5750347245655696,0.5917277272477943,0.6456435158454236
T0,2028,5103,48,679,0.6038291605301914,0.5750347245655696,0.5917277272477943,0.6456435158454236
T0,2028,5103,49,679,0.6038291605301914,0.5750347245655696,0.5917277272477943,0.6456435158454236
T0,2028,5103,50,679,0.6038291605301914,0.5750347245655696,0.5917277272477943,0.6456435158454236
T0,2028,5103,51,679,0.6038291605301914,0.5750347245655696,0.5917277272477943,0.6456435158454236
T0,2028,5103,52,679,0.6038291605301914,0.5750347245655696,0.5917277272477943,0.6456435158454236
T0,2028,5103,53,679,0.6038291605301914,0.5750347245655696,0.5917277272477943,0.6456435158454236
T0,2028,5103,54,679,0.5625920471281296,0.5227716156627535,0.6318478278365859,0.6021347675611727
T0,2028,5103,55,679,0.5360824742268041,0.4998028140368832,0.6635763332225788,0.5212615174476374
T0,2028,5103,56,679,0.5095729013254786,0.4602101295233453,0.7171794726500982,0.43188990092032076
T0,2028,5103,57,679,0.5508100147275405,0.5104599349043311,0.6273645570773264,0.6058341738183314
T0,2028,5103,58,679,0.5508100147275405,0.519420722329581,0.6621923880303204,0.5060576865488031
T0,2028,5103,59,679,0.49337260677466865,0.46032497826973906,0.7013682848355556,0.4173034763842702
T0,2028,5103,60,679,0.561119293078056,0.5265440305137946,0.629703961214015,0.5976630140086575
T0,2028,5103,61,679,0.5036818851251841,0.468828234593087,0.6661180511490059,0.519207956995142
T0,2028,5103,62,679,0.4963181148748159,0.4484516710731377,0.6962920681893036,0.468688259047224
T0,2028,5104,0,679,0.5508100147275405,0.5109622074896338,0.644969071309591,0.5822383264660631
T0,2028,5104,1,679,0.5375552282768777,0.504235646248797,0.6717255171251226,0.5098205207622079
T0,2028,5104,2,679,0.5066273932253313,0.4566819042152662,0.7133192024543464,0.43334722492816763
T0,2028,5104,3,679,0.5508100147275405,0.5057912785869277,0.6422982724144813,0.5815209849422779
T0,2028,5104,4,679,0.5508100147275405,0.502753578217037,0.6549734366133216,0.5515146628963051
T0,2028,5104,5,679,0.5066273932253313,0.475071332311369,0.6961159865661293,0.44050799117899464
T0,2028,5104,6,679,0.5434462444771723,0.504028547116564,0.6423938889303333,0.5878795404894256
T0,2028,5104,7,679,0.5154639175257731,0.4817818252419136,0.6584585657527064,0.5177640763528996
T0,2028,5104,8,679,0.5022091310751104,0.4490587081626414,0.696128204421021,0.4580168559202788
T0,2028,5104,9,679,0.6038291605301914,0.5750347245655696,0.5917277272477943,0.6456435158454236
T0,2028,5104,10,679,0.6038291605301914,0.5750347245655696,0.5917277272477943,0.6456435158454236
T0,2028,5104,11,679,0.6038291605301914,0.5750347245655696,0.5917277272477943,0.6456435158454236
T0,2028,5104,12,679,0.6038291605301914,0.5750347245655696,0.5917277272477943,0.6456435158454236
T0,2028,5104,13,679,0.6038291605301914,0.5750347245655696,0.5917277272477943,0.6456435158454236
T0,2028,5104,14,679,0.6038291605301914,0.5750347245655696,0.5917277272477943,0.6456435158454236
T0,2028,5104,15,679,0.6038291605301914,0.5750347245655696,0.5917277272477943,0.6456435158454236
T0,2028,5104,16,679,0.6038291605301914,0.5750347245655696,0.5917277272477943,0.6456435158454236
T0,2028,5104,17,679,0.6038291605301914,0.5750347245655696,0.5917277272477943,0.6456435158454236
T0,2028,5104,18,679,0.6038291605301914,0.5750347245655696,0.5917277272477943,0.6456435158454236
T0,2028,5104,19,679,0.6038291605301914,0.5750347245655696,0.5917277272477943,0.6456435158454236
T0,2028,5104,20,679,0.6038291605301914,0.5750347245655696,0.5917277272477943,0.6456435158454236
T0,2028,5104,21,679,0.6038291605301914,0.5750347245655696,0.5917277272477943,0.6456435158454236
T0,2028,5104,22,679,0.6038291605301914,0.5750347245655696,0.5917277272477943,0.6456435158454236
T0,2028,5104,23,679,0.6038291605301914,0.5750347245655696,0.5917277272477943,0.6456435158454236
T0,2028,5104,24,679,0.6038291605301914,0.5750347245655696,0.5917277272477943,0.6456435158454236
T0,2028,5104,25,679,0.6038291605301914,0.5750347245655696,0.5917277272477943,0.6456435158454236
T0,2028,5104,26,679,0.6038291605301914,0.5750347245655696,0.5917277272477943,0.6456435158454236
T0,2028,5104,27,679,0.5670103092783505,0.522661207806047,0.6227147372903108,0.6064310828183749
T0,2028,5104,28,679,0.5346097201767305,0.49779849779849783,0.6782854457930367,0.49863296135323915
T0,2028,5104,29,679,0.5139911634756995,0.46354483822514514,0.7148659913107994,0.4298242865987705
T0,2028,5104,30,679,0.5537555228276878,0.5107230495071116,0.6390220148047221,0.5977511920617402
T0,2028,5104,31,679,0.540500736377025,0.4941333935817145,0.6724269611758231,0.5134463280029514
T0,2028,5104,32,679,0.524300441826215,0.4979718192988335,0.6678601260213333,0.49694376281473845
T0,2028,5104,33,679,0.5522827687776142,0.5154552649338168,0.6284197114616501,0.613759091744739
T0,2028,5104,34,679,0.5198821796759941,0.48933362529964963,0.6616706686623844,0.5391233867403602
T0,2028,5104,35,679,0.5095729013254786,0.4652398308886859,0.6924369073361817,0.46008021217004613
T0,2028,5104,36,679,0.5567010309278351,0.5163384652106457,0.6316856302990302,0.5962581112392117
T0,2028,5104,37,679,0.5331369661266568,0.4902696577408391,0.6724397564671704,0.5087396273403656
T0,2028,5104,38,679,0.5154639175257731,0.46984230732897697,0.7128665259818441,0.4376779718833339
T0,2028,5104,39,679,0.5581737849779087,0.5196955104151031,0.6451822793624187,0.5966110332063546
T0,2028,5104,40,679,0.5331369661266568,0.48919078802862204,0.66359707620955,0.5458035228881704
T0,2028,5104,41,679,0.5228276877761414,0.49029003282566674,0.6833005946497152,0.42734754000750436
T0,2028,5104,42,679,0.5758468335787923,0.5394067711121975,0.6096079705038899,0.6359691831169793
T0,2028,5104,43,679,0.5346097201767305,0.5016211737278623,0.6516430685639557,0.5350305950890649
T0,2028,5104,44,679,0.5036818851251841,0.4561818125464915,0.6968781031196353,0.4539381255131876
T0,2028,5104,45,679,0.6038291605301914,0.5750347245655696,0.5917277272477943,0.6456435158454236
T0,2028,5104,46,679,0.6038291605301914,0.5750347245655696,0.5917277272477943,0.6456435158454236
T0,2028,5104,47,679,0.6038291605301914,0.5750347245655696,0.5917277272477943,0.6456435158454236
T0,2028,5104,48,679,0.6038291605301914,0.5750347245655696,0.5917277272477943,0.6456435158454236
T0,2028,5104,49,679,0.6038291605301914,0.5750347245655696,0.5917277272477943,0.6456435158454236
T0,2028,5104,50,679,0.6038291605301914,0.5750347245655696,0.5917277272477943,0.6456435158454236
T0,2028,5104,51,679,0.6038291605301914,0.5750347245655696,0.5917277272477943,0.6456435158454236
T0,2028,5104,52,679,0.6038291605301914,0.5750347245655696,0.5917277272477943,0.6456435158454236
T0,2028,5104,53,679,0.6038291605301914,0.5750347245655696,0.5917277272477943,0.6456435158454236
T0,2028,5104,54,679,0.5596465390279823,0.5171602753958646,0.6288885393005759,0.5913756490199433
T0,2028,5104,55,679,0.540500736377025,0.5002645813570183,0.6636371550661826,0.5267902679912104
T0,2028,5104,56,679,0.5139911634756995,0.46266898486897046,0.7181936625352839,0.42819221054130296
T0,2028,5104,57,679,0.5802650957290133,0.5407256843880998,0.6226492024222952,0.5958298881920051
T0,2028,5104,58,679,0.5508100147275405,0.5121453662946119,0.6624991990768506,0.5172871062591711
T0,2028,5104,59,679,0.5169366715758469,0.4882415940079421,0.6795591896781163,0.46964681179285217
T0,2028,5104,60,679,0.5596465390279823,0.5208784565281325,0.6379020274212153,0.5982120723893645
T0,2028,5104,61,679,0.5287187039764359,0.4936984526106215,0.6482689640044463,0.5537227504940563
T0,2028,5104,62,679,0.4992636229749632,0.4539373539912027,0.7045040903105476,0.46242825281690875
T0,2028,5105,0,679,0.5522827687776142,0.5089311253120777,0.6338779175755552,0.5928345136131251
T0,2028,5105,1,679,0.5493372606774669,0.5099808042530976,0.6707341593302051,0.49839226814570853
T0,2028,5105,2,679,0.5169366715758469,0.4723954706287443,0.7189008353033894,0.4231150710416846
T0,2028,5105,3,679,0.5567010309278351,0.5205736412738042,0.6321401287512154,0.5951475370996033
T0,2028,5105,4,679,0.5493372606774669,0.5104867295909825,0.6518387090914028,0.5502442284580771
T0,2028,5105,5,679,0.5051546391752577,0.48129586637230315,0.6947244613133755,0.418071201623693
T0,2028,5105,6,679,0.5684830633284241,0.5391663882392249,0.6180961925607718,0.6103161505863922
T0,2028,5105,7,679,0.5449189985272459,0.508197258836645,0.655166825902304,0.5306049248119808
T0,2028,5105,8,679,0.5139911634756995,0.46870429475453296,0.6885085907574079,0.4755673678006359
T0,2028,5105,9,679,0.6038291605301914,0.5750347245655696,0.5917277272477943,0.6456435158454236
T0,2028,5105,10,679,0.6038291605301914,0.5750347245655696,0.5917277272477943,0.6456435158454236
T0,2028,5105,11,679,0.6038291605301914,0.5750347245655696,0.5917277272477943,0.6456435158454236
T0,2028,5105,12,679,0.6038291605301914,0.5750347245655696,0.5917277272477943,0.6456435158454236
T0,2028,5105,13,679,0.6038291605301914,0.5750347245655696,0.5917277272477943,0.6456435158454236
T0,2028,5105,14,679,0.6038291605301914,0.5750347245655696,0.5917277272477943,0.6456435158454236
T0,2028,5105,15,679,0.6038291605301914,0.5750347245655696,0.5917277272477943,0.6456435158454236
T0,2028,5105,16,679,0.6038291605301914,0.5750347245655696,0.5917277272477943,0.6456435158454236
T0,2028,5105,17,679,0.6038291605301914,0.5750347245655696,0.5917277272477943,0.6456435158454236
T0,2028,5105,18,679,0.6038291605301914,0.5750347245655696,0.5917277272477943,0.6456435158454236
T0,2028,5105,19,679,0.6038291605301914,0.5750347245655696,0.5917277272477943,0.6456435158454236
T0,2028,5105,20,679,0.6038291605301914,0.5750347245655696,0.5917277272477943,0.6456435158454236
T0,2028,5105,21,679,0.6038291605301914,0.5750347245655696,0.5917277272477943,0.6456435158454236
T0,2028,5105,22,679,0.6038291605301914,0.5750347245655696,0.5917277272477943,0.6456435158454236
T0,2028,5105,23,679,0.6038291605301914,0.5750347245655696,0.5917277272477943,0.6456435158454236
T0,2028,5105,24,679,0.6038291605301914,0.5750347245655696,0.5917277272477943,0.6456435158454236
T0,2028,5105,25,679,0.6038291605301914,0.5750347245655696,0.5917277272477943,0.6456435158454236
T0,2028,5105,26,679,0.6038291605301914,0.5750347245655696,0.5917277272477943,0.6456435158454236
T0,2028,5105,27,679,0.5684830633284241,0.5309671310394011,0.6260355150488937,0.6113594744615793
T0,2028,5105,28,679,0.5213549337260678,0.47927279620663144,0.677725162395497,0.49730261194878805
T0,2028,5105,29,679,0.5154639175257731,0.46713370998116766,0.7171904315653536,0.42735639663256786
T0,2028,5105,30,679,0.5625920471281296,0.5201271281815808,0.6289584840783665,0.5862402309302787
T0,2028,5105,31,679,0.5625920471281296,0.525452103254058,0.6610734056741745,0.5204053276715471
T0,2028,5105,32,679,0.524300441826215,0.4933544038965427,0.6879154461736356,0.4335828573894661
T0,2028,5105,33,679,0.5846833578792342,0.551013792245316,0.6174706483097947,0.6211543548585944
T0,2028,5105,34,679,0.5139911634756995,0.47580605977920315,0.6739409219182819,0.5044743040001594
T0,2028,5105,35,679,0.49779086892488955,0.455407990415655,0.6941387833305943,0.45522988368838146
T0,2028,5105,36,679,0.5655375552282769,0.5215048310780501,0.6342929840439022,0.59265072990659
T0,2028,5105,37,679,0.5213549337260678,0.47828878641415395,0.6758869097668222,0.5138432738760983
T0,2028,5105,38,679,0.5125184094256259,0.46722068818237417,0.7170226566921454,0.4440096286176493
T0,2028,5105,39,679,0.5655375552282769,0.5277687454854069,0.6290083238758992,0.5998854327406726
T0,2028,5105,40,679,0.5522827687776142,0.5087082213928106,0.6588920040580064,0.5325032422554425
T0,2028,5105,41,679,0.5036818851251841,0.4683551776106172,0.6904869017263926,0.4441242343889416
T0,2028,5105,42,679,0.5787923416789397,0.5455529047869352,0.6119353246267485,0.6296387976488854
T0,2028,5105,43,679,0.5066273932253313,0.47588685414316706,0.6655607422119739,0.5260877824098952
T0,2028,5105,44,679,0.5036818851251841,0.456999018103878,0.6968808504855686,0.4487493207305726
T0,2028,5105,45,679,0.6038291605301914,0.5750347245655696,0.5917277272477943,0.6456435158454236
T0,2028,5105,46,679,0.6038291605301914,0.5750347245655696,0.5917277272477943,0.6456435158454236
T0,2028,5105,47,679,0.6038291605301914,0.5750347245655696,0.5917277272477943,0.6456435158454236
T0,2028,5105,48,679,0.6038291605301914,0.5750347245655696,0.5917277272477943,0.6456435158454236
T0,2028,5105,49,679,0.6038291605301914,0.5750347245655696,0.5917277272477943,0.6456435158454236
T0,2028,5105,50,679,0.6038291605301914,0.5750347245655696,0.5917277272477943,0.6456435158454236
T0,2028,5105,51,679,0.6038291605301914,0.5750347245655696,0.5917277272477943,0.6456435158454236
T0,2028,5105,52,679,0.6038291605301914,0.5750347245655696,0.5917277272477943,0.6456435158454236
T0,2028,5105,53,679,0.6038291605301914,0.5750347245655696,0.5917277272477943,0.6456435158454236
T0,2028,5105,54,679,0.5537555228276878,0.5085952824574945,0.6442209263613368,0.5824561785228843
T0,2028,5105,55,679,0.5331369661266568,0.500849124448719,0.6800927405241487,0.4973233459714105
T0,2028,5105,56,679,0.5110456553755522,0.4650285060916134,0.7183296271820658,0.4326778202582878
T0,2028,5105,57,679,0.5581737849779087,0.5171676319476634,0.6352048568504373,0.588782008815712
T0,2028,5105,58,679,0.5537555228276878,0.5161693341806828,0.6498931169246539,0.5456368134474873
T0,2028,5105,59,679,0.5257731958762887,0.4948714804903941,0.6852280998791792,0.45691558132023646
T0,2028,5105,60,679,0.5625920471281296,0.5261361323896716,0.6279823476769612,0.6128411825922996
T0,2028,5105,61,679,0.5110456553755522,0.47672211576812906,0.660150455313684,0.5419319745922109
T0,2028,5105,62,679,0.49779086892488955,0.450694116873925,0.6985560370957553,0.45497904900902225
T0,2029,5101,0,679,0.572901325478645,0.5465283887378277,0.6316067927540314,0.5727412829846784
T0,2029,5101,1,679,0.5508100147275405,0.5257263939150012,0.6612519904510262,0.5061509568259297
T0,2029,5101,2,679,0.5287187039764359,0.5044405091881738,0.7099476955688403,0.42503527938614566
T0,2029,5101,3,679,0.5773195876288659,0.5526230078814549,0.6303174510620129,0.5773653934694125
T0,2029,5101,4,679,0.5787923416789397,0.5559020289935875,0.6567027129902229,0.515647192849939
T0,2029,5101,5,679,0.5007363770250368,0.47789494330912885,0.7050807739831562,0.41905115829782047
T0,2029,5101,6,679,0.561119293078056,0.5352870969968276,0.6309454941214097,0.5747530837696323
T0,2029,5101,7,679,0.5228276877761414,0.500875997416294,0.6615578647653555,0.524630015135907
T0,2029,5101,8,679,0.4889543446244477,0.4542111914351312,0.7098565291015319,0.42176969589351826
T0,2029,5101,9,679,0.593519882179676,0.5765448956959757,0.5932933725471524,0.6390096184279049
T0,2029,5101,10,679,0.593519882179676,0.5765448956959757,0.5932933725471524,0.6390096184279049
T0,2029,5101,11,679,0.593519882179676,0.5765448956959757,0.5932933725471524,0.6390096184279049
T0,2029,5101,12,679,0.593519882179676,0.5765448956959757,0.5932933725471524,0.6390096184279049
T0,2029,5101,13,679,0.593519882179676,0.5765448956959757,0.5932933725471524,0.6390096184279049
T0,2029,5101,14,679,0.593519882179676,0.5765448956959757,0.5932933725471524,0.6390096184279049
T0,2029,5101,15,679,0.593519882179676,0.5765448956959757,0.5932933725471524,0.6390096184279049
T0,2029,5101,16,679,0.593519882179676,0.5765448956959757,0.5932933725471524,0.6390096184279049
T0,2029,5101,17,679,0.593519882179676,0.5765448956959757,0.5932933725471524,0.6390096184279049
T0,2029,5101,18,679,0.593519882179676,0.5765448956959757,0.5932933725471524,0.6390096184279049
T0,2029,5101,19,679,0.593519882179676,0.5765448956959757,0.5932933725471524,0.6390096184279049
T0,2029,5101,20,679,0.593519882179676,0.5765448956959757,0.5932933725471524,0.6390096184279049
T0,2029,5101,21,679,0.593519882179676,0.5765448956959757,0.5932933725471524,0.6390096184279049
T0,2029,5101,22,679,0.593519882179676,0.5765448956959757,0.5932933725471524,0.6390096184279049
T0,2029,5101,23,679,0.593519882179676,0.5765448956959757,0.5932933725471524,0.6390096184279049
T0,2029,5101,24,679,0.593519882179676,0.5765448956959757,0.5932933725471524,0.6390096184279049
T0,2029,5101,25,679,0.593519882179676,0.5765448956959757,0.5932933725471524,0.6390096184279049
T0,2029,5101,26,679,0.593519882179676,0.5765448956959757,0.5932933725471524,0.6390096184279049
T0,2029,5101,27,679,0.5817378497790869,0.5531209664366729,0.6270810910370284,0.5934425723852819
T0,2029,5101,28,679,0.5257731958762887,0.49635874754356896,0.6791002070078618,0.4903679405209815
T0,2029,5101,29,679,0.5213549337260678,0.4934168598896256,0.7177183661878723,0.415982645315785
T0,2029,5101,30,679,0.5743740795287187,0.5444032684911703,0.6231002918882117,0.5983665336707793
T0,2029,5101,31,679,0.5655375552282769,0.5353113707814122,0.6549661074804803,0.5115962783574999
T0,2029,5101,32,679,0.49042709867452133,0.46915382595956867,0.7174390940673221,0.3772992929482216
T0,2029,5101,33,679,0.5743740795287187,0.5513011580014807,0.6190968766830456,0.6017849530071979
T0,2029,5101,34,679,0.5036818851251841,0.48216638173018944,0.67834479485766,0.4863556221026765
T0,2029,5101,35,679,0.47569955817378495,0.44453135852461656,0.712707345172302,0.4195482894855269
T0,2029,5101,36,679,0.5787923416789397,0.5483570207144675,0.628020394664801,0.5762569867780031
T0,2029,5101,37,679,0.5360824742268041,0.5122210763298414,0.6748018040046074,0.49528569756590574
T0,2029,5101,38,679,0.5257731958762887,0.49797080000766647,0.7216504777566323,0.41616660165781005
T0,2029,5101,39,679,0.5714285714285714,0.5384569173160653,0.6314822412994368,0.5733640068212523
T0,2029,5101,40,679,0.540500736377025,0.5117601972589184,0.6723750984194704,0.4983804766788529
T0,2029,5101,41,679,0.49189985272459497,0.4708049508011496,0.6989366216187274,0.4200612397993046
T0,2029,5101,42,679,0.5743740795287187,0.5517974072435486,0.6203660439584673,0.6009169324196101
T0,2029,5101,43,679,0.5095729013254786,0.4870177529282401,0.6731397193336698,0.4990879487357156
T0,2029,5101,44,679,0.48600883652430044,0.4524075342242925,0.7173075280063107,0.4023253361758319
T0,2029,5101,45,679,0.593519882179676,0.5765448956959757,0.5932933725471524,0.6390096184279049
T0,2029,5101,46,679,0.593519882179676,0.5765448956959757,0.5932933725471524,0.6390096184279049
T0,2029,5101,47,679,0.593519882179676,0.5765448956959757,0.5932933725471524,0.6390096184279049
T0,2029,5101,48,679,0.593519882179676,0.5765448956959757,0.5932933725471524,0.6390096184279049
T0,2029,5101,49,679,0.593519882179676,0.5765448956959757,0.5932933725471524,0.6390096184279049
T0,2029,5101,50,679,0.593519882179676,0.5765448956959757,0.5932933725471524,0.6390096184279049
T0,2029,5101,51,679,0.593519882179676,0.5765448956959757,0.5932933725471524,0.6390096184279049
T0,2029,5101,52,679,0.593519882179676,0.5765448956959757,0.5932933725471524,0.6390096184279049
T0,2029,5101,53,679,0.593519882179676,0.5765448956959757,0.5932933725471524,0.6390096184279049
T0,2029,5101,54,679,0.5846833578792342,0.5526025023733849,0.6238415792518582,0.5875946338681055
T0,2029,5101,55,679,0.5316642120765832,0.50309128606557,0.681387032298522,0.4895206349224909
T0,2029,5101,56,679,0.5346097201767305,0.5076169896393198,0.7116067799710736,0.42455120569048554
T0,2029,5101,57,679,0.5758468335787923,0.54955256515995,0.6318234500635707,0.5666343181303699
T0,2029,5101,58,679,0.5581737849779087,0.527786279526709,0.6516975352269033,0.5115676413706727
T0,2029,5101,59,679,0.5051546391752577,0.486259852718055,0.7054764093592522,0.3844570404132138
T0,2029,5101,60,679,0.5640648011782032,0.5443797263159627,0.6244959332191541,0.6060867122961989
T0,2029,5101,61,679,0.5228276877761414,0.5028465070225347,0.6540324791980597,0.5142954479217289
T0,2029,5101,62,679,0.4727540500736377,0.4409533475660412,0.7086770562386477,0.42196948312353316
T0,2029,5102,0,679,0.5758468335787923,0.5439043640194245,0.630562941701493,0.5805051414759526
T0,2029,5102,1,679,0.5434462444771723,0.5116787492499068,0.6739853845253608,0.48939893113415117
T0,2029,5102,2,679,0.5287187039764359,0.5020832044799655,0.7153977222400492,0.42587802220979376
T0,2029,5102,3,679,0.5625920471281296,0.5350606650867747,0.6329453176707688,0.586696006714946
T0,2029,5102,4,679,0.5478645066273933,0.520973348484479,0.6609430594235352,0.5240490286750388
T0,2029,5102,5,679,0.4963181148748159,0.475043060770982,0.7014775252921592,0.4088994439648461
T0,2029,5102,6,679,0.572901325478645,0.5503900741597427,0.6156687247779479,0.6159897625041297
T0,2029,5102,7,679,0.5198821796759941,0.49506419325515505,0.668958783851983,0.48163143626513993
T0,2029,5102,8,679,0.47569955817378495,0.4435445306531097,0.7120426850220591,0.4236672602094351
T0,2029,5102,9,679,0.593519882179676,0.5765448956959757,0.5932933725471524,0.6390096184279049
T0,2029,5102,10,679,0.593519882179676,0.5765448956959757,0.5932933725471524,0.6390096184279049
T0,2029,5102,11,679,0.593519882179676,0.5765448956959757,0.5932933725471524,0.6390096184279049
T0,2029,5102,12,679,0.593519882179676,0.5765448956959757,0.5932933725471524,0.6390096184279049
T0,2029,5102,13,679,0.593519882179676,0.5765448956959757,0.5932933725471524,0.6390096184279049
T0,2029,5102,14,679,0.593519882179676,0.5765448956959757,0.5932933725471524,0.6390096184279049
T0,2029,5102,15,679,0.593519882179676,0.5765448956959757,0.5932933725471524,0.6390096184279049
T0,2029,5102,16,679,0.593519882179676,0.5765448956959757,0.5932933725471524,0.6390096184279049
T0,2029,5102,17,679,0.593519882179676,0.5765448956959757,0.5932933725471524,0.6390096184279049
T0,2029,5102,18,679,0.593519882179676,0.5765448956959757,0.5932933725471524,0.6390096184279049
T0,2029,5102,19,679,0.593519882179676,0.5765448956959757,0.5932933725471524,0.6390096184279049
T0,2029,5102,20,679,0.593519882179676,0.5765448956959757,0.5932933725471524,0.6390096184279049
T0,2029,5102,21,679,0.593519882179676,0.5765448956959757,0.5932933725471524,0.6390096184279049
T0,2029,5102,22,679,0.593519882179676,0.5765448956959757,0.5932933725471524,0.6390096184279049
T0,2029,5102,23,679,0.593519882179676,0.5765448956959757,0.5932933725471524,0.6390096184279049
T0,2029,5102,24,679,0.593519882179676,0.5765448956959757,0.5932933725471524,0.6390096184279049
T0,2029,5102,25,679,0.593519882179676,0.5765448956959757,0.5932933725471524,0.6390096184279049
T0,2029,5102,26,679,0.593519882179676,0.5765448956959757,0.5932933725471524,0.6390096184279049
T0,2029,5102,27,679,0.5670103092783505,0.5363190365851737,0.6390066409321702,0.5786500979502963
T0,2029,5102,28,679,0.5463917525773195,0.5207489744283139,0.6671551375571688,0.5030259959204143
T0,2029,5102,29,679,0.5169366715758469,0.4905838913615889,0.7174754249856469,0.4202322664057871
T0,2029,5102,30,679,0.5743740795287187,0.5469679195688673,0.6265868179401347,0.5882144959317539
T0,2029,5102,31,679,0.5552282768777614,0.5299568238548202,0.6622481963244734,0.498426101466017
T0,2029,5102,32,679,0.5022091310751104,0.4810530517559105,0.7019049101488579,0.42982567737917515
T0,2029,5102,33,679,0.572901325478645,0.5507541018223181,0.627445397434951,0.5959560882928764
T0,2029,5102,34,679,0.5198821796759941,0.49552284097566046,0.6623392526241395,0.5088909561208349
T0,2029,5102,35,679,0.5007363770250368,0.4679851409872601,0.7008165535633624,0.4270981288279788
T0,2029,5102,36,679,0.5684830633284241,0.5380437728800288,0.6190721131477159,0.6017466671450532
T0,2029,5102,37,679,0.5537555228276878,0.5228515953151337,0.6749514766662917,0.48765243434577005
T0,2029,5102,38,679,0.5110456553755522,0.4858964563902328,0.7175198688071677,0.422281320371618
T0,2029,5102,39,679,0.5787923416789397,0.5506147745809752,0.6286146576696011,0.5635026284607155
T0,2029,5102,40,679,0.5390279823269514,0.5066612757676454,0.6805041559885457,0.4762173744278659
T0,2029,5102,41,679,0.5184094256259205,0.4993305870554655,0.695801980716666,0.42389790364455365
T0,2029,5102,42,679,0.5832106038291606,0.5613619301222328,0.6122960289377878,0.6058513524757683
T0,2029,5102,43,679,0.5228276877761414,0.4954825812100002,0.6672871936227858,0.5011272529889698
T0,2029,5102,44,679,0.4845360824742268,0.4543532813250595,0.7099212540179184,0.4262640063586884
T0,2029,5102,45,679,0.593519882179676,0.5765448956959757,0.5932933725471524,0.6390096184279049
T0,2029,5102,46,679,0.593519882179676,0.5765448956959757,0.5932933725471524,0.6390096184279049
T0,2029,5102,47,679,0.593519882179676,0.5765448956959757,0.5932933725471524,0.6390096184279049
T0,2029,5102,48,679,0.593519882179676,0.5765448956959757,0.5932933725471524,0.6390096184279049
T0,2029,5102,49,679,0.593519882179676,0.5765448956959757,0.5932933725471524,0.6390096184279049
T0,2029,5102,50,679,0.593519882179676,0.5765448956959757,0.5932933725471524,0.6390096184279049
T0,2029,5102,51,679,0.593519882179676,0.5765448956959757,0.5932933725471524,0.6390096184279049
T0,2029,5102,52,679,0.593519882179676,0.5765448956959757,0.5932933725471524,0.6390096184279049
T0,2029,5102,53,679,0.593519882179676,0.5765448956959757,0.5932933725471524,0.6390096184279049
T0,2029,5102,54,679,0.5714285714285714,0.5437654384220979,0.6318167653894916,0.5779523437358308
T0,2029,5102,55,679,0.5257731958762887,0.4981755002063277,0.6896576389385077,0.4667337799007481
T0,2029,5102,56,679,0.5228276877761414,0.4954942733882397,0.7178258726891783,0.4237877483870249
T0,2029,5102,57,679,0.5758468335787923,0.5476637615959111,0.6214629253249105,0.5974709302678126
T0,2029,5102,58,679,0.5596465390279823,0.5319634910970797,0.6499244121283249,0.5410333070585982
T0,2029,5102,59,679,0.5036818851251841,0.48528781727295733,0.6999884269506135,0.3716964623329407
T0,2029,5102,60,679,0.5684830633284241,0.5422961307440727,0.6313747972557225,0.5737815284391148
T0,2029,5102,61,679,0.5139911634756995,0.49035573148476375,0.6776651905983994,0.4989800508459276
T0,2029,5102,62,679,0.49189985272459497,0.45773973089457765,0.7027963805444462,0.43928715896577314
T0,2029,5103,0,679,0.5802650957290133,0.5515143992929221,0.6238975706613117,0.5978161877501019
T0,2029,5103,1,679,0.5463917525773195,0.5110787028069895,0.6703988405847058,0.49673018180512735
T0,2029,5103,2,679,0.524300441826215,0.4963073022063841,0.7204658719155504,0.40970248354770955
T0,2029,5103,3,679,0.5832106038291606,0.5625685634758824,0.6355249554313862,0.5636207223380353
T0,2029,5103,4,679,0.5743740795287187,0.548458779144259,0.6505471433297524,0.532578277753535
T0,2029,5103,5,679,0.5022091310751104,0.4816754674356697,0.706216540686863,0.4078256922417402
T0,2029,5103,6,679,0.5876288659793815,0.5657805889484092,0.6095295437393554,0.6052980051629914
T0,2029,5103,7,679,0.5184094256259205,0.5012702144650146,0.6683103192449494,0.5123836012769675
T0,2029,5103,8,679,0.4742268041237113,0.44005210111828624,0.7162820395735121,0.41589707478218313
T0,2029,5103,9,679,0.593519882179676,0.5765448956959757,0.5932933725471524,0.6390096184279049
T0,2029,5103,10,679,0.593519882179676,0.5765448956959757,0.5932933725471524,0.6390096184279049
T0,2029,5103,11,679,0.593519882179676,0.5765448956959757,0.5932933725471524,0.6390096184279049
T0,2029,5103,12,679,0.593519882179676,0.5765448956959757,0.5932933725471524,0.6390096184279049
T0,2029,5103,13,679,0.593519882179676,0.5765448956959757,0.5932933725471524,0.6390096184279049
T0,2029,5103,14,679,0.593519882179676,0.5765448956959757,0.5932933725471524,0.6390096184279049
T0,2029,5103,15,679,0.593519882179676,0.5765448956959757,0.5932933725471524,0.6390096184279049
T0,2029,5103,16,679,0.593519882179676,0.5765448956959757,0.5932933725471524,0.6390096184279049
T0,2029,5103,17,679,0.593519882179676,0.5765448956959757,0.5932933725471524,0.6390096184279049
T0,2029,5103,18,679,0.593519882179676,0.5765448956959757,0.5932933725471524,0.6390096184279049
T0,2029,5103,19,679,0.593519882179676,0.5765448956959757,0.5932933725471524,0.6390096184279049
T0,2029,5103,20,679,0.593519882179676,0.5765448956959757,0.5932933725471524,0.6390096184279049
T0,2029,5103,21,679,0.593519882179676,0.5765448956959757,0.5932933725471524,0.6390096184279049
T0,2029,5103,22,679,0.593519882179676,0.5765448956959757,0.5932933725471524,0.6390096184279049
T0,2029,5103,23,679,0.593519882179676,0.5765448956959757,0.5932933725471524,0.6390096184279049
T0,2029,5103,24,679,0.593519882179676,0.5765448956959757,0.5932933725471524,0.6390096184279049
T0,2029,5103,25,679,0.593519882179676,0.5765448956959757,0.5932933725471524,0.6390096184279049
T0,2029,5103,26,679,0.593519882179676,0.5765448956959757,0.5932933725471524,0.6390096184279049
T0,2029,5103,27,679,0.5625920471281296,0.5271000270099937,0.6368871612559363,0.5820648839077317
T0,2029,5103,28,679,0.5390279823269514,0.5089423389684485,0.6749120259407869,0.5100084721242646
T0,2029,5103,29,679,0.5169366715758469,0.4860856440114777,0.7139633008675301,0.4312485044335317
T0,2029,5103,30,679,0.5905743740795287,0.5651465047298381,0.6284532812979505,0.5766658581999522
T0,2029,5103,31,679,0.5714285714285714,0.5448517176551275,0.6421972365503985,0.5317398746664389
T0,2029,5103,32,679,0.5095729013254786,0.4927965195625239,0.7053682296063658,0.4072279029027318
T0,2029,5103,33,679,0.5743740795287187,0.5542777380857876,0.6233386838032325,0.5922443563453298
T0,2029,5103,34,679,0.5110456553755522,0.49089103283729907,0.6853398150916654,0.4633293290806772
T0,2029,5103,35,679,0.4653902798232695,0.4310869169592623,0.7209782663387122,0.40316368872340275
T0,2029,5103,36,679,0.5787923416789397,0.5516849035734024,0.627481234047304,0.5745655109281721
T0,2029,5103,37,679,0.5493372606774669,0.5265905741498978,0.6644425601074376,0.5016171375382734
T0,2029,5103,38,679,0.5301914580265096,0.5018137829300388,0.7197737997076824,0.4137722399927248
T0,2029,5103,39,679,0.5773195876288659,0.5486712893849477,0.6299907604619224,0.5861369476766916
T0,2029,5103,40,679,0.5581737849779087,0.5335633320993454,0.6545983877290857,0.5130372959383692
T0,2029,5103,41,679,0.5125184094256259,0.49254500503234155,0.6862527363342459,0.45606373225585106
T0,2029,5103,42,679,0.5758468335787923,0.5536748234738446,0.6167628494295702,0.5931389553413775
T0,2029,5103,43,679,0.5257731958762887,0.4989010481001328,0.668039373471916,0.500795751415722
T0,2029,5103,44,679,0.46244477172312226,0.4244392667300198,0.7173147633649815,0.4218734564819918
T0,2029,5103,45,679,0.593519882179676,0.5765448956959757,0.5932933725471524,0.6390096184279049
T0,2029,5103,46,679,0.593519882179676,0.5765448956959757,0.5932933725471524,0.6390096184279049
T0,2029,5103,47,679,0.593519882179676,0.5765448956959757,0.5932933725471524,0.6390096184279049
T0,2029,5103,48,679,0.593519882179676,0.5765448956959757,0.5932933725471524,0.6390096184279049
T0,2029,5103,49,679,0.593519882179676,0.5765448956959757,0.5932933725471524,0.6390096184279049
T0,2029,5103,50,679,0.593519882179676,0.5765448956959757,0.5932933725471524,0.6390096184279049
T0,2029,5103,51,679,0.593519882179676,0.5765448956959757,0.5932933725471524,0.6390096184279049
T0,2029,5103,52,679,0.593519882179676,0.5765448956959757,0.5932933725471524,0.6390096184279049
T0,2029,5103,53,679,0.593519882179676,0.5765448956959757,0.5932933725471524,0.6390096184279049
T0,2029,5103,54,679,0.5670103092783505,0.5382568700498602,0.6305878962525914,0.5894592534086893
T0,2029,5103,55,679,0.5390279823269514,0.5141895233139097,0.6711916363906439,0.502740235700648
T0,2029,5103,56,679,0.5301914580265096,0.5032096207832962,0.7149136851655542,0.4177829835138374
T0,2029,5103,57,679,0.5493372606774669,0.5162463259295968,0.6320940432782026,0.5771195227112911
T0,2029,5103,58,679,0.5537555228276878,0.5248443484916449,0.6693145872391376,0.48066900764228593
T0,2029,5103,59,679,0.4727540500736377,0.4538131060015457,0.7208977519631913,0.3689062991574329
T0,2029,5103,60,679,0.5743740795287187,0.5509139742371449,0.6201868577804059,0.5885222023413769
T0,2029,5103,61,679,0.5184094256259205,0.4956285623796459,0.6719565156282136,0.4789705655580642
T0,2029,5103,62,679,0.48600883652430044,0.45099420327552947,0.7074677139213404,0.43139947048623334
T0,2029,5104,0,679,0.5581737849779087,0.5264552153790174,0.6433889061344215,0.5661422322203581
T0,2029,5104,1,679,0.5478645066273933,0.5244236571965629,0.6685818280141378,0.5107741922781195
T0,2029,5104,2,679,0.5184094256259205,0.4874529094130787,0.7153414776644755,0.42413576792525254
T0,2029,5104,3,679,0.561119293078056,0.5250967212281998,0.6417727508144632,0.5600625719873629
T0,2029,5104,4,679,0.5655375552282769,0.5328202961403549,0.6611559865927661,0.5179850059507337
T0,2029,5104,5,679,0.5125184094256259,0.4915722554103714,0.7022253897518402,0.4157286492316736
T0,2029,5104,6,679,0.5552282768777614,0.5305267570375968,0.6372676495248685,0.5819438797253998
T0,2029,5104,7,679,0.4992636229749632,0.475593991630746,0.6725986516089433,0.4791850657789104
T0,2029,5104,8,679,0.49337260677466865,0.4565257646476433,0.706182466186199,0.4263080872665046
T0,2029,5104,9,679,0.593519882179676,0.5765448956959757,0.5932933725471524,0.6390096184279049
T0,2029,5104,10,679,0.593519882179676,0.5765448956959757,0.5932933725471524,0.6390096184279049
T0,2029,5104,11,679,0.593519882179676,0.5765448956959757,0.5932933725471524,0.6390096184279049
T0,2029,5104,12,679,0.593519882179676,0.5765448956959757,0.5932933725471524,0.6390096184279049
T0,2029,5104,13,679,0.593519882179676,0.5765448956959757,0.5932933725471524,0.6390096184279049
T0,2029,5104,14,679,0.593519882179676,0.5765448956959757,0.5932933725471524,0.6390096184279049
T0,2029,5104,15,679,0.593519882179676,0.5765448956959757,0.5932933725471524,0.6390096184279049
T0,2029,5104,16,679,0.593519882179676,0.5765448956959757,0.5932933725471524,0.6390096184279049
T0,2029,5104,17,679,0.593519882179676,0.5765448956959757,0.5932933725471524,0.6390096184279049
T0,2029,5104,18,679,0.593519882179676,0.5765448956959757,0.5932933725471524,0.6390096184279049
T0,2029,5104,19,679,0.593519882179676,0.5765448956959757,0.5932933725471524,0.6390096184279049
T0,2029,5104,20,679,0.593519882179676,0.5765448956959757,0.5932933725471524,0.6390096184279049
T0,2029,5104,21,679,0.593519882179676,0.5765448956959757,0.5932933725471524,0.6390096184279049
T0,2029,5104,22,679,0.593519882179676,0.5765448956959757,0.5932933725471524,0.6390096184279049
T0,2029,5104,23,679,0.593519882179676,0.5765448956959757,0.5932933725471524,0.6390096184279049
T0,2029,5104,24,679,0.593519882179676,0.5765448956959757,0.5932933725471524,0.6390096184279049
T0,2029,5104,25,679,0.593519882179676,0.5765448956959757,0.5932933725471524,0.6390096184279049
T0,2029,5104,26,679,0.593519882179676,0.5765448956959757,0.5932933725471524,0.6390096184279049
T0,2029,5104,27,679,0.5699558173784978,0.5370764923838995,0.6281603970654056,0.5804587380296492
T0,2029,5104,28,679,0.5419734904270986,0.5161500198250447,0.6754635615008218,0.500431609677944
T0,2029,5104,29,679,0.5169366715758469,0.4912928344690506,0.7191171025931397,0.41652701597291875
T0,2029,5104,30,679,0.5655375552282769,0.5373809293164131,0.6445697726399277,0.5634271173455365
T0,2029,5104,31,679,0.5478645066273933,0.5148470054603498,0.6777205162836631,0.4969233474762088
T0,2029,5104,32,679,0.5036818851251841,0.4832416612959701,0.6942885298177666,0.46237132687879917
T0,2029,5104,33,679,0.5684830633284241,0.5471545944856091,0.6303788068456045,0.5928519482021368
T0,2029,5104,34,679,0.5139911634756995,0.4883820955342584,0.673800464582373,0.5025402385387948
T0,2029,5104,35,679,0.4845360824742268,0.4511906960368185,0.7028369750602607,0.4319980955209335
T0,2029,5104,36,679,0.5758468335787923,0.5480848171153933,0.6260983857911887,0.5850951508926115
T0,2029,5104,37,679,0.5478645066273933,0.5159162874286921,0.6746645709815187,0.4946971978096275
T0,2029,5104,38,679,0.5360824742268041,0.5114641324924376,0.7044552296882877,0.43400863481436
T0,2029,5104,39,679,0.5758468335787923,0.549931307024325,0.6441174593695134,0.5744924290415492
T0,2029,5104,40,679,0.5581737849779087,0.5266747781340146,0.6629083018546954,0.534531650562344
T0,2029,5104,41,679,0.508100147275405,0.49085219611492326,0.6938232033347521,0.41413991685140916
T0,2029,5104,42,679,0.5891016200294551,0.5612331542043659,0.6095184545980462,0.614669786613132
T0,2029,5104,43,679,0.524300441826215,0.49982754875807056,0.6684106323697957,0.4879108408391989
T0,2029,5104,44,679,0.49337260677466865,0.4621920789478622,0.7089405547448918,0.4219853728483193
T0,2029,5104,45,679,0.593519882179676,0.5765448956959757,0.5932933725471524,0.6390096184279049
T0,2029,5104,46,679,0.593519882179676,0.5765448956959757,0.5932933725471524,0.6390096184279049
T0,2029,5104,47,679,0.593519882179676,0.5765448956959757,0.5932933725471524,0.6390096184279049
T0,2029,5104,48,679,0.593519882179676,0.5765448956959757,0.5932933725471524,0.6390096184279049
T0,2029,5104,49,679,0.593519882179676,0.5765448956959757,0.5932933725471524,0.6390096184279049
T0,2029,5104,50,679,0.593519882179676,0.5765448956959757,0.5932933725471524,0.6390096184279049
T0,2029,5104,51,679,0.593519882179676,0.5765448956959757,0.5932933725471524,0.6390096184279049
T0,2029,5104,52,679,0.593519882179676,0.5765448956959757,0.5932933725471524,0.6390096184279049
T0,2029,5104,53,679,0.593519882179676,0.5765448956959757,0.5932933725471524,0.6390096184279049
T0,2029,5104,54,679,0.5802650957290133,0.554094644639274,0.6263071115132811,0.5782613964649173
T0,2029,5104,55,679,0.5493372606774669,0.5222683321538792,0.6688012224409471,0.5014238161742066
T0,2029,5104,56,679,0.5198821796759941,0.48580720303655156,0.7186219670284479,0.42324060390108686
T0,2029,5104,57,679,0.5817378497790869,0.5530669404143322,0.6247140764312294,0.5757701119027628
T0,2029,5104,58,679,0.5714285714285714,0.546460296939695,0.6646025707295085,0.49591338528883194
T0,2029,5104,59,679,0.508100147275405,0.4894777370113693,0.6906495762327809,0.4399917482338022
T0,2029,5104,60,679,0.5758468335787923,0.5522665508132816,0.6329790688228186,0.581259507874623
T0,2029,5104,61,679,0.5346097201767305,0.5118414046439523,0.6549757333672626,0.5285425978967737
T0,2029,5104,62,679,0.48600883652430044,0.4497358462439328,0.7129969131612989,0.44055774106162393
T0,2029,5105,0,679,0.5640648011782032,0.5345920797504637,0.6306124489770898,0.5791999272779189
T0,2029,5105,1,679,0.5331369661266568,0.507098677841949,0.6800791065103,0.4788436179621315
T0,2029,5105,2,679,0.524300441826215,0.4968582283862054,0.7172454615316967,0.417091711152947
T0,2029,5105,3,679,0.5625920471281296,0.535113659140644,0.6403393926255306,0.5686710456659955
T0,2029,5105,4,679,0.5581737849779087,0.5314632795188351,0.6578053271340341,0.5323923892288512
T0,2029,5105,5,679,0.4801178203240059,0.4660530879018273,0.7074309205403209,0.3864263847839982
T0,2029,5105,6,679,0.5817378497790869,0.5612831239930904,0.6149456915342755,0.5972477782070825
T0,2029,5105,7,679,0.5287187039764359,0.5020420848446325,0.6742031771322062,0.4802702419118955
T0,2029,5105,8,679,0.4948453608247423,0.4569058618176156,0.6997665399260303,0.4435591110821808
T0,2029,5105,9,679,0.593519882179676,0.5765448956959757,0.5932933725471524,0.6390096184279049
T0,2029,5105,10,679,0.593519882179676,0.5765448956959757,0.5932933725471524,0.6390096184279049
T0,2029,5105,11,679,0.593519882179676,0.5765448956959757,0.5932933725471524,0.6390096184279049
T0,2029,5105,12,679,0.593519882179676,0.5765448956959757,0.5932933725471524,0.6390096184279049
T0,2029,5105,13,679,0.593519882179676,0.5765448956959757,0.5932933725471524,0.6390096184279049
T0,2029,5105,14,679,0.593519882179676,0.5765448956959757,0.5932933725471524,0.6390096184279049
T0,2029,5105,15,679,0.593519882179676,0.5765448956959757,0.5932933725471524,0.6390096184279049
T0,2029,5105,16,679,0.593519882179676,0.5765448956959757,0.5932933725471524,0.6390096184279049
T0,2029,5105,17,679,0.593519882179676,0.5765448956959757,0.5932933725471524,0.6390096184279049
T0,2029,5105,18,679,0.593519882179676,0.5765448956959757,0.5932933725471524,0.6390096184279049
T0,2029,5105,19,679,0.593519882179676,0.5765448956959757,0.5932933725471524,0.6390096184279049
T0,2029,5105,20,679,0.593519882179676,0.5765448956959757,0.5932933725471524,0.6390096184279049
T0,2029,5105,21,679,0.593519882179676,0.5765448956959757,0.5932933725471524,0.6390096184279049
T0,2029,5105,22,679,0.593519882179676,0.5765448956959757,0.5932933725471524,0.6390096184279049
T0,2029,5105,23,679,0.593519882179676,0.5765448956959757,0.5932933725471524,0.6390096184279049
T0,2029,5105,24,679,0.593519882179676,0.5765448956959757,0.5932933725471524,0.6390096184279049
T0,2029,5105,25,679,0.593519882179676,0.5765448956959757,0.5932933725471524,0.6390096184279049
T0,2029,5105,26,679,0.593519882179676,0.5765448956959757,0.5932933725471524,0.6390096184279049
T0,2029,5105,27,679,0.5802650957290133,0.5510763133875516,0.6256727191766337,0.5965441904363502
T0,2029,5105,28,679,0.5272459499263623,0.5025278425278425,0.6818218479188096,0.48409393334578965
T0,2029,5105,29,679,0.5169366715758469,0.49024737926602147,0.7202244846915636,0.41060012501012777
T0,2029,5105,30,679,0.5714285714285714,0.5424327667389933,0.6354134649872253,0.561254170657616
T0,2029,5105,31,679,0.5625920471281296,0.5328189617497032,0.6692030647102968,0.4951410943016224
T0,2029,5105,32,679,0.5095729013254786,0.4939815153303665,0.7049349862451231,0.3970295091504859
T0,2029,5105,33,679,0.5891016200294551,0.5640592267079514,0.6188120673436655,0.5937402276899875
T0,2029,5105,34,679,0.5095729013254786,0.48439970341931127,0.6830391103020472,0.46873880653408806
T0,2029,5105,35,679,0.4786450662739323,0.448233118408557,0.7073137669745883,0.42183799002695627
T0,2029,5105,36,679,0.5655375552282769,0.5332850206143316,0.6356631207975266,0.577990981383222
T0,2029,5105,37,679,0.5390279823269514,0.5095928204955877,0.6734555989547752,0.5104663136843848
T0,2029,5105,38,679,0.5125184094256259,0.48623618975640914,0.7199028481527702,0.42990147343550233
T0,2029,5105,39,679,0.5743740795287187,0.5501748918482502,0.6266566708530348,0.5830904817660858
T0,2029,5105,40,679,0.5655375552282769,0.5403331202203427,0.6562592273081526,0.5235580760390935
T0,2029,5105,41,679,0.48748159057437407,0.4673375820426967,0.7068439780656298,0.40431620012766833
T0,2029,5105,42,679,0.5773195876288659,0.554106406878639,0.6157314471670032,0.6074840006866818
T0,2029,5105,43,679,0.5110456553755522,0.4887656775000757,0.6738832251268915,0.4835401241431123
T0,2029,5105,44,679,0.48306332842415317,0.44976601988797116,0.7102360374490362,0.4192091745904047
T0,2029,5105,45,679,0.593519882179676,0.5765448956959757,0.5932933725471524,0.6390096184279049
T0,2029,5105,46,679,0.593519882179676,0.5765448956959757,0.5932933725471524,0.6390096184279049
T0,2029,5105,47,679,0.593519882179676,0.5765448956959757,0.5932933725471524,0.6390096184279049
T0,2029,5105,48,679,0.593519882179676,0.5765448956959757,0.5932933725471524,0.6390096184279049
T0,2029,5105,49,679,0.593519882179676,0.5765448956959757,0.5932933725471524,0.6390096184279049
T0,2029,5105,50,679,0.593519882179676,0.5765448956959757,0.5932933725471524,0.6390096184279049
T0,2029,5105,51,679,0.593519882179676,0.5765448956959757,0.5932933725471524,0.6390096184279049
T0,2029,5105,52,679,0.593519882179676,0.5765448956959757,0.5932933725471524,0.6390096184279049
T0,2029,5105,53,679,0.593519882179676,0.5765448956959757,0.5932933725471524,0.6390096184279049
T0,2029,5105,54,679,0.5419734904270986,0.5078271313028955,0.6516581021018863,0.5552250352617123
T0,2029,5105,55,679,0.540500736377025,0.513295523028787,0.6845421111197465,0.4865932662594487
T0,2029,5105,56,679,0.5346097201767305,0.5069590753838515,0.7103275304690376,0.4392948331836158
T0,2029,5105,57,679,0.5817378497790869,0.5551023966964328,0.6266989543792602,0.5812408456664429
T0,2029,5105,58,679,0.5640648011782032,0.5351605573596163,0.6561278339162666,0.5161483403417397
T0,2029,5105,59,679,0.5051546391752577,0.48808415072894973,0.7026660956980026,0.426111330219325
T0,2029,5105,60,679,0.5640648011782032,0.5365279456570434,0.6391393503226307,0.5748642642281386
T0,2029,5105,61,679,0.5110456553755522,0.4850971130660796,0.6709672766511324,0.49561511297135236
T0,2029,5105,62,679,0.48306332842415317,0.4445515274309947,0.7087737614390425,0.4221652497067983
T0,2030,5101,0,679,0.5787923416789397,0.5466355287805283,0.6182404732186243,0.5835430594440534
T0,2030,5101,1,679,0.5552282768777614,0.5258558317267005,0.6441150250596396,0.529749544450122
T0,2030,5101,2,679,0.5228276877761414,0.49323620386065636,0.6936933417778479,0.42999506996811665
T0,2030,5101,3,679,0.5920471281296024,0.5587431659670393,0.6095355531867369,0.5902534311780323
T0,2030,5101,4,679,0.5625920471281296,0.5351814080619475,0.652587485769887,0.5156824539140681
T0,2030,5101,5,679,0.5184094256259205,0.5058918482647297,0.6813498982317493,0.4335162042074259
T0,2030,5101,6,679,0.5390279823269514,0.5174138573120114,0.6258521627782897,0.5711904053923089
T0,2030,5101,7,679,0.524300441826215,0.5184830560870052,0.6550437381411511,0.5269016763628794
T0,2030,5101,8,679,0.4992636229749632,0.4810907478354427,0.7019122730342559,0.41763467905090157
T0,2030,5101,9,679,0.6229749631811488,0.5981498160940163,0.5901310269848412,0.6439323459022581
T0,2030,5101,10,679,0.6229749631811488,0.5981498160940163,0.5901310269848412,0.6439323459022581
T0,2030,5101,11,679,0.6229749631811488,0.5981498160940163,0.5901310269848412,0.6439323459022581
T0,2030,5101,12,679,0.6229749631811488,0.5981498160940163,0.5901310269848412,0.6439323459022581
T0,2030,5101,13,679,0.6229749631811488,0.5981498160940163,0.5901310269848412,0.6439323459022581
T0,2030,5101,14,679,0.6229749631811488,0.5981498160940163,0.5901310269848412,0.6439323459022581
T0,2030,5101,15,679,0.6229749631811488,0.5981498160940163,0.5901310269848412,0.6439323459022581
T0,2030,5101,16,679,0.6229749631811488,0.5981498160940163,0.5901310269848412,0.6439323459022581
T0,2030,5101,17,679,0.6229749631811488,0.5981498160940163,0.5901310269848412,0.6439323459022581
T0,2030,5101,18,679,0.6229749631811488,0.5981498160940163,0.5901310269848412,0.6439323459022581
T0,2030,5101,19,679,0.6229749631811488,0.5981498160940163,0.5901310269848412,0.6439323459022581
T0,2030,5101,20,679,0.6229749631811488,0.5981498160940163,0.5901310269848412,0.6439323459022581
T0,2030,5101,21,679,0.6229749631811488,0.5981498160940163,0.5901310269848412,0.6439323459022581
T0,2030,5101,22,679,0.6229749631811488,0.5981498160940163,0.5901310269848412,0.6439323459022581
T0,2030,5101,23,679,0.6229749631811488,0.5981498160940163,0.5901310269848412,0.6439323459022581
T0,2030,5101,24,679,0.6229749631811488,0.5981498160940163,0.5901310269848412,0.6439323459022581
T0,2030,5101,25,679,0.6229749631811488,0.5981498160940163,0.5901310269848412,0.6439323459022581
T0,2030,5101,26,679,0.6229749631811488,0.5981498160940163,0.5901310269848412,0.6439323459022581
T0,2030,5101,27,679,0.5891016200294551,0.5562926293458686,0.6170483921299276,0.5939843483129681
T0,2030,5101,28,679,0.540500736377025,0.5085481371224414,0.6561393582197633,0.5094685874122142
T0,2030,5101,29,679,0.5184094256259205,0.49138696555403205,0.695376873740567,0.4285473987176654
T0,2030,5101,30,679,0.5920471281296024,0.5580953390128037,0.6030689688819146,0.6139059550044442
T0,2030,5101,31,679,0.561119293078056,0.5346508669746268,0.6394800376997429,0.5294514377097708
T0,2030,5101,32,679,0.49779086892488955,0.4881019324318293,0.7002426801531937,0.3744202881329247
T0,2030,5101,33,679,0.5684830633284241,0.5471186759112923,0.6119537656147456,0.5994075055166289
T0,2030,5101,34,679,0.5139911634756995,0.5047825521924766,0.6671014905458698,0.5102706557186046
T0,2030,5101,35,679,0.48306332842415317,0.47213916927754307,0.6980072738539663,0.43296067744396494
T0,2030,5101,36,679,0.5802650957290133,0.5476425881364635,0.616054132931889,0.5849810511200324
T0,2030,5101,37,679,0.5449189985272459,0.5171225900324411,0.6506317339958253,0.5141928799981941
T0,2030,5101,38,679,0.5213549337260678,0.4918489600613233,0.6977802166750926,0.42006029981860155
T0,2030,5101,39,679,0.5876288659793815,0.5520895921721515,0.6150135492277777,0.5826466068823735
T0,2030,5101,40,679,0.5493372606774669,0.5184571656877462,0.6491879218193498,0.5117295681310385
T0,2030,5101,41,679,0.48600883652430044,0.4755359492003247,0.6881193213812206,0.4264500904730132
T0,2030,5101,42,679,0.5773195876288659,0.5593037042312405,0.6090406070577203,0.6079048717366744
T0,2030,5101,43,679,0.5139911634756995,0.5056221548715757,0.6642104844852119,0.5057196716372778
T0,2030,5101,44,679,0.5051546391752577,0.4919275248807117,0.7017342158989632,0.40947195115603946
T0,2030,5101,45,679,0.6229749631811488,0.5981498160940163,0.5901310269848412,0.6439323459022581
T0,2030,5101,46,679,0.6229749631811488,0.5981498160940163,0.5901310269848412,0.6439323459022581
T0,2030,5101,47,679,0.6229749631811488,0.5981498160940163,0.5901310269848412,0.6439323459022581
T0,2030,5101,48,679,0.6229749631811488,0.5981498160940163,0.5901310269848412,0.6439323459022581
T0,2030,5101,49,679,0.6229749631811488,0.5981498160940163,0.5901310269848412,0.6439323459022581
T0,2030,5101,50,679,0.6229749631811488,0.5981498160940163,0.5901310269848412,0.6439323459022581
T0,2030,5101,51,679,0.6229749631811488,0.5981498160940163,0.5901310269848412,0.6439323459022581
T0,2030,5101,52,679,0.6229749631811488,0.5981498160940163,0.5901310269848412,0.6439323459022581
T0,2030,5101,53,679,0.6229749631811488,0.5981498160940163,0.5901310269848412,0.6439323459022581
T0,2030,5101,54,679,0.5979381443298969,0.5615993747662781,0.6083012196250447,0.5981594375150145
T0,2030,5101,55,679,0.5449189985272459,0.5133898517799892,0.6584008343967668,0.5091064364392859
T0,2030,5101,56,679,0.5346097201767305,0.5036420843987649,0.6850019857967725,0.44554826197138514
T0,2030,5101,57,679,0.5861561119293078,0.553643105132573,0.6165881424659482,0.581392018959784
T0,2030,5101,58,679,0.5640648011782032,0.53211941195613,0.6386949599052564,0.5126094243251051
T0,2030,5101,59,679,0.5110456553755522,0.49941689559830194,0.6918025057823212,0.38730539808553266
T0,2030,5101,60,679,0.5567010309278351,0.5330930714324783,0.6144539288770468,0.6086296566836169
T0,2030,5101,61,679,0.5316642120765832,0.5224380629354035,0.6507775480248615,0.5181858994966161
T0,2030,5101,62,679,0.5022091310751104,0.4864037951290617,0.6963702991538968,0.4211065763579561
T0,2030,5102,0,679,0.5802650957290133,0.5436510046663803,0.6209186718679843,0.5824259873907172
T0,2030,5102,1,679,0.5581737849779087,0.5255758148942946,0.6478126352112493,0.5159757496259318
T0,2030,5102,2,679,0.5346097201767305,0.5029558149873399,0.6901606126676076,0.44002011419164233
T0,2030,5102,3,679,0.5787923416789397,0.5414555893279297,0.6152334839149498,0.5987259014062096
T0,2030,5102,4,679,0.5596465390279823,0.5290966840543204,0.6499680844032711,0.5193303134812507
T0,2030,5102,5,679,0.5022091310751104,0.4888275291787806,0.6913495659828186,0.42812123266445923
T0,2030,5102,6,679,0.5684830633284241,0.5435051690950579,0.6090947734809238,0.6155860650808045
T0,2030,5102,7,679,0.5169366715758469,0.5050082965380863,0.6680193269112324,0.49380286910119137
T0,2030,5102,8,679,0.47717231222385864,0.46515078062442705,0.702042436674347,0.4265510464148168
T0,2030,5102,9,679,0.6229749631811488,0.5981498160940163,0.5901310269848412,0.6439323459022581
T0,2030,5102,10,679,0.6229749631811488,0.5981498160940163,0.5901310269848412,0.6439323459022581
T0,2030,5102,11,679,0.6229749631811488,0.5981498160940163,0.5901310269848412,0.6439323459022581
T0,2030,5102,12,679,0.6229749631811488,0.5981498160940163,0.5901310269848412,0.6439323459022581
T0,2030,5102,13,679,0.6229749631811488,0.5981498160940163,0.5901310269848412,0.6439323459022581
T0,2030,5102,14,679,0.6229749631811488,0.5981498160940163,0.5901310269848412,0.6439323459022581
T0,2030,5102,15,679,0.6229749631811488,0.5981498160940163,0.5901310269848412,0.6439323459022581
T0,2030,5102,16,679,0.6229749631811488,0.5981498160940163,0.5901310269848412,0.6439323459022581
T0,2030,5102,17,679,0.6229749631811488,0.5981498160940163,0.5901310269848412,0.6439323459022581
T0,2030,5102,18,679,0.6229749631811488,0.5981498160940163,0.5901310269848412,0.6439323459022581
T0,2030,5102,19,679,0.6229749631811488,0.5981498160940163,0.5901310269848412,0.6439323459022581
T0,2030,5102,20,679,0.6229749631811488,0.5981498160940163,0.5901310269848412,0.6439323459022581
T0,2030,5102,21,679,0.6229749631811488,0.5981498160940163,0.5901310269848412,0.6439323459022581
T0,2030,5102,22,679,0.6229749631811488,0.5981498160940163,0.5901310269848412,0.6439323459022581
T0,2030,5102,23,679,0.6229749631811488,0.5981498160940163,0.5901310269848412,0.6439323459022581
T0,2030,5102,24,679,0.6229749631811488,0.5981498160940163,0.5901310269848412,0.6439323459022581
T0,2030,5102,25,679,0.6229749631811488,0.5981498160940163,0.5901310269848412,0.6439323459022581
T0,2030,5102,26,679,0.6229749631811488,0.5981498160940163,0.5901310269848412,0.6439323459022581
T0,2030,5102,27,679,0.5773195876288659,0.5383271000671129,0.6236150123189932,0.5927961359243402
T0,2030,5102,28,679,0.5552282768777614,0.5284942689365799,0.6504021842630693,0.5145644178603284
T0,2030,5102,29,679,0.5110456553755522,0.48356528133481524,0.6925107134459472,0.430710608171759
T0,2030,5102,30,679,0.5832106038291606,0.5511171414334414,0.6089035885981853,0.6078965789522797
T0,2030,5102,31,679,0.5478645066273933,0.5181011988155874,0.6494638909296364,0.5121174131741212
T0,2030,5102,32,679,0.5066273932253313,0.49687241238883806,0.684309642778405,0.4359526039620174
T0,2030,5102,33,679,0.5684830633284241,0.5485901042804049,0.612873394903624,0.5994433952398903
T0,2030,5102,34,679,0.5301914580265096,0.5180002465367377,0.6561288537789515,0.5014980343448068
T0,2030,5102,35,679,0.4992636229749632,0.48169766268200265,0.6947386637878699,0.4355994008820157
T0,2030,5102,36,679,0.5920471281296024,0.5613007374275545,0.6017540985380954,0.6170217532154171
T0,2030,5102,37,679,0.5581737849779087,0.5251087507090123,0.6535637171963704,0.5134289374071569
T0,2030,5102,38,679,0.5272459499263623,0.5002117992616054,0.6902051696194464,0.4390482708162406
T0,2030,5102,39,679,0.5817378497790869,0.549727404673352,0.6131459364176499,0.5745547792251859
T0,2030,5102,40,679,0.5419734904270986,0.5080151101570111,0.6674983066250193,0.47379756339057816
T0,2030,5102,41,679,0.5169366715758469,0.5094153722226171,0.6811352490457063,0.43932654696712703
T0,2030,5102,42,679,0.5714285714285714,0.5477409663414714,0.6074220293224823,0.6076558166380014
T0,2030,5102,43,679,0.5125184094256259,0.4997603499180978,0.6658811916176104,0.4936376914206287
T0,2030,5102,44,679,0.49779086892488955,0.4819850211720437,0.6969366414645284,0.4294856494576549
T0,2030,5102,45,679,0.6229749631811488,0.5981498160940163,0.5901310269848412,0.6439323459022581
T0,2030,5102,46,679,0.6229749631811488,0.5981498160940163,0.5901310269848412,0.6439323459022581
T0,2030,5102,47,679,0.6229749631811488,0.5981498160940163,0.5901310269848412,0.6439323459022581
T0,2030,5102,48,679,0.6229749631811488,0.5981498160940163,0.5901310269848412,0.6439323459022581
T0,2030,5102,49,679,0.6229749631811488,0.5981498160940163,0.5901310269848412,0.6439323459022581
T0,2030,5102,50,679,0.6229749631811488,0.5981498160940163,0.5901310269848412,0.6439323459022581
T0,2030,5102,51,679,0.6229749631811488,0.5981498160940163,0.5901310269848412,0.6439323459022581
T0,2030,5102,52,679,0.6229749631811488,0.5981498160940163,0.5901310269848412,0.6439323459022581
T0,2030,5102,53,679,0.6229749631811488,0.5981498160940163,0.5901310269848412,0.6439323459022581
T0,2030,5102,54,679,0.5846833578792342,0.5519693233245161,0.6207307882837414,0.584388731017547
T0,2030,5102,55,679,0.5552282768777614,0.5287035579052671,0.6554617127499629,0.497890392766371
T0,2030,5102,56,679,0.5110456553755522,0.48291256586937426,0.6928207589222861,0.4325199028968112
T0,2030,5102,57,679,0.5964653902798233,0.5629458255206757,0.5979624350441397,0.6210222588310027
T0,2030,5102,58,679,0.5655375552282769,0.5386396170776399,0.6399250626783484,0.5469003372794247
T0,2030,5102,59,679,0.4992636229749632,0.48879333670440384,0.6954087883629048,0.3559795190199015
T0,2030,5102,60,679,0.5714285714285714,0.5457714456952262,0.6214291985765297,0.5768431426612528
T0,2030,5102,61,679,0.5051546391752577,0.49492386421818524,0.6750380299623304,0.48784127287327406
T0,2030,5102,62,679,0.49189985272459497,0.4777210746075643,0.6972244004876694,0.4355406695793347
T0,2030,5103,0,679,0.5802650957290133,0.5493499071042689,0.6114274406468219,0.6097996929555644
T0,2030,5103,1,679,0.5596465390279823,0.5252418360776867,0.64876312465134,0.510731045597538
T0,2030,5103,2,679,0.5125184094256259,0.48420368276530446,0.6976010605846483,0.4217152002767324
T0,2030,5103,3,679,0.5787923416789397,0.5488543398458257,0.6151034044587383,0.5824848944805209
T0,2030,5103,4,679,0.5817378497790869,0.5536317336370126,0.6369575751020912,0.548467247119278
T0,2030,5103,5,679,0.5139911634756995,0.4992908865594312,0.6884003298052632,0.3972502470878673
T0,2030,5103,6,679,0.5802650957290133,0.5568947978722355,0.607622625725961,0.6013915971833556
T0,2030,5103,7,679,0.5257731958762887,0.5202631822980536,0.6578849365109021,0.533845820288135
T0,2030,5103,8,679,0.4786450662739323,0.45868465605573794,0.7051074773907134,0.42049867475630043
T0,2030,5103,9,679,0.6229749631811488,0.5981498160940163,0.5901310269848412,0.6439323459022581
T0,2030,5103,10,679,0.6229749631811488,0.5981498160940163,0.5901310269848412,0.6439323459022581
T0,2030,5103,11,679,0.6229749631811488,0.5981498160940163,0.5901310269848412,0.6439323459022581
T0,2030,5103,12,679,0.6229749631811488,0.5981498160940163,0.5901310269848412,0.6439323459022581
T0,2030,5103,13,679,0.6229749631811488,0.5981498160940163,0.5901310269848412,0.6439323459022581
T0,2030,5103,14,679,0.6229749631811488,0.5981498160940163,0.5901310269848412,0.6439323459022581
T0,2030,5103,15,679,0.6229749631811488,0.5981498160940163,0.5901310269848412,0.6439323459022581
T0,2030,5103,16,679,0.6229749631811488,0.5981498160940163,0.5901310269848412,0.6439323459022581
T0,2030,5103,17,679,0.6229749631811488,0.5981498160940163,0.5901310269848412,0.6439323459022581
T0,2030,5103,18,679,0.6229749631811488,0.5981498160940163,0.5901310269848412,0.6439323459022581
T0,2030,5103,19,679,0.6229749631811488,0.5981498160940163,0.5901310269848412,0.6439323459022581
T0,2030,5103,20,679,0.6229749631811488,0.5981498160940163,0.5901310269848412,0.6439323459022581
T0,2030,5103,21,679,0.6229749631811488,0.5981498160940163,0.5901310269848412,0.6439323459022581
T0,2030,5103,22,679,0.6229749631811488,0.5981498160940163,0.5901310269848412,0.6439323459022581
T0,2030,5103,23,679,0.6229749631811488,0.5981498160940163,0.5901310269848412,0.6439323459022581
T0,2030,5103,24,679,0.6229749631811488,0.5981498160940163,0.5901310269848412,0.6439323459022581
T0,2030,5103,25,679,0.6229749631811488,0.5981498160940163,0.5901310269848412,0.6439323459022581
T0,2030,5103,26,679,0.6229749631811488,0.5981498160940163,0.5901310269848412,0.6439323459022581
T0,2030,5103,27,679,0.572901325478645,0.5380845196683134,0.6197518721025366,0.598252898254286
T0,2030,5103,28,679,0.5493372606774669,0.515886750958962,0.6531116705667639,0.528846596787743
T0,2030,5103,29,679,0.5257731958762887,0.4963247802294313,0.6911640729486328,0.4345410552036244
T0,2030,5103,30,679,0.6008836524300442,0.5689228837131984,0.6083789728527041,0.604932565685604
T0,2030,5103,31,679,0.5552282768777614,0.5250471721600558,0.6316693032349684,0.5245526856139725
T0,2030,5103,32,679,0.5169366715758469,0.5062630362478155,0.6844424038730419,0.42964677905091775
T0,2030,5103,33,679,0.5802650957290133,0.5556352740643729,0.615983152995229,0.5959597467669655
T0,2030,5103,34,679,0.5095729013254786,0.5030315557392862,0.6768064297219966,0.4676021825777787
T0,2030,5103,35,679,0.48159057437407954,0.4680169289953713,0.706291179659616,0.4127184997327676
T0,2030,5103,36,679,0.572901325478645,0.5369917882625185,0.6189480689909742,0.5875805768389943
T0,2030,5103,37,679,0.5684830633284241,0.5418691343460732,0.6427323117918048,0.5176660840200347
T0,2030,5103,38,679,0.5257731958762887,0.49776639010340873,0.6971137081444351,0.42492105738025304
T0,2030,5103,39,679,0.5920471281296024,0.561535087191803,0.6090759186620038,0.6024735308024715
T0,2030,5103,40,679,0.5463917525773195,0.5205078043487333,0.6441924059996724,0.5129327064642565
T0,2030,5103,41,679,0.5184094256259205,0.5067309382625372,0.6740321321454069,0.45847218128143524
T0,2030,5103,42,679,0.5670103092783505,0.5417712878769411,0.6125174618610051,0.5986353763560115
T0,2030,5103,43,679,0.5154639175257731,0.5056485620638763,0.6608675541644243,0.5159989239550222
T0,2030,5103,44,679,0.48748159057437407,0.4672163022395488,0.7053311425693256,0.41573080537073104
T0,2030,5103,45,679,0.6229749631811488,0.5981498160940163,0.5901310269848412,0.6439323459022581
T0,2030,5103,46,679,0.6229749631811488,0.5981498160940163,0.5901310269848412,0.6439323459022581
T0,2030,5103,47,679,0.6229749631811488,0.5981498160940163,0.5901310269848412,0.6439323459022581
T0,2030,5103,48,679,0.6229749631811488,0.5981498160940163,0.5901310269848412,0.6439323459022581
T0,2030,5103,49,679,0.6229749631811488,0.5981498160940163,0.5901310269848412,0.6439323459022581
T0,2030,5103,50,679,0.6229749631811488,0.5981498160940163,0.5901310269848412,0.6439323459022581
T0,2030,5103,51,679,0.6229749631811488,0.5981498160940163,0.5901310269848412,0.6439323459022581
T0,2030,5103,52,679,0.6229749631811488,0.5981498160940163,0.5901310269848412,0.6439323459022581
T0,2030,5103,53,679,0.6229749631811488,0.5981498160940163,0.5901310269848412,0.6439323459022581
T0,2030,5103,54,679,0.5743740795287187,0.5407723855509309,0.6119471545028055,0.6015325590220157
T0,2030,5103,55,679,0.5493372606774669,0.5228267667292057,0.6489195908380011,0.5244760826089414
T0,2030,5103,56,679,0.5228276877761414,0.49572295858475357,0.6919891920944727,0.4360819469973802
T0,2030,5103,57,679,0.5567010309278351,0.5217328019044267,0.6164295040893976,0.6000281821922893
T0,2030,5103,58,679,0.5478645066273933,0.5228988445499348,0.6562192834836921,0.49060840449835713
T0,2030,5103,59,679,0.49042709867452133,0.4776198818045445,0.6998487103713981,0.3819045079277348
T0,2030,5103,60,679,0.5567010309278351,0.5366043552959441,0.6215900263923257,0.5801067051252974
T0,2030,5103,61,679,0.5287187039764359,0.5189887299848129,0.6659382951057712,0.4953073603867341
T0,2030,5103,62,679,0.49337260677466865,0.47484011303635,0.6958556882104396,0.43906964520203295
T0,2030,5104,0,679,0.5567010309278351,0.5241198536023405,0.630163989730717,0.5810191149817343
T0,2030,5104,1,679,0.5522827687776142,0.5254085999170625,0.6503591144866199,0.5225537924942953
T0,2030,5104,2,679,0.5154639175257731,0.48442775410927497,0.6917848254558089,0.4333884925595089
T0,2030,5104,3,679,0.5743740795287187,0.5375866998967196,0.6174708410812232,0.5812138525399082
T0,2030,5104,4,679,0.5787923416789397,0.5495046008201253,0.6369112633684423,0.5320379701852572
T0,2030,5104,5,679,0.5169366715758469,0.5063479176373115,0.6929031274280071,0.4127568154937568
T0,2030,5104,6,679,0.561119293078056,0.5380858303989847,0.6247552747622857,0.579754594927408
T0,2030,5104,7,679,0.5198821796759941,0.5149707967578254,0.6652935909900117,0.48433726862411713
T0,2030,5104,8,679,0.5066273932253313,0.4866272435663492,0.6984244280649742,0.42983563379745726
T0,2030,5104,9,679,0.6229749631811488,0.5981498160940163,0.5901310269848412,0.6439323459022581
T0,2030,5104,10,679,0.6229749631811488,0.5981498160940163,0.5901310269848412,0.6439323459022581
T0,2030,5104,11,679,0.6229749631811488,0.5981498160940163,0.5901310269848412,0.6439323459022581
T0,2030,5104,12,679,0.6229749631811488,0.5981498160940163,0.5901310269848412,0.6439323459022581
T0,2030,5104,13,679,0.6229749631811488,0.5981498160940163,0.5901310269848412,0.6439323459022581
T0,2030,5104,14,679,0.6229749631811488,0.5981498160940163,0.5901310269848412,0.6439323459022581
T0,2030,5104,15,679,0.6229749631811488,0.5981498160940163,0.5901310269848412,0.6439323459022581
T0,2030,5104,16,679,0.6229749631811488,0.5981498160940163,0.5901310269848412,0.6439323459022581
T0,2030,5104,17,679,0.6229749631811488,0.5981498160940163,0.5901310269848412,0.6439323459022581
T0,2030,5104,18,679,0.6229749631811488,0.5981498160940163,0.5901310269848412,0.6439323459022581
T0,2030,5104,19,679,0.6229749631811488,0.5981498160940163,0.5901310269848412,0.6439323459022581
T0,2030,5104,20,679,0.6229749631811488,0.5981498160940163,0.5901310269848412,0.6439323459022581
T0,2030,5104,21,679,0.6229749631811488,0.5981498160940163,0.5901310269848412,0.6439323459022581
T0,2030,5104,22,679,0.6229749631811488,0.5981498160940163,0.5901310269848412,0.6439323459022581
T0,2030,5104,23,679,0.6229749631811488,0.5981498160940163,0.5901310269848412,0.6439323459022581
T0,2030,5104,24,679,0.6229749631811488,0.5981498160940163,0.5901310269848412,0.6439323459022581
T0,2030,5104,25,679,0.6229749631811488,0.5981498160940163,0.5901310269848412,0.6439323459022581
T0,2030,5104,26,679,0.6229749631811488,0.5981498160940163,0.5901310269848412,0.6439323459022581
T0,2030,5104,27,679,0.5891016200294551,0.5535140924956781,0.6064456824833234,0.607704012311819
T0,2030,5104,28,679,0.5552282768777614,0.5253981238788998,0.654865053379483,0.5101399185723889
T0,2030,5104,29,679,0.524300441826215,0.4950007910140801,0.6912958598277354,0.429520181337299
T0,2030,5104,30,679,0.5787923416789397,0.5466832470776558,0.6192598805511823,0.5881648095592782
T0,2030,5104,31,679,0.5478645066273933,0.5154483026823452,0.6612685318152929,0.4973571330659941
T0,2030,5104,32,679,0.4963181148748159,0.48715527091264166,0.679185486111971,0.4660533207322493
T0,2030,5104,33,679,0.5714285714285714,0.546004611163747,0.619406455439215,0.5956216310187171
T0,2030,5104,34,679,0.5036818851251841,0.49264563253924953,0.6685006015211212,0.5112698017920311
T0,2030,5104,35,679,0.5007363770250368,0.4861716120465752,0.6975946345631258,0.4294759395201247
T0,2030,5104,36,679,0.5758468335787923,0.5423530771083591,0.6156941397727326,0.5919563906203164
T0,2030,5104,37,679,0.5625920471281296,0.5280264586791297,0.6498316638994638,0.5135156151482552
T0,2030,5104,38,679,0.5213549337260678,0.49410072006160477,0.687676609988943,0.44212070686687527
T0,2030,5104,39,679,0.5758468335787923,0.5452611189637507,0.6256107757079232,0.585361304244529
T0,2030,5104,40,679,0.561119293078056,0.5339104238720987,0.6423532417447296,0.5465200982196556
T0,2030,5104,41,679,0.508100147275405,0.49534072521424466,0.6871995668479726,0.4018260155277637
T0,2030,5104,42,679,0.5670103092783505,0.5436337824210807,0.6176076211441248,0.5945475712911755
T0,2030,5104,43,679,0.540500736377025,0.531557263731823,0.6572832806208699,0.5033254725607943
T0,2030,5104,44,679,0.4889543446244477,0.47347188761395487,0.7009852169320229,0.41768982809900596
T0,2030,5104,45,679,0.6229749631811488,0.5981498160940163,0.5901310269848412,0.6439323459022581
T0,2030,5104,46,679,0.6229749631811488,0.5981498160940163,0.5901310269848412,0.6439323459022581
T0,2030,5104,47,679,0.6229749631811488,0.5981498160940163,0.5901310269848412,0.6439323459022581
T0,2030,5104,48,679,0.6229749631811488,0.5981498160940163,0.5901310269848412,0.6439323459022581
T0,2030,5104,49,679,0.6229749631811488,0.5981498160940163,0.5901310269848412,0.6439323459022581
T0,2030,5104,50,679,0.6229749631811488,0.5981498160940163,0.5901310269848412,0.6439323459022581
T0,2030,5104,51,679,0.6229749631811488,0.5981498160940163,0.5901310269848412,0.6439323459022581
T0,2030,5104,52,679,0.6229749631811488,0.5981498160940163,0.5901310269848412,0.6439323459022581
T0,2030,5104,53,679,0.6229749631811488,0.5981498160940163,0.5901310269848412,0.6439323459022581
T0,2030,5104,54,679,0.5817378497790869,0.5505770670895554,0.6105832543569741,0.5927923119550706
T0,2030,5104,55,679,0.5596465390279823,0.5270689928689442,0.6482328308831259,0.5266568915745935
T0,2030,5104,56,679,0.524300441826215,0.4929648956839289,0.6895507208904216,0.4357368278838082
T0,2030,5104,57,679,0.5994108983799705,0.5675959776201323,0.6111653056516915,0.5879210640030624
T0,2030,5104,58,679,0.5596465390279823,0.5297199544189466,0.6513362118702749,0.498872442337634
T0,2030,5104,59,679,0.4963181148748159,0.48537567560274164,0.6821989012177107,0.42871706242043545
T0,2030,5104,60,679,0.5655375552282769,0.5396164412371676,0.6287732586067099,0.5776361734694275
T0,2030,5104,61,679,0.5154639175257731,0.5057918104636681,0.6592383563342958,0.5212083127948741
T0,2030,5104,62,679,0.49042709867452133,0.47364458657785813,0.7068528829907809,0.42003929275409346
T0,2030,5105,0,679,0.5773195876288659,0.5427197140548639,0.6149621364469907,0.5921286584434631
T0,2030,5105,1,679,0.5625920471281296,0.5374666038032374,0.6553262206828647,0.5051721709158888
T0,2030,5105,2,679,0.524300441826215,0.4955387206431269,0.6890327621015427,0.4323752104554539
T0,2030,5105,3,679,0.5787923416789397,0.5449431404789149,0.6170549219548264,0.5866930693037394
T0,2030,5105,4,679,0.5655375552282769,0.5391718151583891,0.6398936920910415,0.5450510286761819
T0,2030,5105,5,679,0.5022091310751104,0.4969826657338281,0.695967892681376,0.3813941283141009
T0,2030,5105,6,679,0.5567010309278351,0.5365335448222271,0.6208629903763488,0.5796882031465231
T0,2030,5105,7,679,0.540500736377025,0.5264797254685387,0.660094334007363,0.49634147113302374
T0,2030,5105,8,679,0.5051546391752577,0.4863375063375063,0.6913790150664868,0.4353248771082707
T0,2030,5105,9,679,0.6229749631811488,0.5981498160940163,0.5901310269848412,0.6439323459022581
T0,2030,5105,10,679,0.6229749631811488,0.5981498160940163,0.5901310269848412,0.6439323459022581
T0,2030,5105,11,679,0.6229749631811488,0.5981498160940163,0.5901310269848412,0.6439323459022581
T0,2030,5105,12,679,0.6229749631811488,0.5981498160940163,0.5901310269848412,0.6439323459022581
T0,2030,5105,13,679,0.6229749631811488,0.5981498160940163,0.5901310269848412,0.6439323459022581
T0,2030,5105,14,679,0.6229749631811488,0.5981498160940163,0.5901310269848412,0.6439323459022581
T0,2030,5105,15,679,0.6229749631811488,0.5981498160940163,0.5901310269848412,0.6439323459022581
T0,2030,5105,16,679,0.6229749631811488,0.5981498160940163,0.5901310269848412,0.6439323459022581
T0,2030,5105,17,679,0.6229749631811488,0.5981498160940163,0.5901310269848412,0.6439323459022581
T0,2030,5105,18,679,0.6229749631811488,0.5981498160940163,0.5901310269848412,0.6439323459022581
T0,2030,5105,19,679,0.6229749631811488,0.5981498160940163,0.5901310269848412,0.6439323459022581
T0,2030,5105,20,679,0.6229749631811488,0.5981498160940163,0.5901310269848412,0.6439323459022581
T0,2030,5105,21,679,0.6229749631811488,0.5981498160940163,0.5901310269848412,0.6439323459022581
T0,2030,5105,22,679,0.6229749631811488,0.5981498160940163,0.5901310269848412,0.6439323459022581
T0,2030,5105,23,679,0.6229749631811488,0.5981498160940163,0.5901310269848412,0.6439323459022581
T0,2030,5105,24,679,0.6229749631811488,0.5981498160940163,0.5901310269848412,0.6439323459022581
T0,2030,5105,25,679,0.6229749631811488,0.5981498160940163,0.5901310269848412,0.6439323459022581
T0,2030,5105,26,679,0.6229749631811488,0.5981498160940163,0.5901310269848412,0.6439323459022581
T0,2030,5105,27,679,0.593519882179676,0.5618755400819045,0.6081682478731967,0.6110834785962932
T0,2030,5105,28,679,0.5463917525773195,0.5183522465217574,0.6573941018075761,0.5000223525116226
T0,2030,5105,29,679,0.5125184094256259,0.48450935843340914,0.6971175780791422,0.42656956333723556
T0,2030,5105,30,679,0.5832106038291606,0.5481209696760589,0.616933416306358,0.5806046902312633
T0,2030,5105,31,679,0.5758468335787923,0.5457569153104036,0.6495844563784761,0.49560003435386013
T0,2030,5105,32,679,0.5066273932253313,0.4952641288254077,0.6884672754116368,0.4067085445408424
T0,2030,5105,33,679,0.5817378497790869,0.5558960880389452,0.611180456731035,0.601625260045437
T0,2030,5105,34,679,0.5022091310751104,0.49254105772877105,0.6812307792928328,0.4569101353275123
T0,2030,5105,35,679,0.5125184094256259,0.4979597297478092,0.692267128158037,0.4338504575270997
T0,2030,5105,36,679,0.5876288659793815,0.5547078779810347,0.6192061723551449,0.5876116371897516
T0,2030,5105,37,679,0.5493372606774669,0.5184196203371831,0.6526328144658121,0.524376733290397
T0,2030,5105,38,679,0.5154639175257731,0.48730263465590706,0.6941797128921053,0.440963422303126
T0,2030,5105,39,679,0.5876288659793815,0.5554646859567104,0.6125412075307127,0.5926708010043954
T0,2030,5105,40,679,0.5758468335787923,0.549681191125164,0.6399720042768389,0.5247307195636853
T0,2030,5105,41,679,0.48600883652430044,0.47326123561569355,0.6959491495882464,0.40832293458072705
T0,2030,5105,42,679,0.5832106038291606,0.5595914733464971,0.6135863548745463,0.6032152298054432
T0,2030,5105,43,679,0.5257731958762887,0.516084771529008,0.6579109982029152,0.511073320638839
T0,2030,5105,44,679,0.49042709867452133,0.4751854451854452,0.7016078134963017,0.4135777782413174
T0,2030,5105,45,679,0.6229749631811488,0.5981498160940163,0.5901310269848412,0.6439323459022581
T0,2030,5105,46,679,0.6229749631811488,0.5981498160940163,0.5901310269848412,0.6439323459022581
T0,2030,5105,47,679,0.6229749631811488,0.5981498160940163,0.5901310269848412,0.6439323459022581
T0,2030,5105,48,679,0.6229749631811488,0.5981498160940163,0.5901310269848412,0.6439323459022581
T0,2030,5105,49,679,0.6229749631811488,0.5981498160940163,0.5901310269848412,0.6439323459022581
T0,2030,5105,50,679,0.6229749631811488,0.5981498160940163,0.5901310269848412,0.6439323459022581
T0,2030,5105,51,679,0.6229749631811488,0.5981498160940163,0.5901310269848412,0.6439323459022581
T0,2030,5105,52,679,0.6229749631811488,0.5981498160940163,0.5901310269848412,0.6439323459022581
T0,2030,5105,53,679,0.6229749631811488,0.5981498160940163,0.5901310269848412,0.6439323459022581
T0,2030,5105,54,679,0.5655375552282769,0.5267994537906787,0.6252186916143098,0.5780649487554016
T0,2030,5105,55,679,0.5375552282768777,0.5076435647764335,0.6688098454071602,0.5027319761895296
T0,2030,5105,56,679,0.5287187039764359,0.49887402985836093,0.6886165968755559,0.44621892376376027
T0,2030,5105,57,679,0.5949926362297496,0.5671290618228069,0.6110366327641463,0.5908185922933482
T0,2030,5105,58,679,0.5714285714285714,0.5408736183320566,0.6362780347488415,0.5302352972414915
T0,2030,5105,59,679,0.5036818851251841,0.49203564055449434,0.6887943673335751,0.4241219360197765
T0,2030,5105,60,679,0.5670103092783505,0.54087672336603,0.627140284769665,0.5815243351013547
T0,2030,5105,61,679,0.5007363770250368,0.48653778697982947,0.6698556198945629,0.49727404610462606
T0,2030,5105,62,679,0.4845360824742268,0.46992699422220585,0.7023482654512543,0.42182745589699744
T1,2026,5101,0,679,0.5817378497790869,0.5549577700962657,0.6288119190659193,0.5699804674048131
T1,2026,5101,1,679,0.5596465390279823,0.5441705117093667,0.6495114437171391,0.5496637339294111
T1,2026,5101,2,679,0.5331369661266568,0.5129282958928977,0.6836861502571204,0.47189693008038586
T1,2026,5101,3,679,0.5758468335787923,0.5528758081186367,0.6269952801655599,0.5787329336288978
T1,2026,5101,4,679,0.5596465390279823,0.5398693024173528,0.6439359410170779,0.5342839828591165
T1,2026,5101,5,679,0.5419734904270986,0.5150589384069577,0.676703700524191,0.4746138620177978
T1,2026,5101,6,679,0.5684830633284241,0.544623085308873,0.6238152835084694,0.5844233264399731
T1,2026,5101,7,679,0.5684830633284241,0.5540461574144558,0.621452303496306,0.5719356781355637
T1,2026,5101,8,679,0.5287187039764359,0.5186651467926569,0.6860680878820756,0.43492395575446197
T1,2026,5101,9,679,0.5979381443298969,0.5704699531724566,0.6045873739670232,0.614793888585585
T1,2026,5101,10,679,0.5979381443298969,0.5704699531724566,0.6045873739670232,0.614793888585585
T1,2026,5101,11,679,0.5979381443298969,0.5704699531724566,0.6045873739670232,0.614793888585585
T1,2026,5101,12,679,0.5979381443298969,0.5704699531724566,0.6045873739670232,0.614793888585585
T1,2026,5101,13,679,0.5979381443298969,0.5704699531724566,0.6045873739670232,0.614793888585585
T1,2026,5101,14,679,0.5979381443298969,0.5704699531724566,0.6045873739670232,0.614793888585585
T1,2026,5101,15,679,0.5979381443298969,0.5704699531724566,0.6045873739670232,0.614793888585585
T1,2026,5101,16,679,0.5979381443298969,0.5704699531724566,0.6045873739670232,0.614793888585585
T1,2026,5101,17,679,0.5979381443298969,0.5704699531724566,0.6045873739670232,0.614793888585585
T1,2026,5101,18,679,0.5979381443298969,0.5704699531724566,0.6045873739670232,0.614793888585585
T1,2026,5101,19,679,0.5979381443298969,0.5704699531724566,0.6045873739670232,0.614793888585585
T1,2026,5101,20,679,0.5979381443298969,0.5704699531724566,0.6045873739670232,0.614793888585585
T1,2026,5101,21,679,0.5979381443298969,0.5704699531724566,0.6045873739670232,0.614793888585585
T1,2026,5101,22,679,0.5979381443298969,0.5704699531724566,0.6045873739670232,0.614793888585585
T1,2026,5101,23,679,0.5979381443298969,0.5704699531724566,0.6045873739670232,0.614793888585585
T1,2026,5101,24,679,0.5979381443298969,0.5704699531724566,0.6045873739670232,0.614793888585585
T1,2026,5101,25,679,0.5979381443298969,0.5704699531724566,0.6045873739670232,0.614793888585585
T1,2026,5101,26,679,0.5979381443298969,0.5704699531724566,0.6045873739670232,0.614793888585585
T1,2026,5101,27,679,0.5581737849779087,0.5274911197129496,0.6266963340572476,0.5849341936290041
T1,2026,5101,28,679,0.5552282768777614,0.53671507466564,0.6486666453165579,0.5367168727000018
T1,2026,5101,29,679,0.5287187039764359,0.5082804916857515,0.6843810333419091,0.47073789149495504
T1,2026,5101,30,679,0.6023564064801178,0.5828268591242575,0.6060279573098549,0.5990808766645859
T1,2026,5101,31,679,0.5419734904270986,0.5234654665243859,0.65035354709239,0.5234949472641914
T1,2026,5101,32,679,0.5552282768777614,0.5299121769814787,0.6855404153795411,0.4551800389649342
T1,2026,5101,33,679,0.5802650957290133,0.5551956970560666,0.614708547871313,0.6061623786735346
T1,2026,5101,34,679,0.5419734904270986,0.5196205503897812,0.657608266387667,0.5252933405873041
T1,2026,5101,35,679,0.5213549337260678,0.5121509724629308,0.6732245645045531,0.46410896254996703
T1,2026,5101,36,679,0.5655375552282769,0.5373426116138903,0.6387542582093704,0.5609176550192659
T1,2026,5101,37,679,0.5640648011782032,0.5434518810552689,0.644596094564591,0.541463901167146
T1,2026,5101,38,679,0.5301914580265096,0.5071187928138117,0.6934287796271568,0.44766008751695
T1,2026,5101,39,679,0.5655375552282769,0.5423878451297806,0.628323807456532,0.5700758794633438
T1,2026,5101,40,679,0.5522827687776142,0.5329388858800623,0.669874387259687,0.4949778804091086
T1,2026,5101,41,679,0.5375552282768777,0.5099155027069138,0.6729545762682874,0.4760427670782683
T1,2026,5101,42,679,0.5640648011782032,0.538652599350421,0.6248260100697207,0.5911033306629688
T1,2026,5101,43,679,0.5375552282768777,0.5218136034904095,0.6450127920187977,0.5486066980413213
T1,2026,5101,44,679,0.5228276877761414,0.5146888964252884,0.6806686020652395,0.4444515666237219
T1,2026,5101,45,679,0.5979381443298969,0.5704699531724566,0.6045873739670232,0.614793888585585
T1,2026,5101,46,679,0.5979381443298969,0.5704699531724566,0.6045873739670232,0.614793888585585
T1,2026,5101,47,679,0.5979381443298969,0.5704699531724566,0.6045873739670232,0.614793888585585
T1,2026,5101,48,679,0.5979381443298969,0.5704699531724566,0.6045873739670232,0.614793888585585
T1,2026,5101,49,679,0.5979381443298969,0.5704699531724566,0.6045873739670232,0.614793888585585
T1,2026,5101,50,679,0.5979381443298969,0.5704699531724566,0.6045873739670232,0.614793888585585
T1,2026,5101,51,679,0.5979381443298969,0.5704699531724566,0.6045873739670232,0.614793888585585
T1,2026,5101,52,679,0.5979381443298969,0.5704699531724566,0.6045873739670232,0.614793888585585
T1,2026,5101,53,679,0.5979381443298969,0.5704699531724566,0.6045873739670232,0.614793888585585
T1,2026,5101,54,679,0.5817378497790869,0.5553587680299575,0.6251435290819064,0.5775844966749115
T1,2026,5101,55,679,0.5581737849779087,0.536260849457082,0.6559955183641549,0.5149079414216404
T1,2026,5101,56,679,0.5360824742268041,0.5140496573929655,0.6792416140020157,0.47259210629482235
T1,2026,5101,57,679,0.5817378497790869,0.5579926350969046,0.623401560800065,0.5735576840576155
T1,2026,5101,58,679,0.5508100147275405,0.5273544910251995,0.6439517472866533,0.5186963264409573
T1,2026,5101,59,679,0.5449189985272459,0.5183719572682506,0.677832819269051,0.4574805464502267
T1,2026,5101,60,679,0.5758468335787923,0.5511361649845562,0.6115985064820794,0.6103168727998842
T1,2026,5101,61,679,0.5802650957290133,0.566778802662959,0.6303926870248806,0.5579938650515079
T1,2026,5101,62,679,0.5095729013254786,0.49846926762742594,0.6836377270355141,0.44429856359973535
T1,2026,5102,0,679,0.5596465390279823,0.5288546825338163,0.6376814154225,0.5473225527925629
T1,2026,5102,1,679,0.5581737849779087,0.5354661966442587,0.6518198146384665,0.5285159896046295
T1,2026,5102,2,679,0.5419734904270986,0.5247489840220938,0.6760442940537462,0.48583175939492784
T1,2026,5102,3,679,0.5787923416789397,0.5542043511920332,0.6222934785445765,0.5829215484232156
T1,2026,5102,4,679,0.5537555228276878,0.5303766941814243,0.641120261357705,0.5500251853381851
T1,2026,5102,5,679,0.5419734904270986,0.5217666748791718,0.6791444363975033,0.4601008434704799
T1,2026,5102,6,679,0.5684830633284241,0.5418250151227526,0.6177447791786012,0.59716596467905
T1,2026,5102,7,679,0.5522827687776142,0.5375499728434561,0.6335138669552964,0.5674126758348838
T1,2026,5102,8,679,0.5301914580265096,0.5203613957060796,0.6773587903323335,0.4651276211845641
T1,2026,5102,9,679,0.5979381443298969,0.5704699531724566,0.6045873739670232,0.614793888585585
T1,2026,5102,10,679,0.5979381443298969,0.5704699531724566,0.6045873739670232,0.614793888585585
T1,2026,5102,11,679,0.5979381443298969,0.5704699531724566,0.6045873739670232,0.614793888585585
T1,2026,5102,12,679,0.5979381443298969,0.5704699531724566,0.6045873739670232,0.614793888585585
T1,2026,5102,13,679,0.5979381443298969,0.5704699531724566,0.6045873739670232,0.614793888585585
T1,2026,5102,14,679,0.5979381443298969,0.5704699531724566,0.6045873739670232,0.614793888585585
T1,2026,5102,15,679,0.5979381443298969,0.5704699531724566,0.6045873739670232,0.614793888585585
T1,2026,5102,16,679,0.5979381443298969,0.5704699531724566,0.6045873739670232,0.614793888585585
T1,2026,5102,17,679,0.5979381443298969,0.5704699531724566,0.6045873739670232,0.614793888585585
T1,2026,5102,18,679,0.5979381443298969,0.5704699531724566,0.6045873739670232,0.614793888585585
T1,2026,5102,19,679,0.5979381443298969,0.5704699531724566,0.6045873739670232,0.614793888585585
T1,2026,5102,20,679,0.5979381443298969,0.5704699531724566,0.6045873739670232,0.614793888585585
T1,2026,5102,21,679,0.5979381443298969,0.5704699531724566,0.6045873739670232,0.614793888585585
T1,2026,5102,22,679,0.5979381443298969,0.5704699531724566,0.6045873739670232,0.614793888585585
T1,2026,5102,23,679,0.5979381443298969,0.5704699531724566,0.6045873739670232,0.614793888585585
T1,2026,5102,24,679,0.5979381443298969,0.5704699531724566,0.6045873739670232,0.614793888585585
T1,2026,5102,25,679,0.5979381443298969,0.5704699531724566,0.6045873739670232,0.614793888585585
T1,2026,5102,26,679,0.5979381443298969,0.5704699531724566,0.6045873739670232,0.614793888585585
T1,2026,5102,27,679,0.5640648011782032,0.5369035301907876,0.6339495579694262,0.558834990649336
T1,2026,5102,28,679,0.5655375552282769,0.5462011559213327,0.6450700357841638,0.5462601824480213
T1,2026,5102,29,679,0.5301914580265096,0.5124327933824099,0.6856575733124771,0.46534072754485784
T1,2026,5102,30,679,0.5832106038291606,0.5601925772138538,0.619676392607731,0.5884220366266599
T1,2026,5102,31,679,0.5508100147275405,0.5249719989159951,0.6549271444772234,0.5031277581158233
T1,2026,5102,32,679,0.5213549337260678,0.4945356100193813,0.6968473100785127,0.4514113058205067
T1,2026,5102,33,679,0.5581737849779087,0.5284145805884937,0.6259087988001257,0.5907772783436376
T1,2026,5102,34,679,0.561119293078056,0.5444521578510054,0.6328588799190802,0.5626547940796182
T1,2026,5102,35,679,0.5095729013254786,0.5000619975661711,0.6882158076069668,0.4439429949777512
T1,2026,5102,36,679,0.5684830633284241,0.5408414348397584,0.6261794189421874,0.5870849484062641
T1,2026,5102,37,679,0.5567010309278351,0.5326630818645245,0.6645705692239643,0.52961113157652
T1,2026,5102,38,679,0.540500736377025,0.5205736474580696,0.6783749016114292,0.48198800424233046
T1,2026,5102,39,679,0.5773195876288659,0.5516035934634596,0.6308290729949331,0.5662434164167287
T1,2026,5102,40,679,0.5625920471281296,0.5382194587383267,0.6576386676752866,0.5000958011227529
T1,2026,5102,41,679,0.5390279823269514,0.5137048122499507,0.6664616214509214,0.5038528086040337
T1,2026,5102,42,679,0.5596465390279823,0.5357254344470828,0.6126429401063779,0.6043298236235393
T1,2026,5102,43,679,0.5596465390279823,0.5422197262070815,0.6277297435654807,0.5845253967752585
T1,2026,5102,44,679,0.524300441826215,0.5127788173305251,0.680627548971127,0.4550379759571693
T1,2026,5102,45,679,0.5979381443298969,0.5704699531724566,0.6045873739670232,0.614793888585585
T1,2026,5102,46,679,0.5979381443298969,0.5704699531724566,0.6045873739670232,0.614793888585585
T1,2026,5102,47,679,0.5979381443298969,0.5704699531724566,0.6045873739670232,0.614793888585585
T1,2026,5102,48,679,0.5979381443298969,0.5704699531724566,0.6045873739670232,0.614793888585585
T1,2026,5102,49,679,0.5979381443298969,0.5704699531724566,0.6045873739670232,0.614793888585585
T1,2026,5102,50,679,0.5979381443298969,0.5704699531724566,0.6045873739670232,0.614793888585585
T1,2026,5102,51,679,0.5979381443298969,0.5704699531724566,0.6045873739670232,0.614793888585585
T1,2026,5102,52,679,0.5979381443298969,0.5704699531724566,0.6045873739670232,0.614793888585585
T1,2026,5102,53,679,0.5979381443298969,0.5704699531724566,0.6045873739670232,0.614793888585585
T1,2026,5102,54,679,0.5714285714285714,0.547088682705121,0.6290806652827186,0.5735294074348074
T1,2026,5102,55,679,0.561119293078056,0.5406510458532638,0.6559411176481724,0.5248693663978077
T1,2026,5102,56,679,0.5272459499263623,0.5068885537064969,0.6925949378814191,0.4553781662558542
T1,2026,5102,57,679,0.5684830633284241,0.5461005019924442,0.6272995270492402,0.5749396033882358
T1,2026,5102,58,679,0.5625920471281296,0.5403211092866265,0.6439428239490217,0.5496867008389107
T1,2026,5102,59,679,0.5125184094256259,0.48333963408981273,0.6885919723884698,0.43174506588615236
T1,2026,5102,60,679,0.572901325478645,0.5460196084627345,0.6268048819939062,0.5785830358305173
T1,2026,5102,61,679,0.5419734904270986,0.5192359963233544,0.634777947777501,0.5675737331870507
T1,2026,5102,62,679,0.5095729013254786,0.500040509310901,0.676251473632231,0.4643252705610177
T1,2026,5103,0,679,0.5670103092783505,0.5434950680312279,0.6189164523918604,0.6001752582661347
T1,2026,5103,1,679,0.5625920471281296,0.541212832764886,0.6566656838899508,0.5122691191976976
T1,2026,5103,2,679,0.5287187039764359,0.5080433381405386,0.6791430251543933,0.4777133425879849
T1,2026,5103,3,679,0.5832106038291606,0.5629141773669778,0.626365490773465,0.5682980243318091
T1,2026,5103,4,679,0.5508100147275405,0.5280960280020468,0.6501464473086358,0.5220450128988265
T1,2026,5103,5,679,0.5316642120765832,0.501395156403285,0.6813119618943584,0.4704362528956774
T1,2026,5103,6,679,0.5640648011782032,0.5405137764505716,0.6171321355804955,0.5928208652101468
T1,2026,5103,7,679,0.5640648011782032,0.5520237355378752,0.629217434833608,0.566940780793816
T1,2026,5103,8,679,0.5139911634756995,0.5032630920451354,0.6823918003045758,0.447885503379739
T1,2026,5103,9,679,0.5979381443298969,0.5704699531724566,0.6045873739670232,0.614793888585585
T1,2026,5103,10,679,0.5979381443298969,0.5704699531724566,0.6045873739670232,0.614793888585585
T1,2026,5103,11,679,0.5979381443298969,0.5704699531724566,0.6045873739670232,0.614793888585585
T1,2026,5103,12,679,0.5979381443298969,0.5704699531724566,0.6045873739670232,0.614793888585585
T1,2026,5103,13,679,0.5979381443298969,0.5704699531724566,0.6045873739670232,0.614793888585585
T1,2026,5103,14,679,0.5979381443298969,0.5704699531724566,0.6045873739670232,0.614793888585585
T1,2026,5103,15,679,0.5979381443298969,0.5704699531724566,0.6045873739670232,0.614793888585585
T1,2026,5103,16,679,0.5979381443298969,0.5704699531724566,0.6045873739670232,0.614793888585585
T1,2026,5103,17,679,0.5979381443298969,0.5704699531724566,0.6045873739670232,0.614793888585585
T1,2026,5103,18,679,0.5979381443298969,0.5704699531724566,0.6045873739670232,0.614793888585585
T1,2026,5103,19,679,0.5979381443298969,0.5704699531724566,0.6045873739670232,0.614793888585585
T1,2026,5103,20,679,0.5979381443298969,0.5704699531724566,0.6045873739670232,0.614793888585585
T1,2026,5103,21,679,0.5979381443298969,0.5704699531724566,0.6045873739670232,0.614793888585585
T1,2026,5103,22,679,0.5979381443298969,0.5704699531724566,0.6045873739670232,0.614793888585585
T1,2026,5103,23,679,0.5979381443298969,0.5704699531724566,0.6045873739670232,0.614793888585585
T1,2026,5103,24,679,0.5979381443298969,0.5704699531724566,0.6045873739670232,0.614793888585585
T1,2026,5103,25,679,0.5979381443298969,0.5704699531724566,0.6045873739670232,0.614793888585585
T1,2026,5103,26,679,0.5979381443298969,0.5704699531724566,0.6045873739670232,0.614793888585585
T1,2026,5103,27,679,0.561119293078056,0.535630891510856,0.6294336464250562,0.5849705356342394
T1,2026,5103,28,679,0.5773195876288659,0.555037500423035,0.6397593261040363,0.5483149572160584
T1,2026,5103,29,679,0.5301914580265096,0.5095862682420094,0.6859975549363598,0.46221898019379354
T1,2026,5103,30,679,0.5905743740795287,0.5708010843698633,0.6297248263729514,0.5630938404988763
T1,2026,5103,31,679,0.5655375552282769,0.544679668083525,0.6443109658707225,0.5438458322839889
T1,2026,5103,32,679,0.5169366715758469,0.48540990886832047,0.6920804520726028,0.45653392218448513
T1,2026,5103,33,679,0.5714285714285714,0.5480360508192238,0.6234954267696358,0.5878919757112512
T1,2026,5103,34,679,0.5596465390279823,0.5427493639555399,0.6526818831117936,0.5249403080455644
T1,2026,5103,35,679,0.5213549337260678,0.5095312911489382,0.6768957793888182,0.4511025264064479
T1,2026,5103,36,679,0.5802650957290133,0.5507645175541797,0.6229617358219641,0.5686284199544734
T1,2026,5103,37,679,0.5581737849779087,0.5351292436858438,0.6415663024023812,0.5464214175216037
T1,2026,5103,38,679,0.5228276877761414,0.5039827746079529,0.6855315827875671,0.4738192958390763
T1,2026,5103,39,679,0.5817378497790869,0.561013880662848,0.6201387786022518,0.5801711243123968
T1,2026,5103,40,679,0.572901325478645,0.5555899449473258,0.6354607501244158,0.5404919814647089
T1,2026,5103,41,679,0.5346097201767305,0.510271569651331,0.6627862855726209,0.5065443733613244
T1,2026,5103,42,679,0.5787923416789397,0.5536715794965436,0.61972234579179,0.5916015725765189
T1,2026,5103,43,679,0.5434462444771723,0.5225866943855947,0.6427629717978182,0.5519863779287281
T1,2026,5103,44,679,0.5139911634756995,0.5024468945505204,0.6819626937821969,0.4514658275161542
T1,2026,5103,45,679,0.5979381443298969,0.5704699531724566,0.6045873739670232,0.614793888585585
T1,2026,5103,46,679,0.5979381443298969,0.5704699531724566,0.6045873739670232,0.614793888585585
T1,2026,5103,47,679,0.5979381443298969,0.5704699531724566,0.6045873739670232,0.614793888585585
T1,2026,5103,48,679,0.5979381443298969,0.5704699531724566,0.6045873739670232,0.614793888585585
T1,2026,5103,49,679,0.5979381443298969,0.5704699531724566,0.6045873739670232,0.614793888585585
T1,2026,5103,50,679,0.5979381443298969,0.5704699531724566,0.6045873739670232,0.614793888585585
T1,2026,5103,51,679,0.5979381443298969,0.5704699531724566,0.6045873739670232,0.614793888585585
T1,2026,5103,52,679,0.5979381443298969,0.5704699531724566,0.6045873739670232,0.614793888585585
T1,2026,5103,53,679,0.5979381443298969,0.5704699531724566,0.6045873739670232,0.614793888585585
T1,2026,5103,54,679,0.5655375552282769,0.5408189130075906,0.6214627846965733,0.5980848656225518
T1,2026,5103,55,679,0.5699558173784978,0.5504110916666188,0.6408055937342861,0.5504645545097179
T1,2026,5103,56,679,0.5287187039764359,0.5072153938573322,0.6878898460225961,0.46162715047095937
T1,2026,5103,57,679,0.5596465390279823,0.5367513048721284,0.6164465619906762,0.5829572263384495
T1,2026,5103,58,679,0.5434462444771723,0.522474639155204,0.6524154121640504,0.5025678323223058
T1,2026,5103,59,679,0.5198821796759941,0.4926365966713949,0.6888469516002026,0.45513281233870434
T1,2026,5103,60,679,0.5802650957290133,0.5522268550199212,0.6231873739889339,0.5775756611674018
T1,2026,5103,61,679,0.5596465390279823,0.5434997015263057,0.6373577954711198,0.5511629726990923
T1,2026,5103,62,679,0.5139911634756995,0.5045876124142584,0.6824743569511729,0.45563141964449766
T1,2026,5104,0,679,0.561119293078056,0.5342487820400447,0.638398172402417,0.5667044914932572
T1,2026,5104,1,679,0.5552282768777614,0.5335555950176468,0.6521479571690791,0.5270924736446848
T1,2026,5104,2,679,0.5390279823269514,0.5184030414577078,0.6823557216964871,0.47431048633336564
T1,2026,5104,3,679,0.5581737849779087,0.5322757486231724,0.6389299631118774,0.5576855149136838
T1,2026,5104,4,679,0.5684830633284241,0.5465857662728604,0.6433355153616468,0.5434109163166982
T1,2026,5104,5,679,0.5463917525773195,0.5219017098602591,0.6899222885649404,0.4367271852237213
T1,2026,5104,6,679,0.5670103092783505,0.5407434876107373,0.6343385419631391,0.5732651819716907
T1,2026,5104,7,679,0.5581737849779087,0.5425167626257155,0.626593010985623,0.5682664556833713
T1,2026,5104,8,679,0.5213549337260678,0.5102963631974787,0.6781014358742774,0.4552592879473166
T1,2026,5104,9,679,0.5979381443298969,0.5704699531724566,0.6045873739670232,0.614793888585585
T1,2026,5104,10,679,0.5979381443298969,0.5704699531724566,0.6045873739670232,0.614793888585585
T1,2026,5104,11,679,0.5979381443298969,0.5704699531724566,0.6045873739670232,0.614793888585585
T1,2026,5104,12,679,0.5979381443298969,0.5704699531724566,0.6045873739670232,0.614793888585585
T1,2026,5104,13,679,0.5979381443298969,0.5704699531724566,0.6045873739670232,0.614793888585585
T1,2026,5104,14,679,0.5979381443298969,0.5704699531724566,0.6045873739670232,0.614793888585585
T1,2026,5104,15,679,0.5979381443298969,0.5704699531724566,0.6045873739670232,0.614793888585585
T1,2026,5104,16,679,0.5979381443298969,0.5704699531724566,0.6045873739670232,0.614793888585585
T1,2026,5104,17,679,0.5979381443298969,0.5704699531724566,0.6045873739670232,0.614793888585585
T1,2026,5104,18,679,0.5979381443298969,0.5704699531724566,0.6045873739670232,0.614793888585585
T1,2026,5104,19,679,0.5979381443298969,0.5704699531724566,0.6045873739670232,0.614793888585585
T1,2026,5104,20,679,0.5979381443298969,0.5704699531724566,0.6045873739670232,0.614793888585585
T1,2026,5104,21,679,0.5979381443298969,0.5704699531724566,0.6045873739670232,0.614793888585585
T1,2026,5104,22,679,0.5979381443298969,0.5704699531724566,0.6045873739670232,0.614793888585585
T1,2026,5104,23,679,0.5979381443298969,0.5704699531724566,0.6045873739670232,0.614793888585585
T1,2026,5104,24,679,0.5979381443298969,0.5704699531724566,0.6045873739670232,0.614793888585585
T1,2026,5104,25,679,0.5979381443298969,0.5704699531724566,0.6045873739670232,0.614793888585585
T1,2026,5104,26,679,0.5979381443298969,0.5704699531724566,0.6045873739670232,0.614793888585585
T1,2026,5104,27,679,0.572901325478645,0.5490549079911232,0.616292125587962,0.5918505445402338
T1,2026,5104,28,679,0.561119293078056,0.5397868447345018,0.6406404785318122,0.5505671600785438
T1,2026,5104,29,679,0.524300441826215,0.5004501833368302,0.6857777299120781,0.46348139350012324
T1,2026,5104,30,679,0.572901325478645,0.5465602235835103,0.6229342102389974,0.5864635716412558
T1,2026,5104,31,679,0.561119293078056,0.5407712706219947,0.6508331437525237,0.5254129832416777
T1,2026,5104,32,679,0.5375552282768777,0.5138723480777012,0.6610413176585016,0.5125249910120858
T1,2026,5104,33,679,0.5758468335787923,0.5499222633393582,0.620822322078938,0.5954477163500712
T1,2026,5104,34,679,0.5449189985272459,0.5287437267301166,0.6407703630878577,0.5572131155311355
T1,2026,5104,35,679,0.5198821796759941,0.5113313390867821,0.6773448629258132,0.4627654244158715
T1,2026,5104,36,679,0.5684830633284241,0.5464967902440683,0.6239292380209348,0.5792378706438873
T1,2026,5104,37,679,0.561119293078056,0.5385457714714711,0.6678984016838411,0.510639495750361
T1,2026,5104,38,679,0.540500736377025,0.5216046628028629,0.6782137522026787,0.4781796514976313
T1,2026,5104,39,679,0.5640648011782032,0.5407461160042685,0.634665168788893,0.5772327180017814
T1,2026,5104,40,679,0.5301914580265096,0.5072452635890451,0.6546189486102608,0.5400696591844025
T1,2026,5104,41,679,0.5346097201767305,0.5036791758920578,0.6770186891480293,0.46329218462440364
T1,2026,5104,42,679,0.5802650957290133,0.5502376766474368,0.6091723084142527,0.6202537624347035
T1,2026,5104,43,679,0.572901325478645,0.5565418521427948,0.635651418777383,0.5509140127559061
T1,2026,5104,44,679,0.5257731958762887,0.5167642937484591,0.6865010026496711,0.4396615014861046
T1,2026,5104,45,679,0.5979381443298969,0.5704699531724566,0.6045873739670232,0.614793888585585
T1,2026,5104,46,679,0.5979381443298969,0.5704699531724566,0.6045873739670232,0.614793888585585
T1,2026,5104,47,679,0.5979381443298969,0.5704699531724566,0.6045873739670232,0.614793888585585
T1,2026,5104,48,679,0.5979381443298969,0.5704699531724566,0.6045873739670232,0.614793888585585
T1,2026,5104,49,679,0.5979381443298969,0.5704699531724566,0.6045873739670232,0.614793888585585
T1,2026,5104,50,679,0.5979381443298969,0.5704699531724566,0.6045873739670232,0.614793888585585
T1,2026,5104,51,679,0.5979381443298969,0.5704699531724566,0.6045873739670232,0.614793888585585
T1,2026,5104,52,679,0.5979381443298969,0.5704699531724566,0.6045873739670232,0.614793888585585
T1,2026,5104,53,679,0.5979381443298969,0.5704699531724566,0.6045873739670232,0.614793888585585
T1,2026,5104,54,679,0.5832106038291606,0.5593998185588099,0.6251608318099218,0.5811719455989871
T1,2026,5104,55,679,0.5596465390279823,0.5370307853066474,0.6505146857038338,0.5430421230687448
T1,2026,5104,56,679,0.5272459499263623,0.5061323512128661,0.681329672901023,0.46777532306803515
T1,2026,5104,57,679,0.5684830633284241,0.5417718511515788,0.6234006084205476,0.5737693538433238
T1,2026,5104,58,679,0.5360824742268041,0.5158102493781912,0.6659341692617259,0.5098251024900899
T1,2026,5104,59,679,0.5301914580265096,0.5113008340536137,0.6781697926798695,0.48339130130135416
T1,2026,5104,60,679,0.5670103092783505,0.5385040462348846,0.629553254446857,0.5857366079494654
T1,2026,5104,61,679,0.5743740795287187,0.5618685259202545,0.6307834130938169,0.5629121331001933
T1,2026,5104,62,679,0.5228276877761414,0.5084668742104677,0.6765938048993013,0.46348647304348983
T1,2026,5105,0,679,0.5625920471281296,0.5337134626959428,0.6323746477688535,0.5650737887029209
T1,2026,5105,1,679,0.5552282768777614,0.5326351444399329,0.6545077853552196,0.530426652332352
T1,2026,5105,2,679,0.540500736377025,0.5207086073574011,0.6806431728715574,0.47919335602784313
T1,2026,5105,3,679,0.5905743740795287,0.5663480048048122,0.6243126711236184,0.5828906124792347
T1,2026,5105,4,679,0.5655375552282769,0.5470310539592089,0.640288926276964,0.5304910476372126
T1,2026,5105,5,679,0.540500736377025,0.517664903336198,0.6812022543445075,0.4601983140307984
T1,2026,5105,6,679,0.5596465390279823,0.53177046635828,0.6207455573754388,0.5935193658501896
T1,2026,5105,7,679,0.5581737849779087,0.5415643201063923,0.6412042659406985,0.5409908881386611
T1,2026,5105,8,679,0.5154639175257731,0.5030344984821992,0.6795248137965294,0.4621320165999593
T1,2026,5105,9,679,0.5979381443298969,0.5704699531724566,0.6045873739670232,0.614793888585585
T1,2026,5105,10,679,0.5979381443298969,0.5704699531724566,0.6045873739670232,0.614793888585585
T1,2026,5105,11,679,0.5979381443298969,0.5704699531724566,0.6045873739670232,0.614793888585585
T1,2026,5105,12,679,0.5979381443298969,0.5704699531724566,0.6045873739670232,0.614793888585585
T1,2026,5105,13,679,0.5979381443298969,0.5704699531724566,0.6045873739670232,0.614793888585585
T1,2026,5105,14,679,0.5979381443298969,0.5704699531724566,0.6045873739670232,0.614793888585585
T1,2026,5105,15,679,0.5979381443298969,0.5704699531724566,0.6045873739670232,0.614793888585585
T1,2026,5105,16,679,0.5979381443298969,0.5704699531724566,0.6045873739670232,0.614793888585585
T1,2026,5105,17,679,0.5979381443298969,0.5704699531724566,0.6045873739670232,0.614793888585585
T1,2026,5105,18,679,0.5979381443298969,0.5704699531724566,0.6045873739670232,0.614793888585585
T1,2026,5105,19,679,0.5979381443298969,0.5704699531724566,0.6045873739670232,0.614793888585585
T1,2026,5105,20,679,0.5979381443298969,0.5704699531724566,0.6045873739670232,0.614793888585585
T1,2026,5105,21,679,0.5979381443298969,0.5704699531724566,0.6045873739670232,0.614793888585585
T1,2026,5105,22,679,0.5979381443298969,0.5704699531724566,0.6045873739670232,0.614793888585585
T1,2026,5105,23,679,0.5979381443298969,0.5704699531724566,0.6045873739670232,0.614793888585585
T1,2026,5105,24,679,0.5979381443298969,0.5704699531724566,0.6045873739670232,0.614793888585585
T1,2026,5105,25,679,0.5979381443298969,0.5704699531724566,0.6045873739670232,0.614793888585585
T1,2026,5105,26,679,0.5979381443298969,0.5704699531724566,0.6045873739670232,0.614793888585585
T1,2026,5105,27,679,0.5699558173784978,0.5465188752218627,0.6210991092827254,0.5944978465782703
T1,2026,5105,28,679,0.5596465390279823,0.5395455632401661,0.6520117847838703,0.5359896890499602
T1,2026,5105,29,679,0.5257731958762887,0.505213436010975,0.6826240776301483,0.46730750391615977
T1,2026,5105,30,679,0.572901325478645,0.548347766648966,0.6175028832522338,0.5809185737425252
T1,2026,5105,31,679,0.5463917525773195,0.5291535141279387,0.6611613572214419,0.5046832911219578
T1,2026,5105,32,679,0.540500736377025,0.521629336780035,0.6792759506885012,0.4667683071855585
T1,2026,5105,33,679,0.5743740795287187,0.5433621475168569,0.6269876567183257,0.5933605805076285
T1,2026,5105,34,679,0.5640648011782032,0.5461201247057327,0.6440979568438607,0.5467861155707316
T1,2026,5105,35,679,0.5139911634756995,0.5053082080917811,0.6842881428826716,0.4384463894381673
T1,2026,5105,36,679,0.5552282768777614,0.5258153019900496,0.6364626746641168,0.5663697181184054
T1,2026,5105,37,679,0.5493372606774669,0.5256405975261074,0.6641824705435706,0.5147641169713895
T1,2026,5105,38,679,0.5287187039764359,0.5094268098716895,0.6819235642765689,0.47595936322798255
T1,2026,5105,39,679,0.5684830633284241,0.5438887704032044,0.6273793479830948,0.5770719389746446
T1,2026,5105,40,679,0.5846833578792342,0.5673746921193606,0.6359902180083897,0.55360498813732
T1,2026,5105,41,679,0.5419734904270986,0.5139053195817742,0.6743878380715057,0.47073187822053925
T1,2026,5105,42,679,0.5861561119293078,0.5582968217461473,0.6070661564989891,0.6134533320638159
T1,2026,5105,43,679,0.5522827687776142,0.5386792362521754,0.6408503316726881,0.555070904440109
T1,2026,5105,44,679,0.5213549337260678,0.5124660632402374,0.6767584079978041,0.4583362703234753
T1,2026,5105,45,679,0.5979381443298969,0.5704699531724566,0.6045873739670232,0.614793888585585
T1,2026,5105,46,679,0.5979381443298969,0.5704699531724566,0.6045873739670232,0.614793888585585
T1,2026,5105,47,679,0.5979381443298969,0.5704699531724566,0.6045873739670232,0.614793888585585
T1,2026,5105,48,679,0.5979381443298969,0.5704699531724566,0.6045873739670232,0.614793888585585
T1,2026,5105,49,679,0.5979381443298969,0.5704699531724566,0.6045873739670232,0.614793888585585
T1,2026,5105,50,679,0.5979381443298969,0.5704699531724566,0.6045873739670232,0.614793888585585
T1,2026,5105,51,679,0.5979381443298969,0.5704699531724566,0.6045873739670232,0.614793888585585
T1,2026,5105,52,679,0.5979381443298969,0.5704699531724566,0.6045873739670232,0.614793888585585
T1,2026,5105,53,679,0.5979381443298969,0.5704699531724566,0.6045873739670232,0.614793888585585
T1,2026,5105,54,679,0.5655375552282769,0.5378685412968521,0.6383100928675619,0.561574154230903
T1,2026,5105,55,679,0.5714285714285714,0.5524628743683427,0.664062661674307,0.507629339012307
T1,2026,5105,56,679,0.5213549337260678,0.5032524268399149,0.6909471025391426,0.45974639348726926
T1,2026,5105,57,679,0.5714285714285714,0.5475311332318171,0.6258441707083684,0.5712823904472373
T1,2026,5105,58,679,0.5714285714285714,0.5502129189573126,0.6472307656053591,0.5306484694104924
T1,2026,5105,59,679,0.5478645066273933,0.5246428351757726,0.6667734242547769,0.49740724191307056
T1,2026,5105,60,679,0.5567010309278351,0.5270344218429325,0.6302568724869979,0.5796399283270047
T1,2026,5105,61,679,0.5567010309278351,0.5391412703477664,0.6318571301772422,0.5630169345930894
T1,2026,5105,62,679,0.5287187039764359,0.5176880144484745,0.6695392118857431,0.4871169099547065
T1,2027,5101,0,679,0.5802650957290133,0.5621909008199009,0.6115637390006098,0.5823851960484465
T1,2027,5101,1,679,0.5596465390279823,0.5476868690384513,0.6309746246406361,0.5569273095597235
T1,2027,5101,2,679,0.5301914580265096,0.5151282616178542,0.6715745336879511,0.48099755733348787
T1,2027,5101,3,679,0.6023564064801178,0.5884152444202481,0.6119065786628204,0.5792126454491896
T1,2027,5101,4,679,0.5655375552282769,0.5547068407719183,0.6334751776813232,0.5499326602418765
T1,2027,5101,5,679,0.5036818851251841,0.49657649439073814,0.6668114601380695,0.4790159982029817
T1,2027,5101,6,679,0.5596465390279823,0.5487430304135354,0.606191977200171,0.6031062590165913
T1,2027,5101,7,679,0.5493372606774669,0.5507691440303244,0.6220214313145765,0.5825540560104615
T1,2027,5101,8,679,0.5154639175257731,0.5158493494877935,0.668748806980994,0.47385585260825025
T1,2027,5101,9,679,0.5861561119293078,0.562507606182305,0.5934471713601226,0.6200979741796622
T1,2027,5101,10,679,0.5861561119293078,0.562507606182305,0.5934471713601226,0.6200979741796622
T1,2027,5101,11,679,0.5861561119293078,0.562507606182305,0.5934471713601226,0.6200979741796622
T1,2027,5101,12,679,0.5861561119293078,0.562507606182305,0.5934471713601226,0.6200979741796622
T1,2027,5101,13,679,0.5861561119293078,0.562507606182305,0.5934471713601226,0.6200979741796622
T1,2027,5101,14,679,0.5861561119293078,0.562507606182305,0.5934471713601226,0.6200979741796622
T1,2027,5101,15,679,0.5861561119293078,0.562507606182305,0.5934471713601226,0.6200979741796622
T1,2027,5101,16,679,0.5861561119293078,0.562507606182305,0.5934471713601226,0.6200979741796622
T1,2027,5101,17,679,0.5861561119293078,0.562507606182305,0.5934471713601226,0.6200979741796622
T1,2027,5101,18,679,0.5861561119293078,0.562507606182305,0.5934471713601226,0.6200979741796622
T1,2027,5101,19,679,0.5861561119293078,0.562507606182305,0.5934471713601226,0.6200979741796622
T1,2027,5101,20,679,0.5861561119293078,0.562507606182305,0.5934471713601226,0.6200979741796622
T1,2027,5101,21,679,0.5861561119293078,0.562507606182305,0.5934471713601226,0.6200979741796622
T1,2027,5101,22,679,0.5861561119293078,0.562507606182305,0.5934471713601226,0.6200979741796622
T1,2027,5101,23,679,0.5861561119293078,0.562507606182305,0.5934471713601226,0.6200979741796622
T1,2027,5101,24,679,0.5861561119293078,0.562507606182305,0.5934471713601226,0.6200979741796622
T1,2027,5101,25,679,0.5861561119293078,0.562507606182305,0.5934471713601226,0.6200979741796622
T1,2027,5101,26,679,0.5861561119293078,0.562507606182305,0.5934471713601226,0.6200979741796622
T1,2027,5101,27,679,0.5743740795287187,0.5564875390898648,0.6064795887259566,0.6027747811051601
T1,2027,5101,28,679,0.5581737849779087,0.5451817149117101,0.638199214490243,0.5403406187106583
T1,2027,5101,29,679,0.5360824742268041,0.5204297089412488,0.668865956113686,0.48353656358577585
T1,2027,5101,30,679,0.5964653902798233,0.5800966375070176,0.6093782431203241,0.5804967842980232
T1,2027,5101,31,679,0.5567010309278351,0.5474227122987005,0.6415059771690523,0.5267406974080857
T1,2027,5101,32,679,0.4963181148748159,0.4923439902075103,0.6774343546474454,0.4509341215189324
T1,2027,5101,33,679,0.5846833578792342,0.5776761297734,0.5999033755906727,0.6145316837128202
T1,2027,5101,34,679,0.5508100147275405,0.5496159677446227,0.6347977524082861,0.5540017466362562
T1,2027,5101,35,679,0.5051546391752577,0.5079797252806151,0.6671850451971891,0.48358422083698355
T1,2027,5101,36,679,0.5699558173784978,0.5518938677758871,0.614270697154423,0.583491392450085
T1,2027,5101,37,679,0.5537555228276878,0.538078694263287,0.6393957098339724,0.5378105923154451
T1,2027,5101,38,679,0.5316642120765832,0.5148849768892574,0.6803439599688169,0.4635425952318054
T1,2027,5101,39,679,0.5949926362297496,0.5781014621446754,0.6125086863938066,0.5836352208012536
T1,2027,5101,40,679,0.5817378497790869,0.5679394669650298,0.6374817026864096,0.5316216011311665
T1,2027,5101,41,679,0.4992636229749632,0.4900389994450858,0.6645798890992713,0.48910126188729697
T1,2027,5101,42,679,0.5670103092783505,0.5594439643229331,0.6078581691929448,0.5948724048002969
T1,2027,5101,43,679,0.5434462444771723,0.5432394588166396,0.631438027974081,0.5688922398936277
T1,2027,5101,44,679,0.4992636229749632,0.5029375375266097,0.672545651777679,0.45965941251434056
T1,2027,5101,45,679,0.5861561119293078,0.562507606182305,0.5934471713601226,0.6200979741796622
T1,2027,5101,46,679,0.5861561119293078,0.562507606182305,0.5934471713601226,0.6200979741796622
T1,2027,5101,47,679,0.5861561119293078,0.562507606182305,0.5934471713601226,0.6200979741796622
T1,2027,5101,48,679,0.5861561119293078,0.562507606182305,0.5934471713601226,0.6200979741796622
T1,2027,5101,49,679,0.5861561119293078,0.562507606182305,0.5934471713601226,0.6200979741796622
T1,2027,5101,50,679,0.5861561119293078,0.562507606182305,0.5934471713601226,0.6200979741796622
T1,2027,5101,51,679,0.5861561119293078,0.562507606182305,0.5934471713601226,0.6200979741796622
T1,2027,5101,52,679,0.5861561119293078,0.562507606182305,0.5934471713601226,0.6200979741796622
T1,2027,5101,53,679,0.5861561119293078,0.562507606182305,0.5934471713601226,0.6200979741796622
T1,2027,5101,54,679,0.5964653902798233,0.579328008084734,0.5986846370707556,0.6007806828906833
T1,2027,5101,55,679,0.5670103092783505,0.5528196281921085,0.639324942310183,0.5276666995789935
T1,2027,5101,56,679,0.5463917525773195,0.5306289809995843,0.6597136227257648,0.49154689890854786
T1,2027,5101,57,679,0.5964653902798233,0.5788520539420197,0.6080971828748271,0.573848166444234
T1,2027,5101,58,679,0.5625920471281296,0.5497247308454777,0.6292399745846006,0.5279734870018267
T1,2027,5101,59,679,0.49189985272459497,0.48691494562269055,0.6781896669445052,0.4484174547894041
T1,2027,5101,60,679,0.5714285714285714,0.5630267522055923,0.5995982663050315,0.6116618390524546
T1,2027,5101,61,679,0.5625920471281296,0.5649916923919303,0.6192457695904466,0.5805228829145672
T1,2027,5101,62,679,0.5036818851251841,0.5051170256107478,0.6700657391714945,0.467567909073021
T1,2027,5102,0,679,0.5699558173784978,0.5519324990071922,0.6129033414095596,0.5824875773123069
T1,2027,5102,1,679,0.561119293078056,0.5454445737122452,0.6421113162793889,0.5306646887750868
T1,2027,5102,2,679,0.540500736377025,0.5243643620836603,0.6683244627073341,0.49052453195292395
T1,2027,5102,3,679,0.5832106038291606,0.568640474366828,0.6144356041356636,0.5881603875958884
T1,2027,5102,4,679,0.561119293078056,0.555044658553376,0.6304337812672659,0.5518614541228068
T1,2027,5102,5,679,0.5066273932253313,0.5017002044172356,0.6724012321813118,0.47582599533956593
T1,2027,5102,6,679,0.572901325478645,0.5632786912656993,0.6063011720754612,0.6048476522321735
T1,2027,5102,7,679,0.5331369661266568,0.5322183403859251,0.6325470784758609,0.5745266258835666
T1,2027,5102,8,679,0.4948453608247423,0.49875419163173185,0.6738208807313565,0.4748758884629653
T1,2027,5102,9,679,0.5861561119293078,0.562507606182305,0.5934471713601226,0.6200979741796622
T1,2027,5102,10,679,0.5861561119293078,0.562507606182305,0.5934471713601226,0.6200979741796622
T1,2027,5102,11,679,0.5861561119293078,0.562507606182305,0.5934471713601226,0.6200979741796622
T1,2027,5102,12,679,0.5861561119293078,0.562507606182305,0.5934471713601226,0.6200979741796622
T1,2027,5102,13,679,0.5861561119293078,0.562507606182305,0.5934471713601226,0.6200979741796622
T1,2027,5102,14,679,0.5861561119293078,0.562507606182305,0.5934471713601226,0.6200979741796622
T1,2027,5102,15,679,0.5861561119293078,0.562507606182305,0.5934471713601226,0.6200979741796622
T1,2027,5102,16,679,0.5861561119293078,0.562507606182305,0.5934471713601226,0.6200979741796622
T1,2027,5102,17,679,0.5861561119293078,0.562507606182305,0.5934471713601226,0.6200979741796622
T1,2027,5102,18,679,0.5861561119293078,0.562507606182305,0.5934471713601226,0.6200979741796622
T1,2027,5102,19,679,0.5861561119293078,0.562507606182305,0.5934471713601226,0.6200979741796622
T1,2027,5102,20,679,0.5861561119293078,0.562507606182305,0.5934471713601226,0.6200979741796622
T1,2027,5102,21,679,0.5861561119293078,0.562507606182305,0.5934471713601226,0.6200979741796622
T1,2027,5102,22,679,0.5861561119293078,0.562507606182305,0.5934471713601226,0.6200979741796622
T1,2027,5102,23,679,0.5861561119293078,0.562507606182305,0.5934471713601226,0.6200979741796622
T1,2027,5102,24,679,0.5861561119293078,0.562507606182305,0.5934471713601226,0.6200979741796622
T1,2027,5102,25,679,0.5861561119293078,0.562507606182305,0.5934471713601226,0.6200979741796622
T1,2027,5102,26,679,0.5861561119293078,0.562507606182305,0.5934471713601226,0.6200979741796622
T1,2027,5102,27,679,0.5802650957290133,0.5626163978123504,0.6130139534094197,0.5902382553566223
T1,2027,5102,28,679,0.5625920471281296,0.5497169417670356,0.6345076692868051,0.5453258338790579
T1,2027,5102,29,679,0.524300441826215,0.5081111990208327,0.6739549707725578,0.4793615099060842
T1,2027,5102,30,679,0.5846833578792342,0.5676313850894207,0.6055077296600777,0.5987086031196904
T1,2027,5102,31,679,0.5670103092783505,0.557707258562137,0.633057874327029,0.5360428965792907
T1,2027,5102,32,679,0.49779086892488955,0.49119804229293285,0.6730891587061805,0.482228973323089
T1,2027,5102,33,679,0.5714285714285714,0.5642567363910205,0.6070944304538229,0.6009310415759069
T1,2027,5102,34,679,0.5508100147275405,0.550433834903214,0.6267170885657352,0.5727216950660197
T1,2027,5102,35,679,0.5066273932253313,0.5090920831264095,0.6720355141013641,0.4803580461980751
T1,2027,5102,36,679,0.5743740795287187,0.5580128164020781,0.6028310452452114,0.6091140927195026
T1,2027,5102,37,679,0.5567010309278351,0.5382848130130738,0.644394868098759,0.5397591003883621
T1,2027,5102,38,679,0.5301914580265096,0.514809615640945,0.6692688743171004,0.49313722243335023
T1,2027,5102,39,679,0.5832106038291606,0.5656924125927646,0.6069964760357571,0.5829617112830702
T1,2027,5102,40,679,0.5522827687776142,0.540407514467466,0.651571757378213,0.5051812224948095
T1,2027,5102,41,679,0.5007363770250368,0.4951660945127982,0.6696693869376218,0.474222237989397
T1,2027,5102,42,679,0.5787923416789397,0.5689217248784659,0.5953406019791939,0.6175647254289831
T1,2027,5102,43,679,0.5567010309278351,0.5552204584915214,0.6246185208148212,0.5896210328901149
T1,2027,5102,44,679,0.5169366715758469,0.5207880825496316,0.6654810655494502,0.4899258653812763
T1,2027,5102,45,679,0.5861561119293078,0.562507606182305,0.5934471713601226,0.6200979741796622
T1,2027,5102,46,679,0.5861561119293078,0.562507606182305,0.5934471713601226,0.6200979741796622
T1,2027,5102,47,679,0.5861561119293078,0.562507606182305,0.5934471713601226,0.6200979741796622
T1,2027,5102,48,679,0.5861561119293078,0.562507606182305,0.5934471713601226,0.6200979741796622
T1,2027,5102,49,679,0.5861561119293078,0.562507606182305,0.5934471713601226,0.6200979741796622
T1,2027,5102,50,679,0.5861561119293078,0.562507606182305,0.5934471713601226,0.6200979741796622
T1,2027,5102,51,679,0.5861561119293078,0.562507606182305,0.5934471713601226,0.6200979741796622
T1,2027,5102,52,679,0.5861561119293078,0.562507606182305,0.5934471713601226,0.6200979741796622
T1,2027,5102,53,679,0.5861561119293078,0.562507606182305,0.5934471713601226,0.6200979741796622
T1,2027,5102,54,679,0.5787923416789397,0.5593617139600093,0.6118066606711218,0.5897024949673576
T1,2027,5102,55,679,0.561119293078056,0.5457062437598181,0.6421156316249466,0.5172625999683523
T1,2027,5102,56,679,0.5228276877761414,0.5087728694709542,0.6722956196417338,0.47562322215443414
T1,2027,5102,57,679,0.5891016200294551,0.5749732863708616,0.6032564929070634,0.5926061411026511
T1,2027,5102,58,679,0.5581737849779087,0.5481029902082534,0.6341966343865303,0.5498513891981143
T1,2027,5102,59,679,0.48748159057437407,0.48471619809416955,0.6791383604545129,0.4260509505800799
T1,2027,5102,60,679,0.5773195876288659,0.5642509692048863,0.6056989335478318,0.5982735251348548
T1,2027,5102,61,679,0.5257731958762887,0.5232432479164506,0.6429503719172878,0.5600154188682389
T1,2027,5102,62,679,0.48748159057437407,0.49110740595889113,0.6700135227375072,0.48047603160963925
T1,2027,5103,0,679,0.572901325478645,0.559620540786185,0.6043358306031515,0.6024922515536623
T1,2027,5103,1,679,0.5508100147275405,0.5346731073653601,0.6425454561682267,0.5308843931955134
T1,2027,5103,2,679,0.5257731958762887,0.5090559350656334,0.6709877952867475,0.4823984370315871
T1,2027,5103,3,679,0.6023564064801178,0.5900393490514352,0.6133303840443031,0.5722648952734015
T1,2027,5103,4,679,0.5743740795287187,0.5643145628446515,0.6360765317007789,0.5240867723421774
T1,2027,5103,5,679,0.5154639175257731,0.5077903460131294,0.6641962157126203,0.4691922355381035
T1,2027,5103,6,679,0.5714285714285714,0.5605705721108091,0.6086827313996556,0.6050705226875966
T1,2027,5103,7,679,0.5419734904270986,0.5425544288342411,0.6276837018742302,0.5748913722776184
T1,2027,5103,8,679,0.49042709867452133,0.4923746659263999,0.6739780242515067,0.47645565047088523
T1,2027,5103,9,679,0.5861561119293078,0.562507606182305,0.5934471713601226,0.6200979741796622
T1,2027,5103,10,679,0.5861561119293078,0.562507606182305,0.5934471713601226,0.6200979741796622
T1,2027,5103,11,679,0.5861561119293078,0.562507606182305,0.5934471713601226,0.6200979741796622
T1,2027,5103,12,679,0.5861561119293078,0.562507606182305,0.5934471713601226,0.6200979741796622
T1,2027,5103,13,679,0.5861561119293078,0.562507606182305,0.5934471713601226,0.6200979741796622
T1,2027,5103,14,679,0.5861561119293078,0.562507606182305,0.5934471713601226,0.6200979741796622
T1,2027,5103,15,679,0.5861561119293078,0.562507606182305,0.5934471713601226,0.6200979741796622
T1,2027,5103,16,679,0.5861561119293078,0.562507606182305,0.5934471713601226,0.6200979741796622
T1,2027,5103,17,679,0.5861561119293078,0.562507606182305,0.5934471713601226,0.6200979741796622
T1,2027,5103,18,679,0.5861561119293078,0.562507606182305,0.5934471713601226,0.6200979741796622
T1,2027,5103,19,679,0.5861561119293078,0.562507606182305,0.5934471713601226,0.6200979741796622
T1,2027,5103,20,679,0.5861561119293078,0.562507606182305,0.5934471713601226,0.6200979741796622
T1,2027,5103,21,679,0.5861561119293078,0.562507606182305,0.5934471713601226,0.6200979741796622
T1,2027,5103,22,679,0.5861561119293078,0.562507606182305,0.5934471713601226,0.6200979741796622
T1,2027,5103,23,679,0.5861561119293078,0.562507606182305,0.5934471713601226,0.6200979741796622
T1,2027,5103,24,679,0.5861561119293078,0.562507606182305,0.5934471713601226,0.6200979741796622
T1,2027,5103,25,679,0.5861561119293078,0.562507606182305,0.5934471713601226,0.6200979741796622
T1,2027,5103,26,679,0.5861561119293078,0.562507606182305,0.5934471713601226,0.6200979741796622
T1,2027,5103,27,679,0.5832106038291606,0.5651623654096073,0.6079894203763998,0.5998658236585401
T1,2027,5103,28,679,0.5493372606774669,0.5306478685025542,0.6368955734552094,0.5550787421405035
T1,2027,5103,29,679,0.5272459499263623,0.5093318620619223,0.672743937513614,0.47306937308967556
T1,2027,5103,30,679,0.6082474226804123,0.5902211952020944,0.6100396848172608,0.5791504751400026
T1,2027,5103,31,679,0.5625920471281296,0.5532756716967243,0.6261751484756792,0.5528055407327355
T1,2027,5103,32,679,0.48748159057437407,0.4796650823857582,0.679312528650083,0.4575825905306516
T1,2027,5103,33,679,0.5684830633284241,0.5585272979430087,0.6055991233755809,0.6067003234145716
T1,2027,5103,34,679,0.5375552282768777,0.537243833345212,0.638859967090771,0.5495282650347179
T1,2027,5103,35,679,0.49337260677466865,0.49559267567023124,0.6765678277642456,0.45260438971816996
T1,2027,5103,36,679,0.561119293078056,0.5446953601113194,0.6142055865854508,0.5861940551412292
T1,2027,5103,37,679,0.5684830633284241,0.5533485883338108,0.6300121898020842,0.5421323246156343
T1,2027,5103,38,679,0.5346097201767305,0.5195535518540612,0.6712287497625786,0.4878411639936402
T1,2027,5103,39,679,0.5905743740795287,0.570649127977144,0.602289488832624,0.593955789443897
T1,2027,5103,40,679,0.5581737849779087,0.5482359016120518,0.6281825528316891,0.5495969487804836
T1,2027,5103,41,679,0.508100147275405,0.500766762404084,0.6563825236636163,0.5087323804823397
T1,2027,5103,42,679,0.5640648011782032,0.5568209593778266,0.6118089104392216,0.5936841334080536
T1,2027,5103,43,679,0.5449189985272459,0.5432485612024308,0.633018505788341,0.5599922290953965
T1,2027,5103,44,679,0.4948453608247423,0.4957716385751527,0.6742660503543705,0.4646921183744436
T1,2027,5103,45,679,0.5861561119293078,0.562507606182305,0.5934471713601226,0.6200979741796622
T1,2027,5103,46,679,0.5861561119293078,0.562507606182305,0.5934471713601226,0.6200979741796622
T1,2027,5103,47,679,0.5861561119293078,0.562507606182305,0.5934471713601226,0.6200979741796622
T1,2027,5103,48,679,0.5861561119293078,0.562507606182305,0.5934471713601226,0.6200979741796622
T1,2027,5103,49,679,0.5861561119293078,0.562507606182305,0.5934471713601226,0.6200979741796622
T1,2027,5103,50,679,0.5861561119293078,0.562507606182305,0.5934471713601226,0.6200979741796622
T1,2027,5103,51,679,0.5861561119293078,0.562507606182305,0.5934471713601226,0.6200979741796622
T1,2027,5103,52,679,0.5861561119293078,0.562507606182305,0.5934471713601226,0.6200979741796622
T1,2027,5103,53,679,0.5861561119293078,0.562507606182305,0.5934471713601226,0.6200979741796622
T1,2027,5103,54,679,0.5743740795287187,0.5576851722285775,0.6025449658616477,0.5965727154196437
T1,2027,5103,55,679,0.5449189985272459,0.5316669438595338,0.6395612770529664,0.5457073831907233
T1,2027,5103,56,679,0.5257731958762887,0.5117696783622607,0.6712903621358267,0.47998190685947384
T1,2027,5103,57,679,0.5817378497790869,0.5648571317523091,0.6139589549647164,0.5768568135906764
T1,2027,5103,58,679,0.5508100147275405,0.5427188638063969,0.6460828403002735,0.5042994722778632
T1,2027,5103,59,679,0.5110456553755522,0.5046912985992934,0.66529784644563,0.4721816736299929
T1,2027,5103,60,679,0.5758468335787923,0.5646309222767336,0.6119978192409113,0.5921316588425896
T1,2027,5103,61,679,0.5567010309278351,0.555998599859986,0.6305970274603244,0.5609959690556438
T1,2027,5103,62,679,0.5051546391752577,0.5075863106189367,0.6666680088757766,0.48212566953825575
T1,2027,5104,0,679,0.5655375552282769,0.5489301921596912,0.6182021675123909,0.585046745798363
T1,2027,5104,1,679,0.561119293078056,0.5435666747924086,0.6430430812802336,0.529472923698299
T1,2027,5104,2,679,0.5346097201767305,0.5185453288418285,0.6684842123725453,0.48616911166368565
T1,2027,5104,3,679,0.5802650957290133,0.5607384456210444,0.6167148088978738,0.5700403287138668
T1,2027,5104,4,679,0.5655375552282769,0.5519438366746481,0.6267268732738775,0.5536605351077233
T1,2027,5104,5,679,0.5066273932253313,0.5004123869868814,0.6752400208423696,0.4487010279740463
T1,2027,5104,6,679,0.5581737849779087,0.5490748430466766,0.6230832318362501,0.5709289581148345
T1,2027,5104,7,679,0.5449189985272459,0.5463145473664408,0.6294771158774226,0.574409449850594
T1,2027,5104,8,679,0.5022091310751104,0.503460903529703,0.6744838021860207,0.46267730678637353
T1,2027,5104,9,679,0.5861561119293078,0.562507606182305,0.5934471713601226,0.6200979741796622
T1,2027,5104,10,679,0.5861561119293078,0.562507606182305,0.5934471713601226,0.6200979741796622
T1,2027,5104,11,679,0.5861561119293078,0.562507606182305,0.5934471713601226,0.6200979741796622
T1,2027,5104,12,679,0.5861561119293078,0.562507606182305,0.5934471713601226,0.6200979741796622
T1,2027,5104,13,679,0.5861561119293078,0.562507606182305,0.5934471713601226,0.6200979741796622
T1,2027,5104,14,679,0.5861561119293078,0.562507606182305,0.5934471713601226,0.6200979741796622
T1,2027,5104,15,679,0.5861561119293078,0.562507606182305,0.5934471713601226,0.6200979741796622
T1,2027,5104,16,679,0.5861561119293078,0.562507606182305,0.5934471713601226,0.6200979741796622
T1,2027,5104,17,679,0.5861561119293078,0.562507606182305,0.5934471713601226,0.6200979741796622
T1,2027,5104,18,679,0.5861561119293078,0.562507606182305,0.5934471713601226,0.6200979741796622
T1,2027,5104,19,679,0.5861561119293078,0.562507606182305,0.5934471713601226,0.6200979741796622
T1,2027,5104,20,679,0.5861561119293078,0.562507606182305,0.5934471713601226,0.6200979741796622
T1,2027,5104,21,679,0.5861561119293078,0.562507606182305,0.5934471713601226,0.6200979741796622
T1,2027,5104,22,679,0.5861561119293078,0.562507606182305,0.5934471713601226,0.6200979741796622
T1,2027,5104,23,679,0.5861561119293078,0.562507606182305,0.5934471713601226,0.6200979741796622
T1,2027,5104,24,679,0.5861561119293078,0.562507606182305,0.5934471713601226,0.6200979741796622
T1,2027,5104,25,679,0.5861561119293078,0.562507606182305,0.5934471713601226,0.6200979741796622
T1,2027,5104,26,679,0.5861561119293078,0.562507606182305,0.5934471713601226,0.6200979741796622
T1,2027,5104,27,679,0.5891016200294551,0.5755216122395337,0.5943756858888185,0.6159928401883347
T1,2027,5104,28,679,0.5537555228276878,0.5381606985773653,0.6377469018343095,0.5351012747413348
T1,2027,5104,29,679,0.5301914580265096,0.5160661641166232,0.6700484156828039,0.47534293667079824
T1,2027,5104,30,679,0.5773195876288659,0.5610394876640992,0.6062702268625394,0.5925621351389172
T1,2027,5104,31,679,0.5522827687776142,0.545022585355614,0.6423850440267962,0.5219948430148229
T1,2027,5104,32,679,0.4948453608247423,0.4905302649649951,0.6686546601278266,0.48951079215627247
T1,2027,5104,33,679,0.5787923416789397,0.5703091203091203,0.5973522019008825,0.6133052358314164
T1,2027,5104,34,679,0.540500736377025,0.5408126622523665,0.631013246431442,0.5703497680624763
T1,2027,5104,35,679,0.508100147275405,0.5107362025518086,0.6701798950142291,0.4778300154454448
T1,2027,5104,36,679,0.5861561119293078,0.5682071525185677,0.6047242527418881,0.5987575134235075
T1,2027,5104,37,679,0.5684830633284241,0.5493621904217931,0.6405844596462854,0.5380006193096448
T1,2027,5104,38,679,0.5272459499263623,0.5092140716807994,0.6687226434168303,0.48616175326252087
T1,2027,5104,39,679,0.572901325478645,0.5598220819511746,0.6183700535627458,0.5822326853579264
T1,2027,5104,40,679,0.540500736377025,0.5304317329459696,0.6356381602552397,0.5439934745928865
T1,2027,5104,41,679,0.5036818851251841,0.4909706877009856,0.6748277677747041,0.4534938897372836
T1,2027,5104,42,679,0.572901325478645,0.5602810456216475,0.606918377425955,0.6156544550533358
T1,2027,5104,43,679,0.5478645066273933,0.54678416307404,0.6323493505568848,0.560772859383712
T1,2027,5104,44,679,0.4948453608247423,0.4977081856744776,0.6763791700218844,0.4604290143698089
T1,2027,5104,45,679,0.5861561119293078,0.562507606182305,0.5934471713601226,0.6200979741796622
T1,2027,5104,46,679,0.5861561119293078,0.562507606182305,0.5934471713601226,0.6200979741796622
T1,2027,5104,47,679,0.5861561119293078,0.562507606182305,0.5934471713601226,0.6200979741796622
T1,2027,5104,48,679,0.5861561119293078,0.562507606182305,0.5934471713601226,0.6200979741796622
T1,2027,5104,49,679,0.5861561119293078,0.562507606182305,0.5934471713601226,0.6200979741796622
T1,2027,5104,50,679,0.5861561119293078,0.562507606182305,0.5934471713601226,0.6200979741796622
T1,2027,5104,51,679,0.5861561119293078,0.562507606182305,0.5934471713601226,0.6200979741796622
T1,2027,5104,52,679,0.5861561119293078,0.562507606182305,0.5934471713601226,0.6200979741796622
T1,2027,5104,53,679,0.5861561119293078,0.562507606182305,0.5934471713601226,0.6200979741796622
T1,2027,5104,54,679,0.5802650957290133,0.5642925242683978,0.601785584516132,0.5957495209532112
T1,2027,5104,55,679,0.5522827687776142,0.5350007904086395,0.6386374972749704,0.5359547134784619
T1,2027,5104,56,679,0.5360824742268041,0.5189167815447535,0.6707535684108734,0.4780123517036397
T1,2027,5104,57,679,0.5949926362297496,0.5799395218098242,0.6114239334752879,0.5749431701080926
T1,2027,5104,58,679,0.5567010309278351,0.5482594557564846,0.6330832650498193,0.5473980468386288
T1,2027,5104,59,679,0.5139911634756995,0.5101024151811521,0.658336569112074,0.4948458267888096
T1,2027,5104,60,679,0.5802650957290133,0.5694259945498882,0.6141544724204228,0.5904557895920874
T1,2027,5104,61,679,0.5493372606774669,0.5508359464962826,0.6245850812045745,0.5736016426900928
T1,2027,5104,62,679,0.508100147275405,0.5103030860875886,0.6665585484130744,0.48984689986996505
T1,2027,5105,0,679,0.5699558173784978,0.5495696034795061,0.6052946934204916,0.6063054510019584
T1,2027,5105,1,679,0.5640648011782032,0.5468555456800253,0.6423639346336582,0.52916898409049
T1,2027,5105,2,679,0.5287187039764359,0.5136251550885697,0.670902571990669,0.48768403267288
T1,2027,5105,3,679,0.5891016200294551,0.5716293407600019,0.6138087001262954,0.5894219108839853
T1,2027,5105,4,679,0.5773195876288659,0.5691260174312526,0.630965003318569,0.5409140617528072
T1,2027,5105,5,679,0.4889543446244477,0.48370970653052614,0.6760048620699081,0.45083990680860275
T1,2027,5105,6,679,0.5655375552282769,0.5585013594312378,0.6111280290253559,0.5896304726988507
T1,2027,5105,7,679,0.5552282768777614,0.5551687360846278,0.6299410413879358,0.5572106771266018
T1,2027,5105,8,679,0.5007363770250368,0.5020293548829317,0.6687547375114747,0.4816061924148384
T1,2027,5105,9,679,0.5861561119293078,0.562507606182305,0.5934471713601226,0.6200979741796622
T1,2027,5105,10,679,0.5861561119293078,0.562507606182305,0.5934471713601226,0.6200979741796622
T1,2027,5105,11,679,0.5861561119293078,0.562507606182305,0.5934471713601226,0.6200979741796622
T1,2027,5105,12,679,0.5861561119293078,0.562507606182305,0.5934471713601226,0.6200979741796622
T1,2027,5105,13,679,0.5861561119293078,0.562507606182305,0.5934471713601226,0.6200979741796622
T1,2027,5105,14,679,0.5861561119293078,0.562507606182305,0.5934471713601226,0.6200979741796622
T1,2027,5105,15,679,0.5861561119293078,0.562507606182305,0.5934471713601226,0.6200979741796622
T1,2027,5105,16,679,0.5861561119293078,0.562507606182305,0.5934471713601226,0.6200979741796622
T1,2027,5105,17,679,0.5861561119293078,0.562507606182305,0.5934471713601226,0.6200979741796622
T1,2027,5105,18,679,0.5861561119293078,0.562507606182305,0.5934471713601226,0.6200979741796622
T1,2027,5105,19,679,0.5861561119293078,0.562507606182305,0.5934471713601226,0.6200979741796622
T1,2027,5105,20,679,0.5861561119293078,0.562507606182305,0.5934471713601226,0.6200979741796622
T1,2027,5105,21,679,0.5861561119293078,0.562507606182305,0.5934471713601226,0.6200979741796622
T1,2027,5105,22,679,0.5861561119293078,0.562507606182305,0.5934471713601226,0.6200979741796622
T1,2027,5105,23,679,0.5861561119293078,0.562507606182305,0.5934471713601226,0.6200979741796622
T1,2027,5105,24,679,0.5861561119293078,0.562507606182305,0.5934471713601226,0.6200979741796622
T1,2027,5105,25,679,0.5861561119293078,0.562507606182305,0.5934471713601226,0.6200979741796622
T1,2027,5105,26,679,0.5861561119293078,0.562507606182305,0.5934471713601226,0.6200979741796622
T1,2027,5105,27,679,0.5802650957290133,0.5634917089462543,0.6070545993427113,0.5993347415829421
T1,2027,5105,28,679,0.5625920471281296,0.547128603241426,0.644311157852104,0.5259825774246577
T1,2027,5105,29,679,0.5346097201767305,0.519980218367171,0.6719271095143151,0.477771764958861
T1,2027,5105,30,679,0.593519882179676,0.5734222650808958,0.6174534882071794,0.5663672466209407
T1,2027,5105,31,679,0.572901325478645,0.5636485640881939,0.6299343605324165,0.5351658952123742
T1,2027,5105,32,679,0.5051546391752577,0.5022049839718863,0.6654074107994914,0.48616055746415315
T1,2027,5105,33,679,0.5743740795287187,0.5654475473752582,0.60911069575571,0.6063877183289335
T1,2027,5105,34,679,0.5552282768777614,0.5501666518589917,0.6372942193486729,0.5588361467450859
T1,2027,5105,35,679,0.5051546391752577,0.507758435628761,0.6726220877997479,0.467632249156458
T1,2027,5105,36,679,0.5699558173784978,0.5495073178288308,0.611189262154176,0.5867241863124059
T1,2027,5105,37,679,0.5463917525773195,0.53073869324686,0.6406986379614634,0.543120893036274
T1,2027,5105,38,679,0.5213549337260678,0.5060047639262378,0.670256120115738,0.4874880660486626
T1,2027,5105,39,679,0.5905743740795287,0.5738485841177766,0.6086113672588289,0.585729677772798
T1,2027,5105,40,679,0.5684830633284241,0.5596608284065627,0.6316400264912396,0.5375760038841754
T1,2027,5105,41,679,0.49189985272459497,0.48631107552510056,0.6742022649134031,0.4730019588184156
T1,2027,5105,42,679,0.5787923416789397,0.5700424869132142,0.6001668753039328,0.6178643392709936
T1,2027,5105,43,679,0.5287187039764359,0.5294717673965316,0.6369185436500541,0.5627563985459544
T1,2027,5105,44,679,0.508100147275405,0.5096985221745249,0.6688884148848777,0.47413469754862886
T1,2027,5105,45,679,0.5861561119293078,0.562507606182305,0.5934471713601226,0.6200979741796622
T1,2027,5105,46,679,0.5861561119293078,0.562507606182305,0.5934471713601226,0.6200979741796622
T1,2027,5105,47,679,0.5861561119293078,0.562507606182305,0.5934471713601226,0.6200979741796622
T1,2027,5105,48,679,0.5861561119293078,0.562507606182305,0.5934471713601226,0.6200979741796622
T1,2027,5105,49,679,0.5861561119293078,0.562507606182305,0.5934471713601226,0.6200979741796622
T1,2027,5105,50,679,0.5861561119293078,0.562507606182305,0.5934471713601226,0.6200979741796622
T1,2027,5105,51,679,0.5861561119293078,0.562507606182305,0.5934471713601226,0.6200979741796622
T1,2027,5105,52,679,0.5861561119293078,0.562507606182305,0.5934471713601226,0.6200979741796622
T1,2027,5105,53,679,0.5861561119293078,0.562507606182305,0.5934471713601226,0.6200979741796622
T1,2027,5105,54,679,0.5625920471281296,0.5427970081266433,0.6163087123360304,0.5837080491321717
T1,2027,5105,55,679,0.5537555228276878,0.5375452289711199,0.6507519963958653,0.5266125093204874
T1,2027,5105,56,679,0.5434462444771723,0.5281925201747029,0.6644573236029699,0.4849067540952451
T1,2027,5105,57,679,0.5802650957290133,0.5615205031109324,0.616935176881845,0.5717026053019169
T1,2027,5105,58,679,0.561119293078056,0.5493922683002347,0.6348244107392821,0.5401066311915985
T1,2027,5105,59,679,0.5139911634756995,0.5107849577439995,0.6585435655533126,0.5000896686479729
T1,2027,5105,60,679,0.5787923416789397,0.5670157195503693,0.6090397506688937,0.5998993594133761
T1,2027,5105,61,679,0.5493372606774669,0.5513167581530513,0.6260821677316446,0.5739021727036195
T1,2027,5105,62,679,0.4948453608247423,0.49801203807186323,0.6664073276107195,0.49778170890775825
T1,2028,5101,0,679,0.5861561119293078,0.5797379484011008,0.6142701522854537,0.6045247460402983
T1,2028,5101,1,679,0.561119293078056,0.5543750972306005,0.6556542593662096,0.568178109089532
T1,2028,5101,2,679,0.5213549337260678,0.5126310338497089,0.6960769349678978,0.49411561870178167
T1,2028,5101,3,679,0.5640648011782032,0.554039233772168,0.6286383248613229,0.5885303025799794
T1,2028,5101,4,679,0.561119293078056,0.5481257006531779,0.6362016046740696,0.5690658850265952
T1,2028,5101,5,679,0.5213549337260678,0.5084172835339639,0.6779045812642978,0.4870727966259244
T1,2028,5101,6,679,0.5625920471281296,0.5495051113036828,0.6192591949002557,0.6106345404986709
T1,2028,5101,7,679,0.5419734904270986,0.528134676731998,0.6356898291428766,0.5801366757000993
T1,2028,5101,8,679,0.5036818851251841,0.4906082162023434,0.6931732270828227,0.4519306838867854
T1,2028,5101,9,679,0.6038291605301914,0.5959953359418004,0.5875985327894101,0.6464297827805797
T1,2028,5101,10,679,0.6038291605301914,0.5959953359418004,0.5875985327894101,0.6464297827805797
T1,2028,5101,11,679,0.6038291605301914,0.5959953359418004,0.5875985327894101,0.6464297827805797
T1,2028,5101,12,679,0.6038291605301914,0.5959953359418004,0.5875985327894101,0.6464297827805797
T1,2028,5101,13,679,0.6038291605301914,0.5959953359418004,0.5875985327894101,0.6464297827805797
T1,2028,5101,14,679,0.6038291605301914,0.5959953359418004,0.5875985327894101,0.6464297827805797
T1,2028,5101,15,679,0.6038291605301914,0.5959953359418004,0.5875985327894101,0.6464297827805797
T1,2028,5101,16,679,0.6038291605301914,0.5959953359418004,0.5875985327894101,0.6464297827805797
T1,2028,5101,17,679,0.6038291605301914,0.5959953359418004,0.5875985327894101,0.6464297827805797
T1,2028,5101,18,679,0.6038291605301914,0.5959953359418004,0.5875985327894101,0.6464297827805797
T1,2028,5101,19,679,0.6038291605301914,0.5959953359418004,0.5875985327894101,0.6464297827805797
T1,2028,5101,20,679,0.6038291605301914,0.5959953359418004,0.5875985327894101,0.6464297827805797
T1,2028,5101,21,679,0.6038291605301914,0.5959953359418004,0.5875985327894101,0.6464297827805797
T1,2028,5101,22,679,0.6038291605301914,0.5959953359418004,0.5875985327894101,0.6464297827805797
T1,2028,5101,23,679,0.6038291605301914,0.5959953359418004,0.5875985327894101,0.6464297827805797
T1,2028,5101,24,679,0.6038291605301914,0.5959953359418004,0.5875985327894101,0.6464297827805797
T1,2028,5101,25,679,0.6038291605301914,0.5959953359418004,0.5875985327894101,0.6464297827805797
T1,2028,5101,26,679,0.6038291605301914,0.5959953359418004,0.5875985327894101,0.6464297827805797
T1,2028,5101,27,679,0.5832106038291606,0.576331607911982,0.6072381683494978,0.623222985493172
T1,2028,5101,28,679,0.540500736377025,0.5338497400392638,0.6662788887306587,0.5453043355176744
T1,2028,5101,29,679,0.5360824742268041,0.5254772264298956,0.691438905576543,0.49675303026041834
T1,2028,5101,30,679,0.5949926362297496,0.5886145418928665,0.6049320537799939,0.6061868576567886
T1,2028,5101,31,679,0.5552282768777614,0.5423036733381561,0.6477124506006887,0.5333657771793865
T1,2028,5101,32,679,0.524300441826215,0.5132765618342915,0.6808399719807466,0.47996467942493076
T1,2028,5101,33,679,0.593519882179676,0.5806186838321469,0.604650944317739,0.6396680217366444
T1,2028,5101,34,679,0.5287187039764359,0.515494418835589,0.654250948633642,0.5513747410564639
T1,2028,5101,35,679,0.4992636229749632,0.4889961905443475,0.6847239427915904,0.46928855551081666
T1,2028,5101,36,679,0.5773195876288659,0.5691429024076856,0.6183423744473436,0.5997915553253028
T1,2028,5101,37,679,0.5655375552282769,0.5599111596415187,0.6545612688926604,0.5462035134490646
T1,2028,5101,38,679,0.5301914580265096,0.5182295841125657,0.6985718703147062,0.4911565490914841
T1,2028,5101,39,679,0.5846833578792342,0.5740907069091877,0.6096367416176424,0.6065372655886716
T1,2028,5101,40,679,0.561119293078056,0.5448954896709357,0.6569434447606287,0.5334815662642081
T1,2028,5101,41,679,0.5184094256259205,0.5088369141018242,0.6720644074748647,0.494980652838711
T1,2028,5101,42,679,0.5640648011782032,0.5514929973943793,0.6110915661253178,0.6200734885638756
T1,2028,5101,43,679,0.5301914580265096,0.5159831515835905,0.6451886508487636,0.5670568830939979
T1,2028,5101,44,679,0.5036818851251841,0.49069430069414843,0.6885849602399764,0.4521517874901735
T1,2028,5101,45,679,0.6038291605301914,0.5959953359418004,0.5875985327894101,0.6464297827805797
T1,2028,5101,46,679,0.6038291605301914,0.5959953359418004,0.5875985327894101,0.6464297827805797
T1,2028,5101,47,679,0.6038291605301914,0.5959953359418004,0.5875985327894101,0.6464297827805797
T1,2028,5101,48,679,0.6038291605301914,0.5959953359418004,0.5875985327894101,0.6464297827805797
T1,2028,5101,49,679,0.6038291605301914,0.5959953359418004,0.5875985327894101,0.6464297827805797
T1,2028,5101,50,679,0.6038291605301914,0.5959953359418004,0.5875985327894101,0.6464297827805797
T1,2028,5101,51,679,0.6038291605301914,0.5959953359418004,0.5875985327894101,0.6464297827805797
T1,2028,5101,52,679,0.6038291605301914,0.5959953359418004,0.5875985327894101,0.6464297827805797
T1,2028,5101,53,679,0.6038291605301914,0.5959953359418004,0.5875985327894101,0.6464297827805797
T1,2028,5101,54,679,0.5861561119293078,0.5774875611682433,0.6104745483012193,0.6168670954402595
T1,2028,5101,55,679,0.5508100147275405,0.543475011917617,0.6647955384846113,0.5453004704729741
T1,2028,5101,56,679,0.5375552282768777,0.5264407377798384,0.6907954336485561,0.4971178945579877
T1,2028,5101,57,679,0.5964653902798233,0.5866275785198418,0.6123536490507435,0.5945146439900698
T1,2028,5101,58,679,0.5552282768777614,0.5416450163479026,0.6351463847597498,0.5507901313714909
T1,2028,5101,59,679,0.524300441826215,0.5185623266239547,0.6840040749364117,0.4607900791180476
T1,2028,5101,60,679,0.5787923416789397,0.5684041518093957,0.601361633290774,0.6332855077657418
T1,2028,5101,61,679,0.5581737849779087,0.5477340036125672,0.6236013428847113,0.5901859992668941
T1,2028,5101,62,679,0.49779086892488955,0.48597638909777696,0.6918134715446492,0.44460660923511774
T1,2028,5102,0,679,0.5802650957290133,0.5685552073532963,0.6187402776309422,0.6041439620739539
T1,2028,5102,1,679,0.5522827687776142,0.541068618551281,0.6519292044139224,0.5593059356045255
T1,2028,5102,2,679,0.5390279823269514,0.5293040946098532,0.6918147813325778,0.496185392718904
T1,2028,5102,3,679,0.5758468335787923,0.5651154331952337,0.6155100578499824,0.6085606606128737
T1,2028,5102,4,679,0.5596465390279823,0.5503875232311479,0.6390484907446273,0.5627797362915548
T1,2028,5102,5,679,0.5301914580265096,0.5182798087487871,0.6732396813704795,0.48946259734236663
T1,2028,5102,6,679,0.5787923416789397,0.5716578526949136,0.6045311805469825,0.6252685956548356
T1,2028,5102,7,679,0.5257731958762887,0.5142143262125456,0.6459535829316885,0.565179950446252
T1,2028,5102,8,679,0.4992636229749632,0.48625918028903103,0.6907969881534928,0.4578367974019334
T1,2028,5102,9,679,0.6038291605301914,0.5959953359418004,0.5875985327894101,0.6464297827805797
T1,2028,5102,10,679,0.6038291605301914,0.5959953359418004,0.5875985327894101,0.6464297827805797
T1,2028,5102,11,679,0.6038291605301914,0.5959953359418004,0.5875985327894101,0.6464297827805797
T1,2028,5102,12,679,0.6038291605301914,0.5959953359418004,0.5875985327894101,0.6464297827805797
T1,2028,5102,13,679,0.6038291605301914,0.5959953359418004,0.5875985327894101,0.6464297827805797
T1,2028,5102,14,679,0.6038291605301914,0.5959953359418004,0.5875985327894101,0.6464297827805797
T1,2028,5102,15,679,0.6038291605301914,0.5959953359418004,0.5875985327894101,0.6464297827805797
T1,2028,5102,16,679,0.6038291605301914,0.5959953359418004,0.5875985327894101,0.6464297827805797
T1,2028,5102,17,679,0.6038291605301914,0.5959953359418004,0.5875985327894101,0.6464297827805797
T1,2028,5102,18,679,0.6038291605301914,0.5959953359418004,0.5875985327894101,0.6464297827805797
T1,2028,5102,19,679,0.6038291605301914,0.5959953359418004,0.5875985327894101,0.6464297827805797
T1,2028,5102,20,679,0.6038291605301914,0.5959953359418004,0.5875985327894101,0.6464297827805797
T1,2028,5102,21,679,0.6038291605301914,0.5959953359418004,0.5875985327894101,0.6464297827805797
T1,2028,5102,22,679,0.6038291605301914,0.5959953359418004,0.5875985327894101,0.6464297827805797
T1,2028,5102,23,679,0.6038291605301914,0.5959953359418004,0.5875985327894101,0.6464297827805797
T1,2028,5102,24,679,0.6038291605301914,0.5959953359418004,0.5875985327894101,0.6464297827805797
T1,2028,5102,25,679,0.6038291605301914,0.5959953359418004,0.5875985327894101,0.6464297827805797
T1,2028,5102,26,679,0.6038291605301914,0.5959953359418004,0.5875985327894101,0.6464297827805797
T1,2028,5102,27,679,0.5817378497790869,0.5729135156616073,0.6153226982862503,0.6100951081085216
T1,2028,5102,28,679,0.5714285714285714,0.5645527662306221,0.6482439717286114,0.570693778800552
T1,2028,5102,29,679,0.5316642120765832,0.5220339829562965,0.6919941402017105,0.4986861739857987
T1,2028,5102,30,679,0.5655375552282769,0.5554435632597803,0.6172536694292468,0.610093904170915
T1,2028,5102,31,679,0.561119293078056,0.5488339874084109,0.6476924445079598,0.5377903859356273
T1,2028,5102,32,679,0.5257731958762887,0.5151855373677954,0.6808723280856466,0.4883528874307901
T1,2028,5102,33,679,0.5802650957290133,0.5686562188469209,0.6113471719978133,0.6177972132272023
T1,2028,5102,34,679,0.5419734904270986,0.5281815114709851,0.634325956538956,0.5817994056821971
T1,2028,5102,35,679,0.5007363770250368,0.48957437397624837,0.691939560562065,0.45297619793783395
T1,2028,5102,36,679,0.5920471281296024,0.5830576277352173,0.6003809642809305,0.6327838021253372
T1,2028,5102,37,679,0.5567010309278351,0.5499996260072426,0.6557401418905371,0.5645395169673534
T1,2028,5102,38,679,0.5287187039764359,0.5197495576425751,0.6934171439051101,0.5035473774547115
T1,2028,5102,39,679,0.5964653902798233,0.5856479490927853,0.6124488433962894,0.6031168165814913
T1,2028,5102,40,679,0.5493372606774669,0.5315882564083523,0.6593666687410253,0.5224688779251246
T1,2028,5102,41,679,0.5036818851251841,0.4945098833303527,0.6789699196157118,0.49925144502635005
T1,2028,5102,42,679,0.6023564064801178,0.5929586900003887,0.5926932716009718,0.6417809133339872
T1,2028,5102,43,679,0.5419734904270986,0.5296931771865698,0.6361940447597686,0.5850423933082728
T1,2028,5102,44,679,0.5095729013254786,0.4965816982529632,0.6796025143763453,0.47309356085457244
T1,2028,5102,45,679,0.6038291605301914,0.5959953359418004,0.5875985327894101,0.6464297827805797
T1,2028,5102,46,679,0.6038291605301914,0.5959953359418004,0.5875985327894101,0.6464297827805797
T1,2028,5102,47,679,0.6038291605301914,0.5959953359418004,0.5875985327894101,0.6464297827805797
T1,2028,5102,48,679,0.6038291605301914,0.5959953359418004,0.5875985327894101,0.6464297827805797
T1,2028,5102,49,679,0.6038291605301914,0.5959953359418004,0.5875985327894101,0.6464297827805797
T1,2028,5102,50,679,0.6038291605301914,0.5959953359418004,0.5875985327894101,0.6464297827805797
T1,2028,5102,51,679,0.6038291605301914,0.5959953359418004,0.5875985327894101,0.6464297827805797
T1,2028,5102,52,679,0.6038291605301914,0.5959953359418004,0.5875985327894101,0.6464297827805797
T1,2028,5102,53,679,0.6038291605301914,0.5959953359418004,0.5875985327894101,0.6464297827805797
T1,2028,5102,54,679,0.5920471281296024,0.5844732370584759,0.61241654794943,0.6027544267927928
T1,2028,5102,55,679,0.5655375552282769,0.560500532766928,0.6572494317224696,0.5494221059986333
T1,2028,5102,56,679,0.5272459499263623,0.5182555076342839,0.6998582608087074,0.4879314429262205
T1,2028,5102,57,679,0.5905743740795287,0.5813338503709863,0.6051225043361422,0.6176145921646754
T1,2028,5102,58,679,0.5684830633284241,0.5580322463998009,0.6329052300138923,0.5830486336457456
T1,2028,5102,59,679,0.4963181148748159,0.4899675622068299,0.6913508454856184,0.4495867507875858
T1,2028,5102,60,679,0.5802650957290133,0.5699186891251347,0.610344627841934,0.6103180399039076
T1,2028,5102,61,679,0.5478645066273933,0.5319462102380184,0.6396740260856316,0.5766038699939989
T1,2028,5102,62,679,0.4992636229749632,0.48466257610691943,0.6786508550305078,0.4731915528694406
T1,2028,5103,0,679,0.5802650957290133,0.5690454535708809,0.6142706666498366,0.6158921742261231
T1,2028,5103,1,679,0.5743740795287187,0.5668140285199221,0.6445349912229097,0.5637637235322822
T1,2028,5103,2,679,0.5272459499263623,0.5198602138174048,0.6932579565337902,0.48960540101986455
T1,2028,5103,3,679,0.5832106038291606,0.5759210452176199,0.6179863476524999,0.5944275186937372
T1,2028,5103,4,679,0.5655375552282769,0.5476014909163875,0.6421457233019886,0.5636610940340181
T1,2028,5103,5,679,0.5125184094256259,0.5034708576971046,0.6737250178525656,0.4856359419976542
T1,2028,5103,6,679,0.5920471281296024,0.5817593720141294,0.5991397958923685,0.6360005112927795
T1,2028,5103,7,679,0.5567010309278351,0.546515649101856,0.6307619106743226,0.5789194566546761
T1,2028,5103,8,679,0.4963181148748159,0.4840373210243426,0.6876134969656176,0.45428030068215114
T1,2028,5103,9,679,0.6038291605301914,0.5959953359418004,0.5875985327894101,0.6464297827805797
T1,2028,5103,10,679,0.6038291605301914,0.5959953359418004,0.5875985327894101,0.6464297827805797
T1,2028,5103,11,679,0.6038291605301914,0.5959953359418004,0.5875985327894101,0.6464297827805797
T1,2028,5103,12,679,0.6038291605301914,0.5959953359418004,0.5875985327894101,0.6464297827805797
T1,2028,5103,13,679,0.6038291605301914,0.5959953359418004,0.5875985327894101,0.6464297827805797
T1,2028,5103,14,679,0.6038291605301914,0.5959953359418004,0.5875985327894101,0.6464297827805797
T1,2028,5103,15,679,0.6038291605301914,0.5959953359418004,0.5875985327894101,0.6464297827805797
T1,2028,5103,16,679,0.6038291605301914,0.5959953359418004,0.5875985327894101,0.6464297827805797
T1,2028,5103,17,679,0.6038291605301914,0.5959953359418004,0.5875985327894101,0.6464297827805797
T1,2028,5103,18,679,0.6038291605301914,0.5959953359418004,0.5875985327894101,0.6464297827805797
T1,2028,5103,19,679,0.6038291605301914,0.5959953359418004,0.5875985327894101,0.6464297827805797
T1,2028,5103,20,679,0.6038291605301914,0.5959953359418004,0.5875985327894101,0.6464297827805797
T1,2028,5103,21,679,0.6038291605301914,0.5959953359418004,0.5875985327894101,0.6464297827805797
T1,2028,5103,22,679,0.6038291605301914,0.5959953359418004,0.5875985327894101,0.6464297827805797
T1,2028,5103,23,679,0.6038291605301914,0.5959953359418004,0.5875985327894101,0.6464297827805797
T1,2028,5103,24,679,0.6038291605301914,0.5959953359418004,0.5875985327894101,0.6464297827805797
T1,2028,5103,25,679,0.6038291605301914,0.5959953359418004,0.5875985327894101,0.6464297827805797
T1,2028,5103,26,679,0.6038291605301914,0.5959953359418004,0.5875985327894101,0.6464297827805797
T1,2028,5103,27,679,0.5979381443298969,0.5888028159582971,0.607501186968125,0.6208592779456067
T1,2028,5103,28,679,0.5581737849779087,0.548892016056173,0.6511179285565603,0.5791163821177638
T1,2028,5103,29,679,0.5375552282768777,0.5280245223148244,0.6870376214670327,0.4983455559948765
T1,2028,5103,30,679,0.5891016200294551,0.5827232303025691,0.6136899125461901,0.5974289126640129
T1,2028,5103,31,679,0.5640648011782032,0.555877300057534,0.638426965110783,0.559273694459517
T1,2028,5103,32,679,0.5257731958762887,0.515890849945801,0.6826166089004199,0.4747785862522191
T1,2028,5103,33,679,0.5802650957290133,0.5707478129153388,0.6036928630322876,0.6203053626834879
T1,2028,5103,34,679,0.5655375552282769,0.5518054367270747,0.6417646016349497,0.5553486137493682
T1,2028,5103,35,679,0.4889543446244477,0.47570241246410166,0.6839895546216852,0.4572912663293284
T1,2028,5103,36,679,0.5949926362297496,0.5872275480495571,0.6133685292832455,0.6040481556436894
T1,2028,5103,37,679,0.5670103092783505,0.5589072342096404,0.6506699100027028,0.5621403194596185
T1,2028,5103,38,679,0.5213549337260678,0.5110506852353713,0.6997463068045643,0.4906701213460327
T1,2028,5103,39,679,0.5861561119293078,0.575307016578285,0.6112053391903595,0.60084359104188
T1,2028,5103,40,679,0.5567010309278351,0.5465170398823145,0.6461579171345406,0.5579967330042427
T1,2028,5103,41,679,0.5346097201767305,0.5207488044748622,0.6582401633833224,0.5405478496004457
T1,2028,5103,42,679,0.5817378497790869,0.5724008577962929,0.6044360461352676,0.626304483722899
T1,2028,5103,43,679,0.5522827687776142,0.5400238136225064,0.6372363204589122,0.5682783060323661
T1,2028,5103,44,679,0.4963181148748159,0.48404456269646945,0.6898866375916485,0.4502611444884915
T1,2028,5103,45,679,0.6038291605301914,0.5959953359418004,0.5875985327894101,0.6464297827805797
T1,2028,5103,46,679,0.6038291605301914,0.5959953359418004,0.5875985327894101,0.6464297827805797
T1,2028,5103,47,679,0.6038291605301914,0.5959953359418004,0.5875985327894101,0.6464297827805797
T1,2028,5103,48,679,0.6038291605301914,0.5959953359418004,0.5875985327894101,0.6464297827805797
T1,2028,5103,49,679,0.6038291605301914,0.5959953359418004,0.5875985327894101,0.6464297827805797
T1,2028,5103,50,679,0.6038291605301914,0.5959953359418004,0.5875985327894101,0.6464297827805797
T1,2028,5103,51,679,0.6038291605301914,0.5959953359418004,0.5875985327894101,0.6464297827805797
T1,2028,5103,52,679,0.6038291605301914,0.5959953359418004,0.5875985327894101,0.6464297827805797
T1,2028,5103,53,679,0.6038291605301914,0.5959953359418004,0.5875985327894101,0.6464297827805797
T1,2028,5103,54,679,0.5802650957290133,0.5731842097167215,0.60750416149447,0.6196775386958686
T1,2028,5103,55,679,0.5581737849779087,0.5543223806797044,0.6523239049232059,0.5730212987909399
T1,2028,5103,56,679,0.5257731958762887,0.5143115816268021,0.6993186170556233,0.49124022253419325
T1,2028,5103,57,679,0.5773195876288659,0.5664427348936165,0.609825109763946,0.6011130129126007
T1,2028,5103,58,679,0.5508100147275405,0.538585122724025,0.6535211997943353,0.5357802054861492
T1,2028,5103,59,679,0.5110456553755522,0.5018346011674403,0.6829421663538873,0.4711883960583192
T1,2028,5103,60,679,0.5964653902798233,0.5835821566796974,0.6082713646767592,0.6177713291871368
T1,2028,5103,61,679,0.5449189985272459,0.5359123173701926,0.6399467906342691,0.5565723701808272
T1,2028,5103,62,679,0.49779086892488955,0.4831453775892228,0.6884357454543261,0.45436213921379554
T1,2028,5104,0,679,0.5743740795287187,0.5640991654643984,0.6263276520726958,0.5951847435992674
T1,2028,5104,1,679,0.5434462444771723,0.5361141882198063,0.6587543646655483,0.553901703292964
T1,2028,5104,2,679,0.5346097201767305,0.5253232729986484,0.6913768081584278,0.49509721016065344
T1,2028,5104,3,679,0.5891016200294551,0.5796846786894022,0.6180124455111016,0.5894219800706193
T1,2028,5104,4,679,0.5581737849779087,0.5429439795697907,0.6425555545688554,0.5681302688132964
T1,2028,5104,5,679,0.508100147275405,0.49811029628473846,0.6889858388716412,0.45941194162820487
T1,2028,5104,6,679,0.5891016200294551,0.5755911850531936,0.6163513409152123,0.6054260514184491
T1,2028,5104,7,679,0.5434462444771723,0.5351332441672793,0.634122928722442,0.5804154044768018
T1,2028,5104,8,679,0.5036818851251841,0.48774408221760684,0.6838891883003518,0.46200785875069333
T1,2028,5104,9,679,0.6038291605301914,0.5959953359418004,0.5875985327894101,0.6464297827805797
T1,2028,5104,10,679,0.6038291605301914,0.5959953359418004,0.5875985327894101,0.6464297827805797
T1,2028,5104,11,679,0.6038291605301914,0.5959953359418004,0.5875985327894101,0.6464297827805797
T1,2028,5104,12,679,0.6038291605301914,0.5959953359418004,0.5875985327894101,0.6464297827805797
T1,2028,5104,13,679,0.6038291605301914,0.5959953359418004,0.5875985327894101,0.6464297827805797
T1,2028,5104,14,679,0.6038291605301914,0.5959953359418004,0.5875985327894101,0.6464297827805797
T1,2028,5104,15,679,0.6038291605301914,0.5959953359418004,0.5875985327894101,0.6464297827805797
T1,2028,5104,16,679,0.6038291605301914,0.5959953359418004,0.5875985327894101,0.6464297827805797
T1,2028,5104,17,679,0.6038291605301914,0.5959953359418004,0.5875985327894101,0.6464297827805797
T1,2028,5104,18,679,0.6038291605301914,0.5959953359418004,0.5875985327894101,0.6464297827805797
T1,2028,5104,19,679,0.6038291605301914,0.5959953359418004,0.5875985327894101,0.6464297827805797
T1,2028,5104,20,679,0.6038291605301914,0.5959953359418004,0.5875985327894101,0.6464297827805797
T1,2028,5104,21,679,0.6038291605301914,0.5959953359418004,0.5875985327894101,0.6464297827805797
T1,2028,5104,22,679,0.6038291605301914,0.5959953359418004,0.5875985327894101,0.6464297827805797
T1,2028,5104,23,679,0.6038291605301914,0.5959953359418004,0.5875985327894101,0.6464297827805797
T1,2028,5104,24,679,0.6038291605301914,0.5959953359418004,0.5875985327894101,0.6464297827805797
T1,2028,5104,25,679,0.6038291605301914,0.5959953359418004,0.5875985327894101,0.6464297827805797
T1,2028,5104,26,679,0.6038291605301914,0.5959953359418004,0.5875985327894101,0.6464297827805797
T1,2028,5104,27,679,0.6038291605301914,0.5958347432650868,0.6033934773068014,0.6237051709833491
T1,2028,5104,28,679,0.5508100147275405,0.5433532114319691,0.6602674063201857,0.5598518479313135
T1,2028,5104,29,679,0.5257731958762887,0.5162638568765014,0.6936671715641233,0.4910618939157582
T1,2028,5104,30,679,0.5891016200294551,0.5771893644947118,0.61273735939403,0.6078931159326227
T1,2028,5104,31,679,0.5596465390279823,0.5474392239279573,0.646530691561713,0.5488769241524074
T1,2028,5104,32,679,0.5036818851251841,0.49469692717373315,0.6774092060959568,0.5124912644263261
T1,2028,5104,33,679,0.5817378497790869,0.5713198493404966,0.6040509094501981,0.6271671086134513
T1,2028,5104,34,679,0.5390279823269514,0.5284860729184204,0.6360193899392379,0.5791176079762419
T1,2028,5104,35,679,0.5051546391752577,0.49317138103490865,0.6808093414698153,0.47276300854276265
T1,2028,5104,36,679,0.5949926362297496,0.5901310465504691,0.6098289538465649,0.6126492121219019
T1,2028,5104,37,679,0.5655375552282769,0.5572678383975799,0.6611100593924698,0.5563230458788955
T1,2028,5104,38,679,0.5390279823269514,0.5298427190999897,0.6828888774971548,0.5093324702678997
T1,2028,5104,39,679,0.5905743740795287,0.5815152304699284,0.6172163821811704,0.6003628449175828
T1,2028,5104,40,679,0.5331369661266568,0.5159096644714243,0.6498011037465926,0.5620540923741434
T1,2028,5104,41,679,0.524300441826215,0.5094058770428749,0.6784987896241917,0.4777754949093531
T1,2028,5104,42,679,0.5891016200294551,0.5782966413462963,0.5921955457360474,0.6509490727329872
T1,2028,5104,43,679,0.5567010309278351,0.5467493464634158,0.6296668757790143,0.5816818918957283
T1,2028,5104,44,679,0.4963181148748159,0.4847545219638243,0.6916163262852162,0.4482176268414232
T1,2028,5104,45,679,0.6038291605301914,0.5959953359418004,0.5875985327894101,0.6464297827805797
T1,2028,5104,46,679,0.6038291605301914,0.5959953359418004,0.5875985327894101,0.6464297827805797
T1,2028,5104,47,679,0.6038291605301914,0.5959953359418004,0.5875985327894101,0.6464297827805797
T1,2028,5104,48,679,0.6038291605301914,0.5959953359418004,0.5875985327894101,0.6464297827805797
T1,2028,5104,49,679,0.6038291605301914,0.5959953359418004,0.5875985327894101,0.6464297827805797
T1,2028,5104,50,679,0.6038291605301914,0.5959953359418004,0.5875985327894101,0.6464297827805797
T1,2028,5104,51,679,0.6038291605301914,0.5959953359418004,0.5875985327894101,0.6464297827805797
T1,2028,5104,52,679,0.6038291605301914,0.5959953359418004,0.5875985327894101,0.6464297827805797
T1,2028,5104,53,679,0.6038291605301914,0.5959953359418004,0.5875985327894101,0.6464297827805797
T1,2028,5104,54,679,0.5861561119293078,0.5768400144456483,0.6126354445150569,0.6077402159856666
T1,2028,5104,55,679,0.5552282768777614,0.5473918708730382,0.6557145147462305,0.5637227148997642
T1,2028,5104,56,679,0.5287187039764359,0.5173799121564397,0.6935090551232379,0.4955988862987918
T1,2028,5104,57,679,0.5905743740795287,0.5823633469315098,0.6130517262071151,0.5897234496146397
T1,2028,5104,58,679,0.5493372606774669,0.5359103125596463,0.6502481900232354,0.5485756134254596
T1,2028,5104,59,679,0.508100147275405,0.5013638917393538,0.6691810564852604,0.5194176011591403
T1,2028,5104,60,679,0.5891016200294551,0.5787365098073702,0.6115021728231559,0.6194693362791078
T1,2028,5104,61,679,0.5493372606774669,0.5367571344500165,0.6351639987223279,0.571243332844622
T1,2028,5104,62,679,0.5036818851251841,0.49052327277764507,0.6802677320582526,0.4751164932789727
T1,2028,5105,0,679,0.5905743740795287,0.5787756972950071,0.6130135513194707,0.605231511592276
T1,2028,5105,1,679,0.5625920471281296,0.5544857216415037,0.6556127684325287,0.5532034603984894
T1,2028,5105,2,679,0.5213549337260678,0.5131921741235951,0.6944053408762492,0.4952094193733699
T1,2028,5105,3,679,0.5949926362297496,0.5835751167937054,0.6201758008335054,0.6022290163802446
T1,2028,5105,4,679,0.5640648011782032,0.5538664261478332,0.639462363803334,0.5572391644575457
T1,2028,5105,5,679,0.49337260677466865,0.4861078470385369,0.689106396463904,0.47843806171949915
T1,2028,5105,6,679,0.5846833578792342,0.5747257339309821,0.607074497923233,0.6164451445605884
T1,2028,5105,7,679,0.5449189985272459,0.5342026465758718,0.6422486460832152,0.5713734353995765
T1,2028,5105,8,679,0.4948453608247423,0.48107599221460606,0.6860869365561869,0.46224651240242237
T1,2028,5105,9,679,0.6038291605301914,0.5959953359418004,0.5875985327894101,0.6464297827805797
T1,2028,5105,10,679,0.6038291605301914,0.5959953359418004,0.5875985327894101,0.6464297827805797
T1,2028,5105,11,679,0.6038291605301914,0.5959953359418004,0.5875985327894101,0.6464297827805797
T1,2028,5105,12,679,0.6038291605301914,0.5959953359418004,0.5875985327894101,0.6464297827805797
T1,2028,5105,13,679,0.6038291605301914,0.5959953359418004,0.5875985327894101,0.6464297827805797
T1,2028,5105,14,679,0.6038291605301914,0.5959953359418004,0.5875985327894101,0.6464297827805797
T1,2028,5105,15,679,0.6038291605301914,0.5959953359418004,0.5875985327894101,0.6464297827805797
T1,2028,5105,16,679,0.6038291605301914,0.5959953359418004,0.5875985327894101,0.6464297827805797
T1,2028,5105,17,679,0.6038291605301914,0.5959953359418004,0.5875985327894101,0.6464297827805797
T1,2028,5105,18,679,0.6038291605301914,0.5959953359418004,0.5875985327894101,0.6464297827805797
T1,2028,5105,19,679,0.6038291605301914,0.5959953359418004,0.5875985327894101,0.6464297827805797
T1,2028,5105,20,679,0.6038291605301914,0.5959953359418004,0.5875985327894101,0.6464297827805797
T1,2028,5105,21,679,0.6038291605301914,0.5959953359418004,0.5875985327894101,0.6464297827805797
T1,2028,5105,22,679,0.6038291605301914,0.5959953359418004,0.5875985327894101,0.6464297827805797
T1,2028,5105,23,679,0.6038291605301914,0.5959953359418004,0.5875985327894101,0.6464297827805797
T1,2028,5105,24,679,0.6038291605301914,0.5959953359418004,0.5875985327894101,0.6464297827805797
T1,2028,5105,25,679,0.6038291605301914,0.5959953359418004,0.5875985327894101,0.6464297827805797
T1,2028,5105,26,679,0.6038291605301914,0.5959953359418004,0.5875985327894101,0.6464297827805797
T1,2028,5105,27,679,0.5802650957290133,0.5724289964209258,0.612981803111721,0.6160109127423866
T1,2028,5105,28,679,0.5537555228276878,0.548369236247107,0.6618443046516803,0.5443406794154151
T1,2028,5105,29,679,0.5198821796759941,0.5087153911175976,0.69639086380974,0.49441821517062023
T1,2028,5105,30,679,0.5846833578792342,0.5769688408298836,0.6171285937785751,0.5832430530018679
T1,2028,5105,31,679,0.5493372606774669,0.5343614970597588,0.6480657778054871,0.548385072926928
T1,2028,5105,32,679,0.5213549337260678,0.5131149782519521,0.6708071222844285,0.4954552633862088
T1,2028,5105,33,679,0.5787923416789397,0.5655806666967796,0.6089174674387708,0.63085210801806
T1,2028,5105,34,679,0.5346097201767305,0.5186654657570715,0.6498253530931052,0.5669580388480757
T1,2028,5105,35,679,0.5051546391752577,0.4951874198746221,0.6877525301982096,0.45053476434883366
T1,2028,5105,36,679,0.561119293078056,0.5513549414464202,0.6147258446300855,0.599094860323837
T1,2028,5105,37,679,0.5625920471281296,0.5557402634374985,0.6512380163562491,0.5692167091694471
T1,2028,5105,38,679,0.5331369661266568,0.5251410871821485,0.687933464859652,0.5067217073349486
T1,2028,5105,39,679,0.593519882179676,0.5850716731226223,0.6128456840985653,0.6060747975614619
T1,2028,5105,40,679,0.5758468335787923,0.5629922665016299,0.6312341067462677,0.5690161922788721
T1,2028,5105,41,679,0.5051546391752577,0.4932735627838314,0.6806992947484678,0.48388433411168497
T1,2028,5105,42,679,0.6008836524300442,0.5877059792843691,0.5956395957317198,0.63987688596888
T1,2028,5105,43,679,0.5390279823269514,0.5297142876213552,0.639559041395981,0.5765240035952276
T1,2028,5105,44,679,0.5007363770250368,0.4865861861152449,0.6871351819809126,0.457845890203891
T1,2028,5105,45,679,0.6038291605301914,0.5959953359418004,0.5875985327894101,0.6464297827805797
T1,2028,5105,46,679,0.6038291605301914,0.5959953359418004,0.5875985327894101,0.6464297827805797
T1,2028,5105,47,679,0.6038291605301914,0.5959953359418004,0.5875985327894101,0.6464297827805797
T1,2028,5105,48,679,0.6038291605301914,0.5959953359418004,0.5875985327894101,0.6464297827805797
T1,2028,5105,49,679,0.6038291605301914,0.5959953359418004,0.5875985327894101,0.6464297827805797
T1,2028,5105,50,679,0.6038291605301914,0.5959953359418004,0.5875985327894101,0.6464297827805797
T1,2028,5105,51,679,0.6038291605301914,0.5959953359418004,0.5875985327894101,0.6464297827805797
T1,2028,5105,52,679,0.6038291605301914,0.5959953359418004,0.5875985327894101,0.6464297827805797
T1,2028,5105,53,679,0.6038291605301914,0.5959953359418004,0.5875985327894101,0.6464297827805797
T1,2028,5105,54,679,0.5684830633284241,0.5596425222847786,0.6259415540761906,0.595310646208937
T1,2028,5105,55,679,0.5434462444771723,0.535823511086074,0.6707987746934301,0.5351045688370624
T1,2028,5105,56,679,0.5184094256259205,0.5089092040164169,0.6996198237073966,0.49030749096587606
T1,2028,5105,57,679,0.5891016200294551,0.5777239896684884,0.6201793977631385,0.5920529366628947
T1,2028,5105,58,679,0.5434462444771723,0.5267703262074338,0.6437237259433968,0.5524907376389389
T1,2028,5105,59,679,0.5228276877761414,0.5115354918121033,0.6712471036259661,0.5052930517546254
T1,2028,5105,60,679,0.5861561119293078,0.575439202920316,0.6152313958431027,0.6161022915058711
T1,2028,5105,61,679,0.5331369661266568,0.5234365026147659,0.6373268855469567,0.5758535074998934
T1,2028,5105,62,679,0.49042709867452133,0.47898005914098307,0.6811220045688402,0.4837380119906715
T1,2029,5101,0,679,0.572901325478645,0.5597350999594014,0.6171097755432129,0.5819977669638996
T1,2029,5101,1,679,0.5478645066273933,0.5405895733855477,0.6415703531041939,0.5622596035862332
T1,2029,5101,2,679,0.5228276877761414,0.5173891187324077,0.6707029004247972,0.48211821418831763
T1,2029,5101,3,679,0.6008836524300442,0.5865516684984614,0.6146738367245721,0.5867977063368892
T1,2029,5101,4,679,0.5508100147275405,0.5391665716060179,0.6414938417643264,0.5416675515583594
T1,2029,5101,5,679,0.5169366715758469,0.5043080650986148,0.6737266461171528,0.47269561190864146
T1,2029,5101,6,679,0.5949926362297496,0.5822166852601465,0.6131527910834735,0.6089433658651414
T1,2029,5101,7,679,0.5625920471281296,0.5584451025187998,0.624472942965898,0.5736017671965913
T1,2029,5101,8,679,0.5066273932253313,0.5088583284156579,0.6879765850235331,0.4572260187821626
T1,2029,5101,9,679,0.6067746686303387,0.5931360698906226,0.596474390010595,0.6200065170275765
T1,2029,5101,10,679,0.6067746686303387,0.5931360698906226,0.596474390010595,0.6200065170275765
T1,2029,5101,11,679,0.6067746686303387,0.5931360698906226,0.596474390010595,0.6200065170275765
T1,2029,5101,12,679,0.6067746686303387,0.5931360698906226,0.596474390010595,0.6200065170275765
T1,2029,5101,13,679,0.6067746686303387,0.5931360698906226,0.596474390010595,0.6200065170275765
T1,2029,5101,14,679,0.6067746686303387,0.5931360698906226,0.596474390010595,0.6200065170275765
T1,2029,5101,15,679,0.6067746686303387,0.5931360698906226,0.596474390010595,0.6200065170275765
T1,2029,5101,16,679,0.6067746686303387,0.5931360698906226,0.596474390010595,0.6200065170275765
T1,2029,5101,17,679,0.6067746686303387,0.5931360698906226,0.596474390010595,0.6200065170275765
T1,2029,5101,18,679,0.6067746686303387,0.5931360698906226,0.596474390010595,0.6200065170275765
T1,2029,5101,19,679,0.6067746686303387,0.5931360698906226,0.596474390010595,0.6200065170275765
T1,2029,5101,20,679,0.6067746686303387,0.5931360698906226,0.596474390010595,0.6200065170275765
T1,2029,5101,21,679,0.6067746686303387,0.5931360698906226,0.596474390010595,0.6200065170275765
T1,2029,5101,22,679,0.6067746686303387,0.5931360698906226,0.596474390010595,0.6200065170275765
T1,2029,5101,23,679,0.6067746686303387,0.5931360698906226,0.596474390010595,0.6200065170275765
T1,2029,5101,24,679,0.6067746686303387,0.5931360698906226,0.596474390010595,0.6200065170275765
T1,2029,5101,25,679,0.6067746686303387,0.5931360698906226,0.596474390010595,0.6200065170275765
T1,2029,5101,26,679,0.6067746686303387,0.5931360698906226,0.596474390010595,0.6200065170275765
T1,2029,5101,27,679,0.5699558173784978,0.5546903574834416,0.6188212362761351,0.5926791185489663
T1,2029,5101,28,679,0.5493372606774669,0.5415752629442594,0.6469274331570023,0.5433693929405198
T1,2029,5101,29,679,0.5139911634756995,0.5085216708636277,0.6718344684026378,0.4775898320803836
T1,2029,5101,30,679,0.5891016200294551,0.5754125821233667,0.6139311695660689,0.5956892740173064
T1,2029,5101,31,679,0.5581737849779087,0.547746049735554,0.6368671514104849,0.5393627989232599
T1,2029,5101,32,679,0.508100147275405,0.49922787496210697,0.6880840965723605,0.44598502389051226
T1,2029,5101,33,679,0.5964653902798233,0.58306949842552,0.6059292600502497,0.6169935483258912
T1,2029,5101,34,679,0.5508100147275405,0.5425442441853351,0.6462338571388697,0.5478589927619322
T1,2029,5101,35,679,0.524300441826215,0.5256898440571123,0.678919188645346,0.4736877905017972
T1,2029,5101,36,679,0.572901325478645,0.5585041642905922,0.6157621068438304,0.5834279157437269
T1,2029,5101,37,679,0.5449189985272459,0.5348530584806668,0.6486507399399958,0.539353451506733
T1,2029,5101,38,679,0.5125184094256259,0.5041111331117667,0.6795600692197044,0.46840464945400734
T1,2029,5101,39,679,0.5640648011782032,0.5468969196874152,0.6194082560437417,0.5914581249181138
T1,2029,5101,40,679,0.5567010309278351,0.5445583607346647,0.6493168966364615,0.5252969819070877
T1,2029,5101,41,679,0.4963181148748159,0.4890815201547355,0.6661390633883286,0.5069524675712455
T1,2029,5101,42,679,0.5817378497790869,0.5684991772207512,0.6099417612988046,0.6139512060000932
T1,2029,5101,43,679,0.5346097201767305,0.526358126104002,0.6381193153856429,0.5628436946102052
T1,2029,5101,44,679,0.5051546391752577,0.5084240791684927,0.6817137104992663,0.46552408228620723
T1,2029,5101,45,679,0.6067746686303387,0.5931360698906226,0.596474390010595,0.6200065170275765
T1,2029,5101,46,679,0.6067746686303387,0.5931360698906226,0.596474390010595,0.6200065170275765
T1,2029,5101,47,679,0.6067746686303387,0.5931360698906226,0.596474390010595,0.6200065170275765
T1,2029,5101,48,679,0.6067746686303387,0.5931360698906226,0.596474390010595,0.6200065170275765
T1,2029,5101,49,679,0.6067746686303387,0.5931360698906226,0.596474390010595,0.6200065170275765
T1,2029,5101,50,679,0.6067746686303387,0.5931360698906226,0.596474390010595,0.6200065170275765
T1,2029,5101,51,679,0.6067746686303387,0.5931360698906226,0.596474390010595,0.6200065170275765
T1,2029,5101,52,679,0.6067746686303387,0.5931360698906226,0.596474390010595,0.6200065170275765
T1,2029,5101,53,679,0.6067746686303387,0.5931360698906226,0.596474390010595,0.6200065170275765
T1,2029,5101,54,679,0.5876288659793815,0.5751466227777996,0.6114390756666046,0.5885220342396447
T1,2029,5101,55,679,0.5493372606774669,0.5409725332139125,0.6524962107589213,0.536276006776756
T1,2029,5101,56,679,0.5198821796759941,0.5144470711846598,0.6697150930784237,0.48637723311608677
T1,2029,5101,57,679,0.6038291605301914,0.5893417414605233,0.6092939258762944,0.5886926494812605
T1,2029,5101,58,679,0.5419734904270986,0.530487309240755,0.6403256563225621,0.5308316629483812
T1,2029,5101,59,679,0.48159057437407954,0.4775543888106316,0.6870997386802103,0.4541641949856303
T1,2029,5101,60,679,0.5699558173784978,0.5553828081523549,0.6048389943604616,0.617856604371859
T1,2029,5101,61,679,0.5817378497790869,0.5741388324342689,0.6157150645363137,0.5883884680988064
T1,2029,5101,62,679,0.5110456553755522,0.5117585706587074,0.6818224592175505,0.4658358046312532
T1,2029,5102,0,679,0.5773195876288659,0.5608018166157701,0.6211667436563214,0.5754253981536913
T1,2029,5102,1,679,0.5522827687776142,0.5442616529573051,0.6451346730492428,0.5475428908875809
T1,2029,5102,2,679,0.5213549337260678,0.5158323927310332,0.6690258251198613,0.4899036460187665
T1,2029,5102,3,679,0.5891016200294551,0.5734058260035966,0.6147503048313209,0.5977095299534713
T1,2029,5102,4,679,0.5714285714285714,0.5607026261218301,0.6252128378939383,0.5738229445259879
T1,2029,5102,5,679,0.5095729013254786,0.5034485784268802,0.6697106685088906,0.48792623607291086
T1,2029,5102,6,679,0.5802650957290133,0.5666505666505667,0.6106405065275607,0.6059069131631841
T1,2029,5102,7,679,0.5508100147275405,0.5443065110004099,0.6307448965767521,0.5634451753142429
T1,2029,5102,8,679,0.5110456553755522,0.5144483531594661,0.6791624898016891,0.47758356069914437
T1,2029,5102,9,679,0.6067746686303387,0.5931360698906226,0.596474390010595,0.6200065170275765
T1,2029,5102,10,679,0.6067746686303387,0.5931360698906226,0.596474390010595,0.6200065170275765
T1,2029,5102,11,679,0.6067746686303387,0.5931360698906226,0.596474390010595,0.6200065170275765
T1,2029,5102,12,679,0.6067746686303387,0.5931360698906226,0.596474390010595,0.6200065170275765
T1,2029,5102,13,679,0.6067746686303387,0.5931360698906226,0.596474390010595,0.6200065170275765
T1,2029,5102,14,679,0.6067746686303387,0.5931360698906226,0.596474390010595,0.6200065170275765
T1,2029,5102,15,679,0.6067746686303387,0.5931360698906226,0.596474390010595,0.6200065170275765
T1,2029,5102,16,679,0.6067746686303387,0.5931360698906226,0.596474390010595,0.6200065170275765
T1,2029,5102,17,679,0.6067746686303387,0.5931360698906226,0.596474390010595,0.6200065170275765
T1,2029,5102,18,679,0.6067746686303387,0.5931360698906226,0.596474390010595,0.6200065170275765
T1,2029,5102,19,679,0.6067746686303387,0.5931360698906226,0.596474390010595,0.6200065170275765
T1,2029,5102,20,679,0.6067746686303387,0.5931360698906226,0.596474390010595,0.6200065170275765
T1,2029,5102,21,679,0.6067746686303387,0.5931360698906226,0.596474390010595,0.6200065170275765
T1,2029,5102,22,679,0.6067746686303387,0.5931360698906226,0.596474390010595,0.6200065170275765
T1,2029,5102,23,679,0.6067746686303387,0.5931360698906226,0.596474390010595,0.6200065170275765
T1,2029,5102,24,679,0.6067746686303387,0.5931360698906226,0.596474390010595,0.6200065170275765
T1,2029,5102,25,679,0.6067746686303387,0.5931360698906226,0.596474390010595,0.6200065170275765
T1,2029,5102,26,679,0.6067746686303387,0.5931360698906226,0.596474390010595,0.6200065170275765
T1,2029,5102,27,679,0.5773195876288659,0.5645063189248181,0.614803330975534,0.5881914102974781
T1,2029,5102,28,679,0.5552282768777614,0.5471618835024082,0.6406322532225076,0.5543042662450959
T1,2029,5102,29,679,0.5036818851251841,0.4963295681058977,0.6752065564334305,0.47682631181946267
T1,2029,5102,30,679,0.5891016200294551,0.5748480966902999,0.6103204470319846,0.6018692655379011
T1,2029,5102,31,679,0.5625920471281296,0.5495809098672179,0.6358352666487574,0.5383938034167625
T1,2029,5102,32,679,0.4963181148748159,0.48930735415235627,0.6804639160062498,0.4836367753536357
T1,2029,5102,33,679,0.5773195876288659,0.5636823884011709,0.6186630273778239,0.6024178836085256
T1,2029,5102,34,679,0.561119293078056,0.551419840539549,0.6294475794496873,0.5716505151307308
T1,2029,5102,35,679,0.5110456553755522,0.5135444299409098,0.684970440214091,0.4654294745811916
T1,2029,5102,36,679,0.561119293078056,0.5466262697383979,0.6130606882350961,0.6016100366876022
T1,2029,5102,37,679,0.5463917525773195,0.5340723475788617,0.6560007620586387,0.5354091134038841
T1,2029,5102,38,679,0.5213549337260678,0.5169924674663244,0.6681905477273447,0.4919074506560911
T1,2029,5102,39,679,0.6038291605301914,0.5876939303446296,0.608986599368094,0.5926212010945592
T1,2029,5102,40,679,0.5537555228276878,0.542106831355978,0.6434901514486993,0.520988759401396
T1,2029,5102,41,679,0.49337260677466865,0.4899353583388626,0.6731500276014626,0.4905130122884385
T1,2029,5102,42,679,0.5876288659793815,0.5764346016092554,0.5952702437655037,0.6253258927423884
T1,2029,5102,43,679,0.5773195876288659,0.568574342585642,0.6214826649743432,0.588893912267112
T1,2029,5102,44,679,0.5184094256259205,0.5199768675890526,0.6760201756355513,0.4814842267607667
T1,2029,5102,45,679,0.6067746686303387,0.5931360698906226,0.596474390010595,0.6200065170275765
T1,2029,5102,46,679,0.6067746686303387,0.5931360698906226,0.596474390010595,0.6200065170275765
T1,2029,5102,47,679,0.6067746686303387,0.5931360698906226,0.596474390010595,0.6200065170275765
T1,2029,5102,48,679,0.6067746686303387,0.5931360698906226,0.596474390010595,0.6200065170275765
T1,2029,5102,49,679,0.6067746686303387,0.5931360698906226,0.596474390010595,0.6200065170275765
T1,2029,5102,50,679,0.6067746686303387,0.5931360698906226,0.596474390010595,0.6200065170275765
T1,2029,5102,51,679,0.6067746686303387,0.5931360698906226,0.596474390010595,0.6200065170275765
T1,2029,5102,52,679,0.6067746686303387,0.5931360698906226,0.596474390010595,0.6200065170275765
T1,2029,5102,53,679,0.6067746686303387,0.5931360698906226,0.596474390010595,0.6200065170275765
T1,2029,5102,54,679,0.5699558173784978,0.5576040362656955,0.6197005947050536,0.5787868444068166
T1,2029,5102,55,679,0.5478645066273933,0.5409026259942877,0.6524905241115104,0.5340580052484556
T1,2029,5102,56,679,0.5125184094256259,0.5060666626289544,0.6740983541786056,0.4800527269476197
T1,2029,5102,57,679,0.5994108983799705,0.5844200346106949,0.6038437936021583,0.6028269186930204
T1,2029,5102,58,679,0.5846833578792342,0.5761453566338821,0.6203175308470873,0.5819408769785923
T1,2029,5102,59,679,0.5022091310751104,0.4969946285245437,0.6845489933713722,0.42717292848002303
T1,2029,5102,60,679,0.5905743740795287,0.5736247703687265,0.6113708903231221,0.5951043440155568
T1,2029,5102,61,679,0.5596465390279823,0.5500696372805993,0.6285225791371097,0.5747185846457857
T1,2029,5102,62,679,0.5125184094256259,0.5138220512497236,0.6750986183909851,0.47913672910106764
T1,2029,5103,0,679,0.5640648011782032,0.5528876829122933,0.6136949416112829,0.6040331662179632
T1,2029,5103,1,679,0.5508100147275405,0.5387716619313587,0.6544478943404112,0.5294234503513571
T1,2029,5103,2,679,0.5095729013254786,0.5039427847114669,0.6717290042382452,0.48591196717096735
T1,2029,5103,3,679,0.6023564064801178,0.589631771721324,0.6148675588866221,0.5774198045318072
T1,2029,5103,4,679,0.5670103092783505,0.5548033378894485,0.6359533145914021,0.5375884446270811
T1,2029,5103,5,679,0.4845360824742268,0.47914871379289564,0.6794233044968789,0.46941965541372377
T1,2029,5103,6,679,0.5802650957290133,0.5668736603639651,0.6066804422896811,0.6117111551719102
T1,2029,5103,7,679,0.5581737849779087,0.5539482777298383,0.6269765409129358,0.5768945364630148
T1,2029,5103,8,679,0.508100147275405,0.5095697590854312,0.683204941243065,0.4653071915175869
T1,2029,5103,9,679,0.6067746686303387,0.5931360698906226,0.596474390010595,0.6200065170275765
T1,2029,5103,10,679,0.6067746686303387,0.5931360698906226,0.596474390010595,0.6200065170275765
T1,2029,5103,11,679,0.6067746686303387,0.5931360698906226,0.596474390010595,0.6200065170275765
T1,2029,5103,12,679,0.6067746686303387,0.5931360698906226,0.596474390010595,0.6200065170275765
T1,2029,5103,13,679,0.6067746686303387,0.5931360698906226,0.596474390010595,0.6200065170275765
T1,2029,5103,14,679,0.6067746686303387,0.5931360698906226,0.596474390010595,0.6200065170275765
T1,2029,5103,15,679,0.6067746686303387,0.5931360698906226,0.596474390010595,0.6200065170275765
T1,2029,5103,16,679,0.6067746686303387,0.5931360698906226,0.596474390010595,0.6200065170275765
T1,2029,5103,17,679,0.6067746686303387,0.5931360698906226,0.596474390010595,0.6200065170275765
T1,2029,5103,18,679,0.6067746686303387,0.5931360698906226,0.596474390010595,0.6200065170275765
T1,2029,5103,19,679,0.6067746686303387,0.5931360698906226,0.596474390010595,0.6200065170275765
T1,2029,5103,20,679,0.6067746686303387,0.5931360698906226,0.596474390010595,0.6200065170275765
T1,2029,5103,21,679,0.6067746686303387,0.5931360698906226,0.596474390010595,0.6200065170275765
T1,2029,5103,22,679,0.6067746686303387,0.5931360698906226,0.596474390010595,0.6200065170275765
T1,2029,5103,23,679,0.6067746686303387,0.5931360698906226,0.596474390010595,0.6200065170275765
T1,2029,5103,24,679,0.6067746686303387,0.5931360698906226,0.596474390010595,0.6200065170275765
T1,2029,5103,25,679,0.6067746686303387,0.5931360698906226,0.596474390010595,0.6200065170275765
T1,2029,5103,26,679,0.6067746686303387,0.5931360698906226,0.596474390010595,0.6200065170275765
T1,2029,5103,27,679,0.5802650957290133,0.5671177156462666,0.6094039119396013,0.6050370474276634
T1,2029,5103,28,679,0.5434462444771723,0.5335991323371553,0.6431443881303818,0.5604266746103551
T1,2029,5103,29,679,0.5125184094256259,0.5061959064767042,0.6713816129186895,0.4790191442980498
T1,2029,5103,30,679,0.5994108983799705,0.5844560713035043,0.61755995937405,0.5777077080998033
T1,2029,5103,31,679,0.5714285714285714,0.5617688130447269,0.6306167695457349,0.5547351825668252
T1,2029,5103,32,679,0.48600883652430044,0.47836465514963994,0.6892597409560508,0.4765385531839597
T1,2029,5103,33,679,0.5861561119293078,0.5724147424626816,0.6153706958262313,0.6011636701996108
T1,2029,5103,34,679,0.572901325478645,0.5663130131572919,0.6397829852197237,0.5482935572625321
T1,2029,5103,35,679,0.5184094256259205,0.5197844547511818,0.6801985556449034,0.467070881884231
T1,2029,5103,36,679,0.5758468335787923,0.5632465523290164,0.6158468258047315,0.5840606203414022
T1,2029,5103,37,679,0.5625920471281296,0.5529631111191837,0.6379945508378595,0.5504338367333226
T1,2029,5103,38,679,0.5066273932253313,0.4999735759074384,0.676181828106626,0.47711753626871883
T1,2029,5103,39,679,0.5581737849779087,0.5389880089967022,0.6187377636580124,0.5935373803948291
T1,2029,5103,40,679,0.5699558173784978,0.5616870168880442,0.6274815758303445,0.5570699627797654
T1,2029,5103,41,679,0.5036818851251841,0.4955119716959113,0.6603909111821774,0.5193714598525014
T1,2029,5103,42,679,0.572901325478645,0.5577246908190292,0.6124028511268577,0.6073442130036408
T1,2029,5103,43,679,0.5552282768777614,0.5453055452330815,0.6342221645306417,0.561408370258757
T1,2029,5103,44,679,0.5051546391752577,0.5055756017308836,0.6819574986755935,0.4692535097063929
T1,2029,5103,45,679,0.6067746686303387,0.5931360698906226,0.596474390010595,0.6200065170275765
T1,2029,5103,46,679,0.6067746686303387,0.5931360698906226,0.596474390010595,0.6200065170275765
T1,2029,5103,47,679,0.6067746686303387,0.5931360698906226,0.596474390010595,0.6200065170275765
T1,2029,5103,48,679,0.6067746686303387,0.5931360698906226,0.596474390010595,0.6200065170275765
T1,2029,5103,49,679,0.6067746686303387,0.5931360698906226,0.596474390010595,0.6200065170275765
T1,2029,5103,50,679,0.6067746686303387,0.5931360698906226,0.596474390010595,0.6200065170275765
T1,2029,5103,51,679,0.6067746686303387,0.5931360698906226,0.596474390010595,0.6200065170275765
T1,2029,5103,52,679,0.6067746686303387,0.5931360698906226,0.596474390010595,0.6200065170275765
T1,2029,5103,53,679,0.6067746686303387,0.5931360698906226,0.596474390010595,0.6200065170275765
T1,2029,5103,54,679,0.5743740795287187,0.5598139525252813,0.6149186227739472,0.593577894628224
T1,2029,5103,55,679,0.5375552282768777,0.5328671839628061,0.6481116450061152,0.5494564532846926
T1,2029,5103,56,679,0.508100147275405,0.5040087923350933,0.6721081012566417,0.481163470716704
T1,2029,5103,57,679,0.5861561119293078,0.5695032021941859,0.6110139885514053,0.592645713506853
T1,2029,5103,58,679,0.5596465390279823,0.5514743903906237,0.6410602114995906,0.5238679420233173
T1,2029,5103,59,679,0.4889543446244477,0.48426257777567183,0.6839638171341703,0.4506780670638324
T1,2029,5103,60,679,0.5684830633284241,0.5561765941865053,0.6199952788837528,0.5882014834512647
T1,2029,5103,61,679,0.5567010309278351,0.5484343608787258,0.6399109080675248,0.5476912584252536
T1,2029,5103,62,679,0.5228276877761414,0.5231237919299128,0.6763004199526271,0.4718904139047492
T1,2029,5104,0,679,0.561119293078056,0.5478190713572603,0.6313443590334132,0.5776067832789323
T1,2029,5104,1,679,0.5508100147275405,0.5406236020146512,0.6449807954291005,0.5471380221464094
T1,2029,5104,2,679,0.5066273932253313,0.4996386582760749,0.6754881585118345,0.47925741059091737
T1,2029,5104,3,679,0.5846833578792342,0.5665759137833727,0.6207465388550147,0.5720414063142961
T1,2029,5104,4,679,0.572901325478645,0.5592714750323445,0.6226977247728339,0.5790297745559702
T1,2029,5104,5,679,0.5139911634756995,0.5069765982809461,0.678072804796327,0.46480394813503134
T1,2029,5104,6,679,0.5567010309278351,0.5410925122231072,0.6320375305475648,0.5821727436839365
T1,2029,5104,7,679,0.5596465390279823,0.5554073866741307,0.6259760767309234,0.5748412450478159
T1,2029,5104,8,679,0.508100147275405,0.5083740094166516,0.6823267771016165,0.46701323053183325
T1,2029,5104,9,679,0.6067746686303387,0.5931360698906226,0.596474390010595,0.6200065170275765
T1,2029,5104,10,679,0.6067746686303387,0.5931360698906226,0.596474390010595,0.6200065170275765
T1,2029,5104,11,679,0.6067746686303387,0.5931360698906226,0.596474390010595,0.6200065170275765
T1,2029,5104,12,679,0.6067746686303387,0.5931360698906226,0.596474390010595,0.6200065170275765
T1,2029,5104,13,679,0.6067746686303387,0.5931360698906226,0.596474390010595,0.6200065170275765
T1,2029,5104,14,679,0.6067746686303387,0.5931360698906226,0.596474390010595,0.6200065170275765
T1,2029,5104,15,679,0.6067746686303387,0.5931360698906226,0.596474390010595,0.6200065170275765
T1,2029,5104,16,679,0.6067746686303387,0.5931360698906226,0.596474390010595,0.6200065170275765
T1,2029,5104,17,679,0.6067746686303387,0.5931360698906226,0.596474390010595,0.6200065170275765
T1,2029,5104,18,679,0.6067746686303387,0.5931360698906226,0.596474390010595,0.6200065170275765
T1,2029,5104,19,679,0.6067746686303387,0.5931360698906226,0.596474390010595,0.6200065170275765
T1,2029,5104,20,679,0.6067746686303387,0.5931360698906226,0.596474390010595,0.6200065170275765
T1,2029,5104,21,679,0.6067746686303387,0.5931360698906226,0.596474390010595,0.6200065170275765
T1,2029,5104,22,679,0.6067746686303387,0.5931360698906226,0.596474390010595,0.6200065170275765
T1,2029,5104,23,679,0.6067746686303387,0.5931360698906226,0.596474390010595,0.6200065170275765
T1,2029,5104,24,679,0.6067746686303387,0.5931360698906226,0.596474390010595,0.6200065170275765
T1,2029,5104,25,679,0.6067746686303387,0.5931360698906226,0.596474390010595,0.6200065170275765
T1,2029,5104,26,679,0.6067746686303387,0.5931360698906226,0.596474390010595,0.6200065170275765
T1,2029,5104,27,679,0.5949926362297496,0.5835909972106934,0.6059916533847972,0.6009179026206029
T1,2029,5104,28,679,0.5419734904270986,0.5312476860422066,0.6511924280860463,0.5415758653118273
T1,2029,5104,29,679,0.5095729013254786,0.5017120144919854,0.672588387956851,0.4759504860776606
T1,2029,5104,30,679,0.593519882179676,0.5777746136060418,0.6049077365113991,0.6015234712862142
T1,2029,5104,31,679,0.5522827687776142,0.5410155573319236,0.6443108100559294,0.5376976078431807
T1,2029,5104,32,679,0.4992636229749632,0.49388752341743947,0.6683313352150488,0.5013135283581873
T1,2029,5104,33,679,0.593519882179676,0.578817427216049,0.6078538857345553,0.6104873173416746
T1,2029,5104,34,679,0.5596465390279823,0.5522062986559082,0.6346679928332611,0.5751696147122007
T1,2029,5104,35,679,0.5036818851251841,0.5056692169333831,0.6819008126394036,0.48101780241224984
T1,2029,5104,36,679,0.5802650957290133,0.567275132762582,0.6165127446093159,0.5896140136151184
T1,2029,5104,37,679,0.5478645066273933,0.5365431528275565,0.6544757197900444,0.5324168951270082
T1,2029,5104,38,679,0.5228276877761414,0.5153073069229723,0.667337654572699,0.494623169613777
T1,2029,5104,39,679,0.5802650957290133,0.5652351226888164,0.6293096983467883,0.5751122332979064
T1,2029,5104,40,679,0.5331369661266568,0.5204571948219215,0.6433791668539721,0.5578248612930325
T1,2029,5104,41,679,0.4801178203240059,0.46942476229355024,0.6883057088581557,0.4529189411866786
T1,2029,5104,42,679,0.5861561119293078,0.5715920831413932,0.6097977182036471,0.6220506209411036
T1,2029,5104,43,679,0.5787923416789397,0.5735696802431263,0.6290141511955387,0.5582638950756718
T1,2029,5104,44,679,0.5139911634756995,0.5158048746731517,0.6837905035498216,0.46828918456735386
T1,2029,5104,45,679,0.6067746686303387,0.5931360698906226,0.596474390010595,0.6200065170275765
T1,2029,5104,46,679,0.6067746686303387,0.5931360698906226,0.596474390010595,0.6200065170275765
T1,2029,5104,47,679,0.6067746686303387,0.5931360698906226,0.596474390010595,0.6200065170275765
T1,2029,5104,48,679,0.6067746686303387,0.5931360698906226,0.596474390010595,0.6200065170275765
T1,2029,5104,49,679,0.6067746686303387,0.5931360698906226,0.596474390010595,0.6200065170275765
T1,2029,5104,50,679,0.6067746686303387,0.5931360698906226,0.596474390010595,0.6200065170275765
T1,2029,5104,51,679,0.6067746686303387,0.5931360698906226,0.596474390010595,0.6200065170275765
T1,2029,5104,52,679,0.6067746686303387,0.5931360698906226,0.596474390010595,0.6200065170275765
T1,2029,5104,53,679,0.6067746686303387,0.5931360698906226,0.596474390010595,0.6200065170275765
T1,2029,5104,54,679,0.5714285714285714,0.5610804839041943,0.6166950152180156,0.5842993288894064
T1,2029,5104,55,679,0.5463917525773195,0.5314230562253186,0.6459573024063644,0.54804552510195
T1,2029,5104,56,679,0.5169366715758469,0.5089661511757232,0.6687225553266078,0.4852113182820986
T1,2029,5104,57,679,0.593519882179676,0.5757181572880244,0.6081968022727123,0.59458654784651
T1,2029,5104,58,679,0.5478645066273933,0.5403483720260275,0.6380820630093562,0.5405549737725711
T1,2029,5104,59,679,0.4889543446244477,0.48507055706120805,0.6745154408625545,0.5044571130876023
T1,2029,5104,60,679,0.5817378497790869,0.5688168855621145,0.6256779880428877,0.5912577549091712
T1,2029,5104,61,679,0.572901325478645,0.5665577782775831,0.6167532897092106,0.5824339262768525
T1,2029,5104,62,679,0.5257731958762887,0.5259648511799213,0.672250805463812,0.4908622004945153
T1,2029,5105,0,679,0.5699558173784978,0.5557721994341034,0.6183494952711687,0.5902108232823103
T1,2029,5105,1,679,0.5390279823269514,0.5268652994928389,0.6558250019186902,0.5303830681856232
T1,2029,5105,2,679,0.5228276877761414,0.5178140551322082,0.6693477595502042,0.48789124609224455
T1,2029,5105,3,679,0.5949926362297496,0.5777113197737851,0.6122391610152591,0.6008028764123202
T1,2029,5105,4,679,0.561119293078056,0.5497376637362316,0.6349654919927356,0.5399600162157833
T1,2029,5105,5,679,0.4889543446244477,0.4845564794955639,0.6807112012371224,0.4684943580344639
T1,2029,5105,6,679,0.5758468335787923,0.5590555995628147,0.6201463569948705,0.5899714789783101
T1,2029,5105,7,679,0.5522827687776142,0.5456847628225721,0.6371239452500758,0.5551476203495688
T1,2029,5105,8,679,0.5184094256259205,0.518466943617926,0.672249584007509,0.4894920416797589
T1,2029,5105,9,679,0.6067746686303387,0.5931360698906226,0.596474390010595,0.6200065170275765
T1,2029,5105,10,679,0.6067746686303387,0.5931360698906226,0.596474390010595,0.6200065170275765
T1,2029,5105,11,679,0.6067746686303387,0.5931360698906226,0.596474390010595,0.6200065170275765
T1,2029,5105,12,679,0.6067746686303387,0.5931360698906226,0.596474390010595,0.6200065170275765
T1,2029,5105,13,679,0.6067746686303387,0.5931360698906226,0.596474390010595,0.6200065170275765
T1,2029,5105,14,679,0.6067746686303387,0.5931360698906226,0.596474390010595,0.6200065170275765
T1,2029,5105,15,679,0.6067746686303387,0.5931360698906226,0.596474390010595,0.6200065170275765
T1,2029,5105,16,679,0.6067746686303387,0.5931360698906226,0.596474390010595,0.6200065170275765
T1,2029,5105,17,679,0.6067746686303387,0.5931360698906226,0.596474390010595,0.6200065170275765
T1,2029,5105,18,679,0.6067746686303387,0.5931360698906226,0.596474390010595,0.6200065170275765
T1,2029,5105,19,679,0.6067746686303387,0.5931360698906226,0.596474390010595,0.6200065170275765
T1,2029,5105,20,679,0.6067746686303387,0.5931360698906226,0.596474390010595,0.6200065170275765
T1,2029,5105,21,679,0.6067746686303387,0.5931360698906226,0.596474390010595,0.6200065170275765
T1,2029,5105,22,679,0.6067746686303387,0.5931360698906226,0.596474390010595,0.6200065170275765
T1,2029,5105,23,679,0.6067746686303387,0.5931360698906226,0.596474390010595,0.6200065170275765
T1,2029,5105,24,679,0.6067746686303387,0.5931360698906226,0.596474390010595,0.6200065170275765
T1,2029,5105,25,679,0.6067746686303387,0.5931360698906226,0.596474390010595,0.6200065170275765
T1,2029,5105,26,679,0.6067746686303387,0.5931360698906226,0.596474390010595,0.6200065170275765
T1,2029,5105,27,679,0.5861561119293078,0.5745544071972547,0.6071577270972008,0.6047799795183953
T1,2029,5105,28,679,0.5522827687776142,0.5427507714078024,0.6550980029032403,0.5203637169109832
T1,2029,5105,29,679,0.49779086892488955,0.4920706260973766,0.6790081100189984,0.4690391812769742
T1,2029,5105,30,679,0.5994108983799705,0.5838753256913738,0.6094513347643992,0.5853846783346469
T1,2029,5105,31,679,0.561119293078056,0.5536280800649986,0.6295497170999229,0.5501640000505899
T1,2029,5105,32,679,0.5066273932253313,0.5013647089045457,0.6773288750990852,0.4704565871982729
T1,2029,5105,33,679,0.5861561119293078,0.574470128766376,0.6109160686978886,0.6121061821042428
T1,2029,5105,34,679,0.5493372606774669,0.5393477043053555,0.6376783614086649,0.5585099516669085
T1,2029,5105,35,679,0.5198821796759941,0.5225056311665239,0.6759880671664436,0.4755478779495922
T1,2029,5105,36,679,0.5596465390279823,0.5483066553256616,0.6208173665540383,0.5851444884096171
T1,2029,5105,37,679,0.540500736377025,0.5266676453854132,0.6536069918582997,0.5372043147053541
T1,2029,5105,38,679,0.5095729013254786,0.5035515042837219,0.6740995748668075,0.48562154106566746
T1,2029,5105,39,679,0.5846833578792342,0.5675169383172549,0.613048635895017,0.5942144022373609
T1,2029,5105,40,679,0.5802650957290133,0.5742822177321202,0.6258418749858775,0.5591251516460295
T1,2029,5105,41,679,0.508100147275405,0.4986527427643833,0.6751052751500758,0.4733659579773301
T1,2029,5105,42,679,0.5891016200294551,0.5795299632148461,0.6015474508147528,0.6172453786792176
T1,2029,5105,43,679,0.540500736377025,0.5337482589083824,0.6401180866145596,0.5573107408873663
T1,2029,5105,44,679,0.5169366715758469,0.5174972623355614,0.6799939519482965,0.46969795267513587
T1,2029,5105,45,679,0.6067746686303387,0.5931360698906226,0.596474390010595,0.6200065170275765
T1,2029,5105,46,679,0.6067746686303387,0.5931360698906226,0.596474390010595,0.6200065170275765
T1,2029,5105,47,679,0.6067746686303387,0.5931360698906226,0.596474390010595,0.6200065170275765
T1,2029,5105,48,679,0.6067746686303387,0.5931360698906226,0.596474390010595,0.6200065170275765
T1,2029,5105,49,679,0.6067746686303387,0.5931360698906226,0.596474390010595,0.6200065170275765
T1,2029,5105,50,679,0.6067746686303387,0.5931360698906226,0.596474390010595,0.6200065170275765
T1,2029,5105,51,679,0.6067746686303387,0.5931360698906226,0.596474390010595,0.6200065170275765
T1,2029,5105,52,679,0.6067746686303387,0.5931360698906226,0.596474390010595,0.6200065170275765
T1,2029,5105,53,679,0.6067746686303387,0.5931360698906226,0.596474390010595,0.6200065170275765
T1,2029,5105,54,679,0.5625920471281296,0.5478431112259706,0.6249878925322082,0.5755318082144327
T1,2029,5105,55,679,0.5449189985272459,0.5322243465837466,0.6616623424904335,0.5193193605555764
T1,2029,5105,56,679,0.5184094256259205,0.513018983153726,0.6703381057120914,0.47990834852348374
T1,2029,5105,57,679,0.5802650957290133,0.5632932413227142,0.6170724470590808,0.5880326120285213
T1,2029,5105,58,679,0.5743740795287187,0.5623792634512954,0.6278627643660698,0.5496580572014688
T1,2029,5105,59,679,0.5066273932253313,0.5024789404394543,0.6708199453151981,0.4838836084166289
T1,2029,5105,60,679,0.5817378497790869,0.5667725282380455,0.6178993946585986,0.6016182867367816
T1,2029,5105,61,679,0.5478645066273933,0.5413426965723911,0.6367004213742199,0.5576340549524088
T1,2029,5105,62,679,0.5095729013254786,0.5110277985229441,0.6738276885210678,0.502288879119031
T1,2030,5101,0,679,0.5684830633284241,0.5415662112084929,0.6197634392880199,0.5921315554248919
T1,2030,5101,1,679,0.5375552282768777,0.5142186068529137,0.6443251913004666,0.5561785587223967
T1,2030,5101,2,679,0.5213549337260678,0.5018925583031348,0.6709164500850993,0.48521789323129594
T1,2030,5101,3,679,0.5861561119293078,0.5633088902409086,0.6177183858863735,0.5984210583615821
T1,2030,5101,4,679,0.5522827687776142,0.5309997820660123,0.6320925499360586,0.5591782590031701
T1,2030,5101,5,679,0.5390279823269514,0.5141532234183992,0.6725769070400932,0.48132637961838126
T1,2030,5101,6,679,0.561119293078056,0.5321252451400392,0.6139195578526678,0.6207501406159762
T1,2030,5101,7,679,0.5581737849779087,0.5363685717430815,0.6240419184292539,0.5867050938598272
T1,2030,5101,8,679,0.5228276877761414,0.511302286808189,0.673073891116874,0.4765269532429502
T1,2030,5101,9,679,0.6067746686303387,0.5774218807856599,0.6028149986038854,0.6342934830471085
T1,2030,5101,10,679,0.6067746686303387,0.5774218807856599,0.6028149986038854,0.6342934830471085
T1,2030,5101,11,679,0.6067746686303387,0.5774218807856599,0.6028149986038854,0.6342934830471085
T1,2030,5101,12,679,0.6067746686303387,0.5774218807856599,0.6028149986038854,0.6342934830471085
T1,2030,5101,13,679,0.6067746686303387,0.5774218807856599,0.6028149986038854,0.6342934830471085
T1,2030,5101,14,679,0.6067746686303387,0.5774218807856599,0.6028149986038854,0.6342934830471085
T1,2030,5101,15,679,0.6067746686303387,0.5774218807856599,0.6028149986038854,0.6342934830471085
T1,2030,5101,16,679,0.6067746686303387,0.5774218807856599,0.6028149986038854,0.6342934830471085
T1,2030,5101,17,679,0.6067746686303387,0.5774218807856599,0.6028149986038854,0.6342934830471085
T1,2030,5101,18,679,0.6067746686303387,0.5774218807856599,0.6028149986038854,0.6342934830471085
T1,2030,5101,19,679,0.6067746686303387,0.5774218807856599,0.6028149986038854,0.6342934830471085
T1,2030,5101,20,679,0.6067746686303387,0.5774218807856599,0.6028149986038854,0.6342934830471085
T1,2030,5101,21,679,0.6067746686303387,0.5774218807856599,0.6028149986038854,0.6342934830471085
T1,2030,5101,22,679,0.6067746686303387,0.5774218807856599,0.6028149986038854,0.6342934830471085
T1,2030,5101,23,679,0.6067746686303387,0.5774218807856599,0.6028149986038854,0.6342934830471085
T1,2030,5101,24,679,0.6067746686303387,0.5774218807856599,0.6028149986038854,0.6342934830471085
T1,2030,5101,25,679,0.6067746686303387,0.5774218807856599,0.6028149986038854,0.6342934830471085
T1,2030,5101,26,679,0.6067746686303387,0.5774218807856599,0.6028149986038854,0.6342934830471085
T1,2030,5101,27,679,0.5817378497790869,0.5530405040017304,0.6158440005094559,0.6105322554873919
T1,2030,5101,28,679,0.5301914580265096,0.5075396825396825,0.6465781143206736,0.547215410879027
T1,2030,5101,29,679,0.5360824742268041,0.5161768105667124,0.6728099635054683,0.47813518763639506
T1,2030,5101,30,679,0.5964653902798233,0.5712622495344196,0.6079190256010977,0.6208309595310568
T1,2030,5101,31,679,0.5522827687776142,0.5343652059441534,0.635840781812113,0.5471901570409848
T1,2030,5101,32,679,0.5198821796759941,0.49776784647708183,0.6829637175148822,0.45123873904553563
T1,2030,5101,33,679,0.5758468335787923,0.5486802192538982,0.6019858679074427,0.6376918474892166
T1,2030,5101,34,679,0.5449189985272459,0.5216863447119984,0.6502294334773638,0.5452311270627369
T1,2030,5101,35,679,0.5257731958762887,0.5162103433289874,0.6652438297801938,0.49389492564980086
T1,2030,5101,36,679,0.5787923416789397,0.5521371882466769,0.6170011447174735,0.5970758874068288
T1,2030,5101,37,679,0.5493372606774669,0.5262664658566916,0.641882912970432,0.5399939164110898
T1,2030,5101,38,679,0.5095729013254786,0.4831109060454729,0.6859603923181722,0.46018931163300936
T1,2030,5101,39,679,0.5670103092783505,0.5436565011416916,0.6241350087483958,0.5912505996081385
T1,2030,5101,40,679,0.572901325478645,0.5506750126532594,0.6451458833749586,0.5410317279709683
T1,2030,5101,41,679,0.5154639175257731,0.4944963657789033,0.6652753389768291,0.490984635386896
T1,2030,5101,42,679,0.5670103092783505,0.5353739188742518,0.6125520849175236,0.6293720517775646
T1,2030,5101,43,679,0.5449189985272459,0.5225259071412918,0.6398506710780387,0.5707480978217857
T1,2030,5101,44,679,0.5169366715758469,0.5093605014543783,0.6677322774598806,0.48023819082596686
T1,2030,5101,45,679,0.6067746686303387,0.5774218807856599,0.6028149986038854,0.6342934830471085
T1,2030,5101,46,679,0.6067746686303387,0.5774218807856599,0.6028149986038854,0.6342934830471085
T1,2030,5101,47,679,0.6067746686303387,0.5774218807856599,0.6028149986038854,0.6342934830471085
T1,2030,5101,48,679,0.6067746686303387,0.5774218807856599,0.6028149986038854,0.6342934830471085
T1,2030,5101,49,679,0.6067746686303387,0.5774218807856599,0.6028149986038854,0.6342934830471085
T1,2030,5101,50,679,0.6067746686303387,0.5774218807856599,0.6028149986038854,0.6342934830471085
T1,2030,5101,51,679,0.6067746686303387,0.5774218807856599,0.6028149986038854,0.6342934830471085
T1,2030,5101,52,679,0.6067746686303387,0.5774218807856599,0.6028149986038854,0.6342934830471085
T1,2030,5101,53,679,0.6067746686303387,0.5774218807856599,0.6028149986038854,0.6342934830471085
T1,2030,5101,54,679,0.5832106038291606,0.552903437369426,0.6133441991324979,0.6072450896274995
T1,2030,5101,55,679,0.5522827687776142,0.5290187280335064,0.6459907011975244,0.5437850938129366
T1,2030,5101,56,679,0.5375552282768777,0.5171023153532699,0.6625429421487719,0.49715071704246994
T1,2030,5101,57,679,0.5817378497790869,0.5584480376695345,0.6179864890269924,0.5936652585157519
T1,2030,5101,58,679,0.5537555228276878,0.5296977326443403,0.6281259908109069,0.5471497590961615
T1,2030,5101,59,679,0.5154639175257731,0.4969084708650652,0.6724483364416679,0.47039397407567496
T1,2030,5101,60,679,0.5832106038291606,0.5532538630291882,0.5965312314226631,0.6439906503765268
T1,2030,5101,61,679,0.5640648011782032,0.544184163477852,0.6216748900854184,0.5780540831474402
T1,2030,5101,62,679,0.5007363770250368,0.4914653482535335,0.6815328142428785,0.46488811535528757
T1,2030,5102,0,679,0.5743740795287187,0.544136238010058,0.618597937218395,0.5984546637680105
T1,2030,5102,1,679,0.5434462444771723,0.5212918702245216,0.6475420681559461,0.5401871508835745
T1,2030,5102,2,679,0.5287187039764359,0.5076315030093165,0.669500638134174,0.49045732528077385
T1,2030,5102,3,679,0.572901325478645,0.5460411877707692,0.6186692783161888,0.6038534684622693
T1,2030,5102,4,679,0.572901325478645,0.5538943766925782,0.6286962968743076,0.5683859833597223
T1,2030,5102,5,679,0.5125184094256259,0.49432593143676584,0.678082701998361,0.47419666292996987
T1,2030,5102,6,679,0.5846833578792342,0.5561241411987681,0.6069169888089085,0.630816683296327
T1,2030,5102,7,679,0.5596465390279823,0.5393401291470443,0.6379724944858032,0.5679172390839844
T1,2030,5102,8,679,0.5139911634756995,0.5059201378566259,0.6709625462237444,0.4885617237378538
T1,2030,5102,9,679,0.6067746686303387,0.5774218807856599,0.6028149986038854,0.6342934830471085
T1,2030,5102,10,679,0.6067746686303387,0.5774218807856599,0.6028149986038854,0.6342934830471085
T1,2030,5102,11,679,0.6067746686303387,0.5774218807856599,0.6028149986038854,0.6342934830471085
T1,2030,5102,12,679,0.6067746686303387,0.5774218807856599,0.6028149986038854,0.6342934830471085
T1,2030,5102,13,679,0.6067746686303387,0.5774218807856599,0.6028149986038854,0.6342934830471085
T1,2030,5102,14,679,0.6067746686303387,0.5774218807856599,0.6028149986038854,0.6342934830471085
T1,2030,5102,15,679,0.6067746686303387,0.5774218807856599,0.6028149986038854,0.6342934830471085
T1,2030,5102,16,679,0.6067746686303387,0.5774218807856599,0.6028149986038854,0.6342934830471085
T1,2030,5102,17,679,0.6067746686303387,0.5774218807856599,0.6028149986038854,0.6342934830471085
T1,2030,5102,18,679,0.6067746686303387,0.5774218807856599,0.6028149986038854,0.6342934830471085
T1,2030,5102,19,679,0.6067746686303387,0.5774218807856599,0.6028149986038854,0.6342934830471085
T1,2030,5102,20,679,0.6067746686303387,0.5774218807856599,0.6028149986038854,0.6342934830471085
T1,2030,5102,21,679,0.6067746686303387,0.5774218807856599,0.6028149986038854,0.6342934830471085
T1,2030,5102,22,679,0.6067746686303387,0.5774218807856599,0.6028149986038854,0.6342934830471085
T1,2030,5102,23,679,0.6067746686303387,0.5774218807856599,0.6028149986038854,0.6342934830471085
T1,2030,5102,24,679,0.6067746686303387,0.5774218807856599,0.6028149986038854,0.6342934830471085
T1,2030,5102,25,679,0.6067746686303387,0.5774218807856599,0.6028149986038854,0.6342934830471085
T1,2030,5102,26,679,0.6067746686303387,0.5774218807856599,0.6028149986038854,0.6342934830471085
T1,2030,5102,27,679,0.5743740795287187,0.5429443723036093,0.6235264935180962,0.5995717683809811
T1,2030,5102,28,679,0.5375552282768777,0.5166987205177922,0.6395429579516398,0.5558329622572614
T1,2030,5102,29,679,0.5301914580265096,0.508195688917747,0.6688201556281242,0.4870480140285549
T1,2030,5102,30,679,0.5802650957290133,0.5557655394433143,0.6141368805572105,0.6138815188687509
T1,2030,5102,31,679,0.5640648011782032,0.5455082742316785,0.64008902327126,0.5402527540695662
T1,2030,5102,32,679,0.5287187039764359,0.5086408273338121,0.6716176241372928,0.48769901225474677
T1,2030,5102,33,679,0.5758468335787923,0.5449380420668087,0.6187003215168643,0.6227173916674564
T1,2030,5102,34,679,0.5670103092783505,0.5420899374993695,0.6269421046147114,0.5845407115856884
T1,2030,5102,35,679,0.5095729013254786,0.49970557966623164,0.6748404700819277,0.484613610897165
T1,2030,5102,36,679,0.5699558173784978,0.5425548658922927,0.6093610087094146,0.6197801281470345
T1,2030,5102,37,679,0.5493372606774669,0.5233115468409586,0.6561864394590324,0.53522858100346
T1,2030,5102,38,679,0.5213549337260678,0.500969673402033,0.6726343061374459,0.49124155757267113
T1,2030,5102,39,679,0.5787923416789397,0.5523527295609288,0.6181723696230438,0.5900713460252558
T1,2030,5102,40,679,0.5478645066273933,0.5220770307466859,0.6485951289380949,0.5217083461110258
T1,2030,5102,41,679,0.5287187039764359,0.5084205116646726,0.6603235188482085,0.5067665572690564
T1,2030,5102,42,679,0.5891016200294551,0.5607544833805399,0.5898900992169822,0.6460400243371234
T1,2030,5102,43,679,0.5537555228276878,0.5332705359916017,0.6260897671482876,0.59184767001237
T1,2030,5102,44,679,0.5213549337260678,0.5131136579855197,0.6613027157374439,0.5028886799571652
T1,2030,5102,45,679,0.6067746686303387,0.5774218807856599,0.6028149986038854,0.6342934830471085
T1,2030,5102,46,679,0.6067746686303387,0.5774218807856599,0.6028149986038854,0.6342934830471085
T1,2030,5102,47,679,0.6067746686303387,0.5774218807856599,0.6028149986038854,0.6342934830471085
T1,2030,5102,48,679,0.6067746686303387,0.5774218807856599,0.6028149986038854,0.6342934830471085
T1,2030,5102,49,679,0.6067746686303387,0.5774218807856599,0.6028149986038854,0.6342934830471085
T1,2030,5102,50,679,0.6067746686303387,0.5774218807856599,0.6028149986038854,0.6342934830471085
T1,2030,5102,51,679,0.6067746686303387,0.5774218807856599,0.6028149986038854,0.6342934830471085
T1,2030,5102,52,679,0.6067746686303387,0.5774218807856599,0.6028149986038854,0.6342934830471085
T1,2030,5102,53,679,0.6067746686303387,0.5774218807856599,0.6028149986038854,0.6342934830471085
T1,2030,5102,54,679,0.5640648011782032,0.5361196551168119,0.6254383382635721,0.5901929292929735
T1,2030,5102,55,679,0.540500736377025,0.5175068840238297,0.6488266694791538,0.5306403178995784
T1,2030,5102,56,679,0.5213549337260678,0.5022148420701487,0.6784672409910517,0.4703976228097521
T1,2030,5102,57,679,0.5876288659793815,0.561324847852362,0.6069487007183951,0.6088466320980508
T1,2030,5102,58,679,0.5891016200294551,0.5659917418943425,0.6194761244467678,0.5945825907969191
T1,2030,5102,59,679,0.524300441826215,0.5058399981875191,0.6798917973559454,0.43638568240960873
T1,2030,5102,60,679,0.5699558173784978,0.5403872823610025,0.6134018590769816,0.6232793522824565
T1,2030,5102,61,679,0.5449189985272459,0.5189122917112114,0.6345830858412126,0.5651336355841158
T1,2030,5102,62,679,0.5095729013254786,0.5022673457038642,0.6618834184222088,0.5063192908891806
T1,2030,5103,0,679,0.5758468335787923,0.5465197204376582,0.6163118305192253,0.621042413865594
T1,2030,5103,1,679,0.5419734904270986,0.5175331224411471,0.6480808373491262,0.5363875319188914
T1,2030,5103,2,679,0.5169366715758469,0.4954803931666606,0.6749544821580836,0.4769250163009742
T1,2030,5103,3,679,0.5861561119293078,0.5644465210833498,0.62621851149118,0.581123873709343
T1,2030,5103,4,679,0.5714285714285714,0.549044027807036,0.6309599035003927,0.5591123721125851
T1,2030,5103,5,679,0.5228276877761414,0.5026239043229335,0.666287707584596,0.4857154304678247
T1,2030,5103,6,679,0.5670103092783505,0.5387153744544002,0.6074671164176952,0.6303040107330005
T1,2030,5103,7,679,0.561119293078056,0.5405219229005115,0.6251336780098296,0.5911132164230218
T1,2030,5103,8,679,0.5007363770250368,0.49374098806521727,0.671814760837885,0.48525261290790483
T1,2030,5103,9,679,0.6067746686303387,0.5774218807856599,0.6028149986038854,0.6342934830471085
T1,2030,5103,10,679,0.6067746686303387,0.5774218807856599,0.6028149986038854,0.6342934830471085
T1,2030,5103,11,679,0.6067746686303387,0.5774218807856599,0.6028149986038854,0.6342934830471085
T1,2030,5103,12,679,0.6067746686303387,0.5774218807856599,0.6028149986038854,0.6342934830471085
T1,2030,5103,13,679,0.6067746686303387,0.5774218807856599,0.6028149986038854,0.6342934830471085
T1,2030,5103,14,679,0.6067746686303387,0.5774218807856599,0.6028149986038854,0.6342934830471085
T1,2030,5103,15,679,0.6067746686303387,0.5774218807856599,0.6028149986038854,0.6342934830471085
T1,2030,5103,16,679,0.6067746686303387,0.5774218807856599,0.6028149986038854,0.6342934830471085
T1,2030,5103,17,679,0.6067746686303387,0.5774218807856599,0.6028149986038854,0.6342934830471085
T1,2030,5103,18,679,0.6067746686303387,0.5774218807856599,0.6028149986038854,0.6342934830471085
T1,2030,5103,19,679,0.6067746686303387,0.5774218807856599,0.6028149986038854,0.6342934830471085
T1,2030,5103,20,679,0.6067746686303387,0.5774218807856599,0.6028149986038854,0.6342934830471085
T1,2030,5103,21,679,0.6067746686303387,0.5774218807856599,0.6028149986038854,0.6342934830471085
T1,2030,5103,22,679,0.6067746686303387,0.5774218807856599,0.6028149986038854,0.6342934830471085
T1,2030,5103,23,679,0.6067746686303387,0.5774218807856599,0.6028149986038854,0.6342934830471085
T1,2030,5103,24,679,0.6067746686303387,0.5774218807856599,0.6028149986038854,0.6342934830471085
T1,2030,5103,25,679,0.6067746686303387,0.5774218807856599,0.6028149986038854,0.6342934830471085
T1,2030,5103,26,679,0.6067746686303387,0.5774218807856599,0.6028149986038854,0.6342934830471085
T1,2030,5103,27,679,0.5743740795287187,0.5447931443935093,0.6197434818270632,0.6101647650378296
T1,2030,5103,28,679,0.5434462444771723,0.5212599857608025,0.641158370408113,0.5586818442833178
T1,2030,5103,29,679,0.5213549337260678,0.4995407169222071,0.671920965517568,0.48259294803890423
T1,2030,5103,30,679,0.5994108983799705,0.5746199499624157,0.6131029701373363,0.6038927413301713
T1,2030,5103,31,679,0.572901325478645,0.5515516433448447,0.6278591455565286,0.5671030888681236
T1,2030,5103,32,679,0.5198821796759941,0.49822089578307593,0.6618369409323441,0.49629577339126363
T1,2030,5103,33,679,0.572901325478645,0.5449133453688412,0.615299115914835,0.6180958353295284
T1,2030,5103,34,679,0.5567010309278351,0.5371635176513225,0.6439166769758415,0.5487373540236701
T1,2030,5103,35,679,0.5095729013254786,0.5010203105263639,0.6720421862444225,0.4789972513330921
T1,2030,5103,36,679,0.5655375552282769,0.533647688140955,0.6223829303468976,0.5899566709067339
T1,2030,5103,37,679,0.5375552282768777,0.5159374586198116,0.6422949478973872,0.5444096548499465
T1,2030,5103,38,679,0.5228276877761414,0.5011958522075571,0.6733626230826961,0.4837104052747198
T1,2030,5103,39,679,0.572901325478645,0.5476051317332433,0.616174434658705,0.6037682944292764
T1,2030,5103,40,679,0.5625920471281296,0.5440499769814674,0.6363683623400282,0.5545602736889742
T1,2030,5103,41,679,0.5346097201767305,0.5170298555317966,0.6551533143457151,0.5176804144123005
T1,2030,5103,42,679,0.5773195876288659,0.5477431679523901,0.6042743155373389,0.635700010121372
T1,2030,5103,43,679,0.5581737849779087,0.5349567231855461,0.6302266643438845,0.5772364374876319
T1,2030,5103,44,679,0.5095729013254786,0.4993445570124143,0.6726779583539808,0.4925934280501151
T1,2030,5103,45,679,0.6067746686303387,0.5774218807856599,0.6028149986038854,0.6342934830471085
T1,2030,5103,46,679,0.6067746686303387,0.5774218807856599,0.6028149986038854,0.6342934830471085
T1,2030,5103,47,679,0.6067746686303387,0.5774218807856599,0.6028149986038854,0.6342934830471085
T1,2030,5103,48,679,0.6067746686303387,0.5774218807856599,0.6028149986038854,0.6342934830471085
T1,2030,5103,49,679,0.6067746686303387,0.5774218807856599,0.6028149986038854,0.6342934830471085
T1,2030,5103,50,679,0.6067746686303387,0.5774218807856599,0.6028149986038854,0.6342934830471085
T1,2030,5103,51,679,0.6067746686303387,0.5774218807856599,0.6028149986038854,0.6342934830471085
T1,2030,5103,52,679,0.6067746686303387,0.5774218807856599,0.6028149986038854,0.6342934830471085
T1,2030,5103,53,679,0.6067746686303387,0.5774218807856599,0.6028149986038854,0.6342934830471085
T1,2030,5103,54,679,0.5684830633284241,0.5418562248554674,0.6161726338786124,0.6116189821651995
T1,2030,5103,55,679,0.5508100147275405,0.5289169735232505,0.6423287917921575,0.5611392671925393
T1,2030,5103,56,679,0.5272459499263623,0.5068741285818505,0.6704833163867467,0.48668461698253795
T1,2030,5103,57,679,0.5832106038291606,0.5545591601222538,0.6098846059089557,0.6058591154177527
T1,2030,5103,58,679,0.5508100147275405,0.5312414231289326,0.6359122253965384,0.535935695515944
T1,2030,5103,59,679,0.5228276877761414,0.5051574852553645,0.6762064841736399,0.468281088102062
T1,2030,5103,60,679,0.5670103092783505,0.535138282819079,0.6172275940650341,0.6181452003789459
T1,2030,5103,61,679,0.5522827687776142,0.5352717885290076,0.6339277264515325,0.563750804113654
T1,2030,5103,62,679,0.5198821796759941,0.5095649445616804,0.6668287207741449,0.48820335517564883
T1,2030,5104,0,679,0.5463917525773195,0.5164143763735098,0.6374448491740472,0.5881279247376192
T1,2030,5104,1,679,0.5331369661266568,0.5105096934835343,0.6511661678069821,0.5325805917068661
T1,2030,5104,2,679,0.5331369661266568,0.5095396722640548,0.6720211569093639,0.48037997957839634
T1,2030,5104,3,679,0.5670103092783505,0.5343467444640551,0.634194477536717,0.5744730526535371
T1,2030,5104,4,679,0.5758468335787923,0.5562006113282526,0.6200354382373798,0.5911584444420038
T1,2030,5104,5,679,0.5257731958762887,0.5084146621114778,0.6845347166105293,0.4492162679416112
T1,2030,5104,6,679,0.5802650957290133,0.549807116453735,0.6238560217908626,0.60763185443764
T1,2030,5104,7,679,0.5522827687776142,0.5348101226549635,0.6344631723565802,0.5678487215915282
T1,2030,5104,8,679,0.5184094256259205,0.5069749149513778,0.6695494746600054,0.4868233570571274
T1,2030,5104,9,679,0.6067746686303387,0.5774218807856599,0.6028149986038854,0.6342934830471085
T1,2030,5104,10,679,0.6067746686303387,0.5774218807856599,0.6028149986038854,0.6342934830471085
T1,2030,5104,11,679,0.6067746686303387,0.5774218807856599,0.6028149986038854,0.6342934830471085
T1,2030,5104,12,679,0.6067746686303387,0.5774218807856599,0.6028149986038854,0.6342934830471085
T1,2030,5104,13,679,0.6067746686303387,0.5774218807856599,0.6028149986038854,0.6342934830471085
T1,2030,5104,14,679,0.6067746686303387,0.5774218807856599,0.6028149986038854,0.6342934830471085
T1,2030,5104,15,679,0.6067746686303387,0.5774218807856599,0.6028149986038854,0.6342934830471085
T1,2030,5104,16,679,0.6067746686303387,0.5774218807856599,0.6028149986038854,0.6342934830471085
T1,2030,5104,17,679,0.6067746686303387,0.5774218807856599,0.6028149986038854,0.6342934830471085
T1,2030,5104,18,679,0.6067746686303387,0.5774218807856599,0.6028149986038854,0.6342934830471085
T1,2030,5104,19,679,0.6067746686303387,0.5774218807856599,0.6028149986038854,0.6342934830471085
T1,2030,5104,20,679,0.6067746686303387,0.5774218807856599,0.6028149986038854,0.6342934830471085
T1,2030,5104,21,679,0.6067746686303387,0.5774218807856599,0.6028149986038854,0.6342934830471085
T1,2030,5104,22,679,0.6067746686303387,0.5774218807856599,0.6028149986038854,0.6342934830471085
T1,2030,5104,23,679,0.6067746686303387,0.5774218807856599,0.6028149986038854,0.6342934830471085
T1,2030,5104,24,679,0.6067746686303387,0.5774218807856599,0.6028149986038854,0.6342934830471085
T1,2030,5104,25,679,0.6067746686303387,0.5774218807856599,0.6028149986038854,0.6342934830471085
T1,2030,5104,26,679,0.6067746686303387,0.5774218807856599,0.6028149986038854,0.6342934830471085
T1,2030,5104,27,679,0.572901325478645,0.5417420757954098,0.6111542123845821,0.6099173095012472
T1,2030,5104,28,679,0.5434462444771723,0.5201802731265848,0.6478549202078396,0.544003976961804
T1,2030,5104,29,679,0.5198821796759941,0.4966583165035472,0.6731581408996821,0.4725346672297002
T1,2030,5104,30,679,0.5714285714285714,0.54052004722246,0.6219165658740127,0.5991114795657433
T1,2030,5104,31,679,0.5787923416789397,0.5567766998316271,0.6337184878573677,0.5648432200383364
T1,2030,5104,32,679,0.540500736377025,0.5227129439975368,0.6503919695719352,0.520510939869751
T1,2030,5104,33,679,0.5773195876288659,0.543208658139537,0.6061825559355197,0.6380036943043184
T1,2030,5104,34,679,0.5434462444771723,0.5233219101442556,0.6369098065659645,0.5751683150808704
T1,2030,5104,35,679,0.5184094256259205,0.5136011137012578,0.6713674606560608,0.4894092260165774
T1,2030,5104,36,679,0.5714285714285714,0.5447309389705703,0.6149575921853617,0.6042317253334981
T1,2030,5104,37,679,0.5434462444771723,0.5179050186416394,0.6531705384928629,0.5319368371924584
T1,2030,5104,38,679,0.5316642120765832,0.5098699700654723,0.6660584325467364,0.4941294841841799
T1,2030,5104,39,679,0.5596465390279823,0.5323069804165852,0.6427508319600517,0.5780519818582429
T1,2030,5104,40,679,0.5419734904270986,0.5185757303592865,0.6421588627904083,0.5703629574386764
T1,2030,5104,41,679,0.5198821796759941,0.4975262922371825,0.6777608082334844,0.46218932150592157
T1,2030,5104,42,679,0.5787923416789397,0.5441438677821822,0.6035772170075963,0.6441998307414707
T1,2030,5104,43,679,0.5787923416789397,0.5602072174039192,0.622549743228352,0.5812767270305307
T1,2030,5104,44,679,0.5110456553755522,0.5033228062467631,0.670714326499137,0.4849282952526537
T1,2030,5104,45,679,0.6067746686303387,0.5774218807856599,0.6028149986038854,0.6342934830471085
T1,2030,5104,46,679,0.6067746686303387,0.5774218807856599,0.6028149986038854,0.6342934830471085
T1,2030,5104,47,679,0.6067746686303387,0.5774218807856599,0.6028149986038854,0.6342934830471085
T1,2030,5104,48,679,0.6067746686303387,0.5774218807856599,0.6028149986038854,0.6342934830471085
T1,2030,5104,49,679,0.6067746686303387,0.5774218807856599,0.6028149986038854,0.6342934830471085
T1,2030,5104,50,679,0.6067746686303387,0.5774218807856599,0.6028149986038854,0.6342934830471085
T1,2030,5104,51,679,0.6067746686303387,0.5774218807856599,0.6028149986038854,0.6342934830471085
T1,2030,5104,52,679,0.6067746686303387,0.5774218807856599,0.6028149986038854,0.6342934830471085
T1,2030,5104,53,679,0.6067746686303387,0.5774218807856599,0.6028149986038854,0.6342934830471085
T1,2030,5104,54,679,0.5817378497790869,0.5576924310257644,0.6140558653358859,0.6014215387955298
T1,2030,5104,55,679,0.5463917525773195,0.5227975449676195,0.6413434789967292,0.5559891974838853
T1,2030,5104,56,679,0.5257731958762887,0.502317353626047,0.6723041916718715,0.47972657356141724
T1,2030,5104,57,679,0.5787923416789397,0.5519297479847074,0.6205676798441273,0.5900494589752635
T1,2030,5104,58,679,0.5714285714285714,0.5490173847316705,0.631306478855185,0.5536764355595122
T1,2030,5104,59,679,0.5154639175257731,0.5016200082676555,0.6599352408710741,0.5160176115343182
T1,2030,5104,60,679,0.5758468335787923,0.5438406837984093,0.6230615855843399,0.6144696635142827
T1,2030,5104,61,679,0.5449189985272459,0.525080395771952,0.6327298314081552,0.5780903651022055
T1,2030,5104,62,679,0.524300441826215,0.5161223389488625,0.6645023881818479,0.49899957493832386
T1,2030,5105,0,679,0.5640648011782032,0.5374833262333346,0.6208704985645277,0.6006230638292567
T1,2030,5105,1,679,0.5360824742268041,0.5123555935030685,0.6512721079087573,0.5364993770734329
T1,2030,5105,2,679,0.524300441826215,0.5022963039960806,0.6716502537520188,0.48202182200254523
T1,2030,5105,3,679,0.5817378497790869,0.553582974649233,0.6218156372148966,0.590317285255035
T1,2030,5105,4,679,0.5640648011782032,0.5447287583317149,0.6291948380675688,0.5637147003037166
T1,2030,5105,5,679,0.508100147275405,0.4910748768614051,0.6766811553306538,0.4590299981693743
T1,2030,5105,6,679,0.561119293078056,0.530021081440594,0.6143745266241247,0.6117323931137936
T1,2030,5105,7,679,0.5434462444771723,0.5255107834582178,0.6475596945617617,0.5530815620736157
T1,2030,5105,8,679,0.5110456553755522,0.49994510433302264,0.6679291737887224,0.4958649665327364
T1,2030,5105,9,679,0.6067746686303387,0.5774218807856599,0.6028149986038854,0.6342934830471085
T1,2030,5105,10,679,0.6067746686303387,0.5774218807856599,0.6028149986038854,0.6342934830471085
T1,2030,5105,11,679,0.6067746686303387,0.5774218807856599,0.6028149986038854,0.6342934830471085
T1,2030,5105,12,679,0.6067746686303387,0.5774218807856599,0.6028149986038854,0.6342934830471085
T1,2030,5105,13,679,0.6067746686303387,0.5774218807856599,0.6028149986038854,0.6342934830471085
T1,2030,5105,14,679,0.6067746686303387,0.5774218807856599,0.6028149986038854,0.6342934830471085
T1,2030,5105,15,679,0.6067746686303387,0.5774218807856599,0.6028149986038854,0.6342934830471085
T1,2030,5105,16,679,0.6067746686303387,0.5774218807856599,0.6028149986038854,0.6342934830471085
T1,2030,5105,17,679,0.6067746686303387,0.5774218807856599,0.6028149986038854,0.6342934830471085
T1,2030,5105,18,679,0.6067746686303387,0.5774218807856599,0.6028149986038854,0.6342934830471085
T1,2030,5105,19,679,0.6067746686303387,0.5774218807856599,0.6028149986038854,0.6342934830471085
T1,2030,5105,20,679,0.6067746686303387,0.5774218807856599,0.6028149986038854,0.6342934830471085
T1,2030,5105,21,679,0.6067746686303387,0.5774218807856599,0.6028149986038854,0.6342934830471085
T1,2030,5105,22,679,0.6067746686303387,0.5774218807856599,0.6028149986038854,0.6342934830471085
T1,2030,5105,23,679,0.6067746686303387,0.5774218807856599,0.6028149986038854,0.6342934830471085
T1,2030,5105,24,679,0.6067746686303387,0.5774218807856599,0.6028149986038854,0.6342934830471085
T1,2030,5105,25,679,0.6067746686303387,0.5774218807856599,0.6028149986038854,0.6342934830471085
T1,2030,5105,26,679,0.6067746686303387,0.5774218807856599,0.6028149986038854,0.6342934830471085
T1,2030,5105,27,679,0.5817378497790869,0.5576999740891813,0.6115334738424495,0.6214782939509952
T1,2030,5105,28,679,0.5537555228276878,0.5331585727331011,0.6500564972062174,0.5338473536809001
T1,2030,5105,29,679,0.5154639175257731,0.49353340962182723,0.6765406808990091,0.4761771473008588
T1,2030,5105,30,679,0.5876288659793815,0.5578698025635476,0.6150093189219838,0.5993996053391862
T1,2030,5105,31,679,0.572901325478645,0.5497365900383142,0.6398624631196305,0.5332161637322149
T1,2030,5105,32,679,0.5228276877761414,0.5071247062570862,0.6690030995981332,0.4858487794911042
T1,2030,5105,33,679,0.5699558173784978,0.5385588454366105,0.62245957371237,0.6202761351208318
T1,2030,5105,34,679,0.5493372606774669,0.5285623878121682,0.6456296778611827,0.5530511199417658
T1,2030,5105,35,679,0.5213549337260678,0.5141845674753561,0.6648992438072309,0.48771531696802356
T1,2030,5105,36,679,0.5640648011782032,0.5377174798054466,0.6221116603913117,0.6009994526773673
T1,2030,5105,37,679,0.5449189985272459,0.5194857609945268,0.6509152814548391,0.5395078803620523
T1,2030,5105,38,679,0.5198821796759941,0.49604517741996257,0.6740113024946868,0.4841087573724635
T1,2030,5105,39,679,0.5787923416789397,0.549699317163432,0.6202128054642713,0.6018906750423081
T1,2030,5105,40,679,0.5876288659793815,0.5636470355840311,0.6219909201885007,0.5778016352392403
T1,2030,5105,41,679,0.524300441826215,0.5044042272142615,0.6720370199745288,0.4825498698758514
T1,2030,5105,42,679,0.5787923416789397,0.5487082644723382,0.6032196426426715,0.6405291629179019
T1,2030,5105,43,679,0.5493372606774669,0.5276936611566421,0.6362380203029719,0.5718839002547175
T1,2030,5105,44,679,0.5184094256259205,0.5096501072470718,0.6715038908598876,0.4824668926814765
T1,2030,5105,45,679,0.6067746686303387,0.5774218807856599,0.6028149986038854,0.6342934830471085
T1,2030,5105,46,679,0.6067746686303387,0.5774218807856599,0.6028149986038854,0.6342934830471085
T1,2030,5105,47,679,0.6067746686303387,0.5774218807856599,0.6028149986038854,0.6342934830471085
T1,2030,5105,48,679,0.6067746686303387,0.5774218807856599,0.6028149986038854,0.6342934830471085
T1,2030,5105,49,679,0.6067746686303387,0.5774218807856599,0.6028149986038854,0.6342934830471085
T1,2030,5105,50,679,0.6067746686303387,0.5774218807856599,0.6028149986038854,0.6342934830471085
T1,2030,5105,51,679,0.6067746686303387,0.5774218807856599,0.6028149986038854,0.6342934830471085
T1,2030,5105,52,679,0.6067746686303387,0.5774218807856599,0.6028149986038854,0.6342934830471085
T1,2030,5105,53,679,0.6067746686303387,0.5774218807856599,0.6028149986038854,0.6342934830471085
T1,2030,5105,54,679,0.5508100147275405,0.5156131571042051,0.6342828772380531,0.586096712377679
T1,2030,5105,55,679,0.5449189985272459,0.5214652090362247,0.6570638582351808,0.5259651961516033
T1,2030,5105,56,679,0.5272459499263623,0.5072412796036317,0.66570297631933,0.4906382348728778
T1,2030,5105,57,679,0.5714285714285714,0.545828857024303,0.6221239500526827,0.5919853797041082
T1,2030,5105,58,679,0.5699558173784978,0.5508534141069049,0.6317375330185855,0.552632166864732
T1,2030,5105,59,679,0.5360824742268041,0.5187807859239254,0.6609616968479002,0.5019675747977141
T1,2030,5105,60,679,0.5567010309278351,0.5226342169489657,0.6217894047630378,0.6139371890334174
T1,2030,5105,61,679,0.540500736377025,0.5186131625690874,0.6432638070237479,0.5633655824308308
T1,2030,5105,62,679,0.508100147275405,0.500855287518193,0.6598910149488604,0.5150566188829756
M0,2026,5101,0,679,0.5699558173784978,0.547092847083782,0.6484247749789298,0.5424741363199539
M0,2026,5101,1,679,0.5346097201767305,0.5099402679612575,0.6920088841435835,0.4700829728913698
M0,2026,5101,2,679,0.4683357879234168,0.44871651372839905,0.7513999269839063,0.3839917639812977
M0,2026,5101,3,679,0.5478645066273933,0.5305546026601791,0.6644902311605627,0.526461279349198
M0,2026,5101,4,679,0.5066273932253313,0.4860766714178961,0.7023912426605492,0.4452187086362368
M0,2026,5101,5,679,0.4536082474226804,0.4368075559013983,0.7311057085623973,0.34795725505411584
M0,2026,5101,6,679,0.5434462444771723,0.5300665912308824,0.6462194752140143,0.5357396985929942
M0,2026,5101,7,679,0.5036818851251841,0.490607776173976,0.6814859989421532,0.470894674010668
M0,2026,5101,8,679,0.4653902798232695,0.4473624707542836,0.7183570075280887,0.37758793850525135
M0,2026,5101,9,679,0.5787923416789397,0.5628549977616069,0.6211907566032634,0.600814399542474
M0,2026,5101,10,679,0.5817378497790869,0.5666110321385384,0.6263100852934707,0.5948398919688701
M0,2026,5101,11,679,0.5802650957290133,0.5650639887199027,0.6242592487928618,0.6049386535938259
M0,2026,5101,12,679,0.5758468335787923,0.5610511848173751,0.6227644610387412,0.6020390546798476
M0,2026,5101,13,679,0.5861561119293078,0.5695752995222129,0.6162789590404382,0.618123481655168
M0,2026,5101,14,679,0.5905743740795287,0.5759761300012514,0.6174634026585692,0.6201038484107351
M0,2026,5101,15,679,0.5773195876288659,0.5595066153649109,0.6238422055834347,0.601703404374483
M0,2026,5101,16,679,0.5861561119293078,0.571048935343567,0.6216147802276358,0.6088072378628575
M0,2026,5101,17,679,0.5876288659793815,0.5725115748313343,0.6139641609564095,0.6222365985715371
M0,2026,5101,18,679,0.5817378497790869,0.5677002444693932,0.6216561556389124,0.5988227648522308
M0,2026,5101,19,679,0.5891016200294551,0.5736956582359667,0.6215676812781501,0.5979410646286754
M0,2026,5101,20,679,0.593519882179676,0.5805394044652521,0.6188717506858843,0.5969393877724146
M0,2026,5101,21,679,0.5891016200294551,0.5741300262254653,0.6194014305657596,0.5997166848758765
M0,2026,5101,22,679,0.5861561119293078,0.5709793112981141,0.6170159911020866,0.6006132624372587
M0,2026,5101,23,679,0.5964653902798233,0.5825225128458983,0.6154981681717688,0.6003519203197181
M0,2026,5101,24,679,0.5802650957290133,0.5654354843295296,0.621691853554154,0.598729990677436
M0,2026,5101,25,679,0.5891016200294551,0.576716584777204,0.6156365324980381,0.6005969861851006
M0,2026,5101,26,679,0.5876288659793815,0.5765978553156377,0.6160521486195268,0.5992164127336471
M0,2026,5101,27,679,0.5596465390279823,0.539436687920763,0.6499499457837555,0.5482872885278175
M0,2026,5101,28,679,0.5213549337260678,0.49614019471269544,0.6942810440142482,0.462874360262068
M0,2026,5101,29,679,0.5036818851251841,0.4793293838122076,0.7334393100245185,0.41056642949030087
M0,2026,5101,30,679,0.5567010309278351,0.5359237697870258,0.6369638496321326,0.5664585914016029
M0,2026,5101,31,679,0.524300441826215,0.5020606198685,0.6756799744444848,0.489577608941093
M0,2026,5101,32,679,0.47128129602356406,0.4613600550236615,0.7172933563655887,0.39086947297239627
M0,2026,5101,33,679,0.5434462444771723,0.532417806017029,0.6349687382951927,0.5646085716227507
M0,2026,5101,34,679,0.4653902798232695,0.4516236185034139,0.6911229511204454,0.4517957305605894
M0,2026,5101,35,679,0.44477172312223856,0.43246163864220166,0.7134531682387367,0.4117107150220967
M0,2026,5101,36,679,0.5508100147275405,0.5290698740689531,0.6518497245388986,0.5410674550492807
M0,2026,5101,37,679,0.5228276877761414,0.5080055616530772,0.7000478013845185,0.4460513115930109
M0,2026,5101,38,679,0.49337260677466865,0.473285721389324,0.7399493651423433,0.37926561012169924
M0,2026,5101,39,679,0.5567010309278351,0.535721013595143,0.6494025018982402,0.5391906108229215
M0,2026,5101,40,679,0.5169366715758469,0.4931625767079051,0.6909086516618026,0.43976733483109
M0,2026,5101,41,679,0.4639175257731959,0.44713165734055704,0.724294941076825,0.3559005708787369
M0,2026,5101,42,679,0.5625920471281296,0.5509549970583605,0.6257514743153582,0.5649247936024954
M0,2026,5101,43,679,0.4786450662739323,0.4648840474136011,0.6872212581983898,0.45028738687776027
M0,2026,5101,44,679,0.44624447717231225,0.43674517303712246,0.7241093260242942,0.33626772533377053
M0,2026,5101,45,679,0.5714285714285714,0.5549334112348535,0.6224263032599296,0.6010919357719383
M0,2026,5101,46,679,0.5920471281296024,0.5761828687336503,0.6222202632581714,0.5973664815100164
M0,2026,5101,47,679,0.5802650957290133,0.5678769635634651,0.6233317081285682,0.6070303185796255
M0,2026,5101,48,679,0.5861561119293078,0.5733639405901751,0.6158311907339167,0.6061172400569614
M0,2026,5101,49,679,0.5891016200294551,0.5757145643280752,0.6118662157624039,0.6136530294077822
M0,2026,5101,50,679,0.5817378497790869,0.5724092644459956,0.6157112766348034,0.6125972548287559
M0,2026,5101,51,679,0.5802650957290133,0.5654640091466344,0.6192026157179005,0.6055052734767713
M0,2026,5101,52,679,0.605301914580265,0.5942705819382321,0.6102468905111826,0.6119554399014002
M0,2026,5101,53,679,0.5832106038291606,0.5761656665271123,0.6116890447743687,0.6184115272605385
M0,2026,5101,54,679,0.5670103092783505,0.5494435186170108,0.6423488108767677,0.5474275428352472
M0,2026,5101,55,679,0.5257731958762887,0.5063847344167351,0.6915377560393975,0.4711329780744861
M0,2026,5101,56,679,0.5110456553755522,0.48844435788433904,0.7281317485493659,0.40191340851769947
M0,2026,5101,57,679,0.561119293078056,0.544197453640458,0.6512713166549033,0.5329922400643811
M0,2026,5101,58,679,0.5095729013254786,0.4836498245179739,0.6711330163417403,0.47465448044803416
M0,2026,5101,59,679,0.47128129602356406,0.4545409848277917,0.7119984655957861,0.3556843315766976
M0,2026,5101,60,679,0.5567010309278351,0.5513277762013219,0.6218119804172698,0.5780502264132549
M0,2026,5101,61,679,0.4845360824742268,0.4760391698412345,0.6699548790091443,0.4675643624969818
M0,2026,5101,62,679,0.4270986745213549,0.4068913641180699,0.7066376214087097,0.3829001223246728
M0,2026,5102,0,679,0.5478645066273933,0.5225186389656491,0.6541281814778852,0.5352205301793016
M0,2026,5102,1,679,0.5228276877761414,0.49904069566536335,0.7040896468599696,0.4547997048083987
M0,2026,5102,2,679,0.4801178203240059,0.4615414077561436,0.745586515284954,0.39081660948896857
M0,2026,5102,3,679,0.5567010309278351,0.5382225973257475,0.6593813835828399,0.5404102289950521
M0,2026,5102,4,679,0.5110456553755522,0.49352165985829355,0.6834480413763794,0.48777096732936587
M0,2026,5102,5,679,0.45508100147275404,0.4379037108855872,0.729635649954623,0.3600347876259039
M0,2026,5102,6,679,0.5316642120765832,0.5183082269181777,0.6448827557298678,0.5452293108727746
M0,2026,5102,7,679,0.48748159057437407,0.47398616600075383,0.6837355673357033,0.47467350412396153
M0,2026,5102,8,679,0.4491899852724595,0.43488749467073085,0.7288456657278696,0.365630246642544
M0,2026,5102,9,679,0.5787923416789397,0.5634695776639237,0.6247163426366927,0.5968047571411959
M0,2026,5102,10,679,0.5802650957290133,0.5644295357188838,0.6239056394096678,0.5984366254862947
M0,2026,5102,11,679,0.5802650957290133,0.5655158225413743,0.6233958899974823,0.60916079206966
M0,2026,5102,12,679,0.5773195876288659,0.5615082266092848,0.6197518440339281,0.6042367530373106
M0,2026,5102,13,679,0.5891016200294551,0.5717661113480934,0.6152913939970407,0.6120450125214959
M0,2026,5102,14,679,0.5773195876288659,0.5623830883756442,0.6261329376118172,0.6114479766870842
M0,2026,5102,15,679,0.5787923416789397,0.5616884341522023,0.6240712272576625,0.6004256711007806
M0,2026,5102,16,679,0.5964653902798233,0.5797452619706382,0.6195171729103279,0.6078878564485142
M0,2026,5102,17,679,0.5802650957290133,0.5667129363305332,0.6162828587116304,0.6220406157196874
M0,2026,5102,18,679,0.5817378497790869,0.5674321776840937,0.6221175114781937,0.5975102937288684
M0,2026,5102,19,679,0.593519882179676,0.5794209784672,0.619326765258112,0.5996301193457533
M0,2026,5102,20,679,0.5905743740795287,0.5781269868615893,0.6184849951070609,0.5968451036091317
M0,2026,5102,21,679,0.5846833578792342,0.5703685259536583,0.6202319571652364,0.5988386397794345
M0,2026,5102,22,679,0.593519882179676,0.5785581860938283,0.617530182859859,0.5980746603076258
M0,2026,5102,23,679,0.5891016200294551,0.5753724982759629,0.615121198156972,0.6046497714714929
M0,2026,5102,24,679,0.5787923416789397,0.5638508994332714,0.6221050624029275,0.5976453642642663
M0,2026,5102,25,679,0.593519882179676,0.5812470288501326,0.6161078527591717,0.600876098082813
M0,2026,5102,26,679,0.5905743740795287,0.5790409866674741,0.6150440868204227,0.6013850324830201
M0,2026,5102,27,679,0.5434462444771723,0.5255646736459475,0.656001927267996,0.543576431509593
M0,2026,5102,28,679,0.5272459499263623,0.5041204848480045,0.7009487034250956,0.460448989910156
M0,2026,5102,29,679,0.508100147275405,0.48526316660191193,0.7395366974317624,0.4023425151655875
M0,2026,5102,30,679,0.5596465390279823,0.5428851528741502,0.6485797029224517,0.5606035341078496
M0,2026,5102,31,679,0.524300441826215,0.49776440663873656,0.6819829892295801,0.5030429106751786
M0,2026,5102,32,679,0.4889543446244477,0.4763456939111276,0.7033958673169932,0.41438684751618654
M0,2026,5102,33,679,0.5625920471281296,0.550411238877217,0.6319249477539217,0.5621079371021297
M0,2026,5102,34,679,0.4889543446244477,0.47515266839721937,0.6777511674674866,0.4802730605608397
M0,2026,5102,35,679,0.4521354933726068,0.43659314131861227,0.7101410216101842,0.4057493031553162
M0,2026,5102,36,679,0.5493372606774669,0.5323119119768562,0.6495540288656906,0.5519906925524282
M0,2026,5102,37,679,0.5066273932253313,0.48512120697551164,0.7038850480792097,0.44722250766948285
M0,2026,5102,38,679,0.4889543446244477,0.4714997469419412,0.7362112156904147,0.38829313505036595
M0,2026,5102,39,679,0.5684830633284241,0.5477842936512356,0.6436822896546222,0.5451055581111606
M0,2026,5102,40,679,0.5257731958762887,0.5087164118677334,0.6874492302076104,0.4553664351895069
M0,2026,5102,41,679,0.4727540500736377,0.462533394694866,0.7162395197135535,0.36387953909268633
M0,2026,5102,42,679,0.5493372606774669,0.5405511859826581,0.6373755440927921,0.5570252711768767
M0,2026,5102,43,679,0.4948453608247423,0.4809586369318708,0.6864093827174234,0.44419987579421866
M0,2026,5102,44,679,0.4374079528718704,0.4280670272470276,0.717037745335843,0.372534568170625
M0,2026,5102,45,679,0.572901325478645,0.5587566484083512,0.6224779911964736,0.598903741966789
M0,2026,5102,46,679,0.5787923416789397,0.5659574468085107,0.6234874915830868,0.6001963787443889
M0,2026,5102,47,679,0.5861561119293078,0.5741060928870041,0.6216906481621367,0.6043513685591432
M0,2026,5102,48,679,0.5787923416789397,0.5643067538682973,0.618847075591909,0.6024639274252699
M0,2026,5102,49,679,0.5891016200294551,0.5779066255156418,0.6090417864220834,0.619678771019822
M0,2026,5102,50,679,0.6023564064801178,0.591078839712509,0.605486395257211,0.6211142227107694
M0,2026,5102,51,679,0.5758468335787923,0.5622281164765234,0.6223942762534291,0.5982470067399924
M0,2026,5102,52,679,0.593519882179676,0.5830469341882062,0.6092904744250083,0.6153142722716807
M0,2026,5102,53,679,0.5802650957290133,0.5743393180702316,0.6105057839002455,0.6242513542117956
M0,2026,5102,54,679,0.5493372606774669,0.5340815704331897,0.650487816342549,0.5401722111794043
M0,2026,5102,55,679,0.5272459499263623,0.5048975313729348,0.7048856074399203,0.4449011602394251
M0,2026,5102,56,679,0.4845360824742268,0.46570317752793133,0.7370627521371279,0.400023642890632
M0,2026,5102,57,679,0.5463917525773195,0.5297085609505499,0.6396729420974785,0.5586822644975274
M0,2026,5102,58,679,0.5346097201767305,0.5098775457801137,0.6669759088701984,0.498229465516692
M0,2026,5102,59,679,0.4536082474226804,0.427415208678411,0.7093481083286703,0.34848361364624364
M0,2026,5102,60,679,0.5346097201767305,0.5268958872863012,0.6313341294191723,0.5544638990087416
M0,2026,5102,61,679,0.4698085419734904,0.45838244203337564,0.675951033281999,0.4919741970418197
M0,2026,5102,62,679,0.4212076583210604,0.4021715770834138,0.7027263354965443,0.4199091495831456
M0,2026,5103,0,679,0.5581737849779087,0.5407371114377484,0.6512640561464083,0.5475792188740166
M0,2026,5103,1,679,0.5139911634756995,0.4917732794278725,0.7018183208837425,0.45460342712017415
M0,2026,5103,2,679,0.47569955817378495,0.4560368678215623,0.7505123575323636,0.3816206468061058
M0,2026,5103,3,679,0.5596465390279823,0.5448028488792978,0.65994111576909,0.5183848700082803
M0,2026,5103,4,679,0.5228276877761414,0.5051243430278787,0.6873147355307535,0.4784063717421516
M0,2026,5103,5,679,0.4639175257731959,0.4460747129946324,0.7240802928125033,0.35931100314247416
M0,2026,5103,6,679,0.540500736377025,0.5353336911791018,0.6442390857415277,0.5405661045442729
M0,2026,5103,7,679,0.4992636229749632,0.4898382849110585,0.675596758547693,0.4785401620396779
M0,2026,5103,8,679,0.45508100147275404,0.4401199906216703,0.7217241676856211,0.3782745529870191
M0,2026,5103,9,679,0.5861561119293078,0.5702290628761217,0.6203348978980827,0.6001144172597344
M0,2026,5103,10,679,0.5802650957290133,0.565347570021129,0.6272140052251858,0.5904897118373725
M0,2026,5103,11,679,0.5832106038291606,0.5674399230106252,0.6216861603449652,0.6093223344610716
M0,2026,5103,12,679,0.5787923416789397,0.5640484979342042,0.6225709041281547,0.6026668252052365
M0,2026,5103,13,679,0.5920471281296024,0.5772752816425829,0.6127602573434805,0.6138534469482589
M0,2026,5103,14,679,0.5920471281296024,0.5773610177864827,0.6155375389269772,0.6222400583244128
M0,2026,5103,15,679,0.5817378497790869,0.5654695691198068,0.6270428625139818,0.5979227661150568
M0,2026,5103,16,679,0.5846833578792342,0.567286090120347,0.6195151939746734,0.6151001710444458
M0,2026,5103,17,679,0.5861561119293078,0.5728118605692977,0.6130428513037438,0.6246110566327912
M0,2026,5103,18,679,0.5802650957290133,0.5656379451007982,0.623250268871549,0.597051076437015
M0,2026,5103,19,679,0.5861561119293078,0.5724573146273766,0.6217734369508296,0.5959257927814551
M0,2026,5103,20,679,0.5905743740795287,0.5781168334401446,0.6176236935936474,0.598541547177881
M0,2026,5103,21,679,0.5832106038291606,0.5683044138141445,0.621301470826406,0.5988009926104876
M0,2026,5103,22,679,0.5846833578792342,0.5703874197913933,0.616292153788245,0.6007320089639581
M0,2026,5103,23,679,0.593519882179676,0.5793691795128604,0.6148533337860641,0.6043177825985335
M0,2026,5103,24,679,0.5832106038291606,0.5676071141049003,0.6206933284543225,0.5993408805929826
M0,2026,5103,25,679,0.5891016200294551,0.5753397462501793,0.6165470764457917,0.6022884929885868
M0,2026,5103,26,679,0.5905743740795287,0.5797498013769743,0.6136472929208725,0.6020818839451845
M0,2026,5103,27,679,0.5552282768777614,0.5338091925515934,0.6475280333250015,0.5565595691174408
M0,2026,5103,28,679,0.5257731958762887,0.500459271341118,0.6976666516337725,0.4594866735082623
M0,2026,5103,29,679,0.5095729013254786,0.48379869084528343,0.7399305663728574,0.41240119396461694
M0,2026,5103,30,679,0.5537555228276878,0.5374256620832698,0.6547863362507897,0.5433965372584122
M0,2026,5103,31,679,0.524300441826215,0.49511059926800116,0.6733859021419629,0.5009550860852496
M0,2026,5103,32,679,0.4786450662739323,0.4622729403297321,0.7162402392267654,0.403021651905696
M0,2026,5103,33,679,0.5537555228276878,0.5444941866034437,0.6423720697240028,0.5544335124784835
M0,2026,5103,34,679,0.4683357879234168,0.4576428194841532,0.6871060634879547,0.4600065978803903
M0,2026,5103,35,679,0.45066273932253315,0.4356221790732523,0.7073838274064577,0.413946076173346
M0,2026,5103,36,679,0.5434462444771723,0.5253787989944342,0.6525447485812107,0.5319985803002085
M0,2026,5103,37,679,0.508100147275405,0.48793626783346944,0.6986172494858459,0.4540407536432278
M0,2026,5103,38,679,0.48748159057437407,0.4683906046480739,0.7519057843181276,0.36129923964873867
M0,2026,5103,39,679,0.561119293078056,0.5463280172691072,0.6448050980320384,0.5489642037761598
M0,2026,5103,40,679,0.5419734904270986,0.5262864283968156,0.6699353384734604,0.4685344334155265
M0,2026,5103,41,679,0.46097201767304863,0.4425935952594141,0.7134094091903127,0.37295138218676543
M0,2026,5103,42,679,0.5522827687776142,0.5439874266038296,0.6352480228809264,0.5590368486120142
M0,2026,5103,43,679,0.4963181148748159,0.4810607208923984,0.6802901480132947,0.45973857069821117
M0,2026,5103,44,679,0.43446244477172313,0.42135638341682136,0.7313825953340319,0.3441057339336273
M0,2026,5103,45,679,0.5817378497790869,0.5665216343123701,0.6191286914302955,0.6025685087892886
M0,2026,5103,46,679,0.5758468335787923,0.5640507280659803,0.6236226641640221,0.600252652532134
M0,2026,5103,47,679,0.5905743740795287,0.5792880780906203,0.6181032873569426,0.6045118764771727
M0,2026,5103,48,679,0.5861561119293078,0.5719119331144239,0.6174011849338773,0.6035639923626306
M0,2026,5103,49,679,0.5832106038291606,0.570402317159474,0.6133012129912847,0.6201586654794151
M0,2026,5103,50,679,0.5964653902798233,0.5864163142930776,0.6134896504861441,0.6196063199090502
M0,2026,5103,51,679,0.5891016200294551,0.5734384693244522,0.6198585190109371,0.6027416948169105
M0,2026,5103,52,679,0.5949926362297496,0.5828314444280001,0.6096744070348051,0.6133620225074132
M0,2026,5103,53,679,0.5891016200294551,0.581299476059682,0.6060282586688321,0.6284261582307695
M0,2026,5103,54,679,0.5625920471281296,0.5459350819013165,0.6378750640443569,0.5684954447856021
M0,2026,5103,55,679,0.524300441826215,0.5073206742121588,0.6892603529790013,0.45967314932346764
M0,2026,5103,56,679,0.49337260677466865,0.4698084901251477,0.7277154187741792,0.40342964951315524
M0,2026,5103,57,679,0.5537555228276878,0.5348659695001542,0.6365740928409377,0.568649891694176
M0,2026,5103,58,679,0.5257731958762887,0.5119066605408923,0.6782885924398636,0.45490470048389164
M0,2026,5103,59,679,0.47128129602356406,0.4424851189821949,0.7122995527529752,0.3635507566020021
M0,2026,5103,60,679,0.5419734904270986,0.5353296166859197,0.6414457579117285,0.5399453324732664
M0,2026,5103,61,679,0.4963181148748159,0.48171173237156106,0.6661490752568828,0.48859779647129714
M0,2026,5103,62,679,0.4182621502209131,0.3985890186545473,0.6999522242393339,0.41348972868368733
M0,2026,5104,0,679,0.5478645066273933,0.5229625906690742,0.6566008792446709,0.5411157752679058
M0,2026,5104,1,679,0.5154639175257731,0.4962111908356581,0.7087658450380516,0.4487433540463114
M0,2026,5104,2,679,0.47128129602356406,0.4493501333503137,0.7480866212688595,0.3851412461096318
M0,2026,5104,3,679,0.5463917525773195,0.5263625922014088,0.6623521036576804,0.5201469482126191
M0,2026,5104,4,679,0.5139911634756995,0.48671511284414515,0.6908099294279391,0.4708705132616077
M0,2026,5104,5,679,0.4565537555228277,0.44608586095721037,0.7329428721115059,0.36785215745618627
M0,2026,5104,6,679,0.5463917525773195,0.5352437388256905,0.6521172694455892,0.5187745769451408
M0,2026,5104,7,679,0.48306332842415317,0.47098498157122387,0.691832319999303,0.4479514470910595
M0,2026,5104,8,679,0.4521354933726068,0.43299323264699036,0.7259417329427946,0.35438396753648
M0,2026,5104,9,679,0.5743740795287187,0.5622410496016284,0.627586482945879,0.5919909249928537
M0,2026,5104,10,679,0.5832106038291606,0.56893693103671,0.6250640516428604,0.5927035417194298
M0,2026,5104,11,679,0.5817378497790869,0.5674078274744042,0.6218809626327172,0.6085988333974978
M0,2026,5104,12,679,0.5670103092783505,0.5536869724896457,0.6216650290499731,0.6056499098841375
M0,2026,5104,13,679,0.5861561119293078,0.572406750139014,0.6218574946864188,0.6088918396771731
M0,2026,5104,14,679,0.5846833578792342,0.5709056850960157,0.6213113127032155,0.6138049225153053
M0,2026,5104,15,679,0.5773195876288659,0.5619120193419885,0.6227450672762033,0.6028222076112875
M0,2026,5104,16,679,0.5876288659793815,0.5711466777745736,0.6195409506427697,0.6116277579977369
M0,2026,5104,17,679,0.5817378497790869,0.5682092333539316,0.6159511736548877,0.6206331442058278
M0,2026,5104,18,679,0.5832106038291606,0.5694811547897735,0.6216677393495422,0.5972350889761187
M0,2026,5104,19,679,0.5876288659793815,0.5729787342029132,0.6194707415504203,0.598360911807798
M0,2026,5104,20,679,0.5920471281296024,0.5792180943356755,0.6191959944231346,0.5966822839110225
M0,2026,5104,21,679,0.5787923416789397,0.5647669544652052,0.6221840811758926,0.5985412696904294
M0,2026,5104,22,679,0.5876288659793815,0.5739854198477817,0.6185243846917188,0.5981024428421761
M0,2026,5104,23,679,0.5891016200294551,0.5751499507574436,0.6155127137241027,0.603431403693079
M0,2026,5104,24,679,0.5787923416789397,0.5633426700670143,0.622345857925724,0.5986222698835789
M0,2026,5104,25,679,0.5905743740795287,0.5790310500688698,0.6173976802861041,0.6000196304826256
M0,2026,5104,26,679,0.5905743740795287,0.5797458083318052,0.6140188999221673,0.5993184815178393
M0,2026,5104,27,679,0.5640648011782032,0.5460042041148232,0.6386674119376293,0.5468194303559097
M0,2026,5104,28,679,0.5198821796759941,0.49919519957834135,0.7028513318352917,0.4661826681912744
M0,2026,5104,29,679,0.4963181148748159,0.47127617495823226,0.7392583587954427,0.4100970974364018
M0,2026,5104,30,679,0.5493372606774669,0.528743242557939,0.6573533787774759,0.5364829109830995
M0,2026,5104,31,679,0.5125184094256259,0.49268597006468196,0.6938758924581516,0.4716189684951117
M0,2026,5104,32,679,0.4742268041237113,0.4596621221912477,0.7076167928408804,0.42296064824957297
M0,2026,5104,33,679,0.5257731958762887,0.5196225476828309,0.6437576710080538,0.5577034408975807
M0,2026,5104,34,679,0.49042709867452133,0.4774535352125613,0.6809566222208062,0.4857227672943762
M0,2026,5104,35,679,0.4565537555228277,0.4447985356310419,0.7030165001464698,0.4130042427377819
M0,2026,5104,36,679,0.5699558173784978,0.5494982724092541,0.6422749546209737,0.5515369183187303
M0,2026,5104,37,679,0.5184094256259205,0.49920156873757265,0.7077219416229644,0.43403954951825335
M0,2026,5104,38,679,0.49189985272459497,0.473893824741894,0.7380505138582966,0.3844517951028044
M0,2026,5104,39,679,0.5478645066273933,0.531566448730798,0.6591724045629529,0.5427635553372218
M0,2026,5104,40,679,0.5184094256259205,0.4949123582265429,0.6810339025834874,0.4916662055658456
M0,2026,5104,41,679,0.4565537555228277,0.44052904170596496,0.7224165443248707,0.34282448798723103
M0,2026,5104,42,679,0.5537555228276878,0.5413061228963333,0.6369081956165704,0.5571161841345043
M0,2026,5104,43,679,0.4948453608247423,0.47577506879944953,0.6851686696811348,0.4374813615322418
M0,2026,5104,44,679,0.43888070692194403,0.4245697370232686,0.7221136148662385,0.3490960107151108
M0,2026,5104,45,679,0.5773195876288659,0.5642177649912649,0.6201635521887329,0.6016087885635875
M0,2026,5104,46,679,0.5832106038291606,0.5704998134419976,0.6245524657668,0.5984732271488286
M0,2026,5104,47,679,0.593519882179676,0.5795380260594175,0.614982772163158,0.613757922180544
M0,2026,5104,48,679,0.572901325478645,0.5609081744299583,0.6212299543382142,0.6016586764857134
M0,2026,5104,49,679,0.5861561119293078,0.5708493002294279,0.6175398295073166,0.6114528343352292
M0,2026,5104,50,679,0.6038291605301914,0.5920139619543698,0.6098122248681199,0.6169237595162487
M0,2026,5104,51,679,0.5891016200294551,0.5732476133770597,0.6217362308361745,0.6053059982372995
M0,2026,5104,52,679,0.5964653902798233,0.5838986598844346,0.6125481130887201,0.6116927325257037
M0,2026,5104,53,679,0.5905743740795287,0.582903451396602,0.6077091696950578,0.627021055325631
M0,2026,5104,54,679,0.5625920471281296,0.5413805554058061,0.6448736105646405,0.5471165031157109
M0,2026,5104,55,679,0.5139911634756995,0.4900103162348891,0.6944057559361339,0.4610961719773935
M0,2026,5104,56,679,0.49042709867452133,0.4641875441765491,0.7305654097727016,0.40569226360416166
M0,2026,5104,57,679,0.5684830633284241,0.5501407900614718,0.6368232836647835,0.5604612060896383
M0,2026,5104,58,679,0.5287187039764359,0.508144819647673,0.6673922812859685,0.4862559170068489
M0,2026,5104,59,679,0.46097201767304863,0.44425402427245564,0.7027299073421902,0.40726218239242346
M0,2026,5104,60,679,0.5331369661266568,0.5230196877282561,0.6483428993746528,0.5401589366700742
M0,2026,5104,61,679,0.4786450662739323,0.46867757410060995,0.6707144624749761,0.47867934581357297
M0,2026,5104,62,679,0.41973490427098675,0.40454751579542825,0.7118904595654211,0.3824662100175597
M0,2026,5105,0,679,0.5478645066273933,0.5267075985742907,0.6566135042809246,0.5412845418768337
M0,2026,5105,1,679,0.5110456553755522,0.48910486623031624,0.7129003737171198,0.4424169283041697
M0,2026,5105,2,679,0.4786450662739323,0.457490448247853,0.7440445508934086,0.39394657939309896
M0,2026,5105,3,679,0.5493372606774669,0.5337227231819739,0.656659199514691,0.5390471701740651
M0,2026,5105,4,679,0.5331369661266568,0.5169022647818817,0.678615787133728,0.49138612486049366
M0,2026,5105,5,679,0.46097201767304863,0.4476633251704566,0.7260019692080713,0.34964642214740455
M0,2026,5105,6,679,0.5360824742268041,0.5267966834515304,0.6475363799723329,0.545728042431215
M0,2026,5105,7,679,0.49779086892488955,0.48228055141433,0.6910761602892265,0.4348188784469597
M0,2026,5105,8,679,0.44329896907216493,0.4273145678417678,0.7301628072149448,0.35835820252008527
M0,2026,5105,9,679,0.5743740795287187,0.5608483385894675,0.6237911318205243,0.6007065498979752
M0,2026,5105,10,679,0.5891016200294551,0.5735672946039625,0.6195258513992771,0.6017806408632034
M0,2026,5105,11,679,0.5802650957290133,0.5655370916564946,0.6256955824298606,0.6029589532512928
M0,2026,5105,12,679,0.5802650957290133,0.5667418771872642,0.6254392878559798,0.5999051232429699
M0,2026,5105,13,679,0.5905743740795287,0.572940508376233,0.6132902203673642,0.616888880756781
M0,2026,5105,14,679,0.5979381443298969,0.5820619130883757,0.6143052756610781,0.6214651156793715
M0,2026,5105,15,679,0.5787923416789397,0.5620204021874667,0.6226650585745501,0.6079338157015
M0,2026,5105,16,679,0.6008836524300442,0.5846930149895563,0.6167471351346141,0.6082901702722182
M0,2026,5105,17,679,0.5876288659793815,0.5730516250321871,0.6129873037250474,0.6235619723250105
M0,2026,5105,18,679,0.5846833578792342,0.569884620548251,0.6199450405953735,0.5987838120495407
M0,2026,5105,19,679,0.5905743740795287,0.5762200507849119,0.6188031726452318,0.5992309174394014
M0,2026,5105,20,679,0.593519882179676,0.5805394044652521,0.6171717920693102,0.5981962593606218
M0,2026,5105,21,679,0.5802650957290133,0.5656555132174327,0.6214777480959014,0.5983599150961424
M0,2026,5105,22,679,0.5905743740795287,0.575015192329039,0.6173619140757025,0.5979098642158615
M0,2026,5105,23,679,0.5876288659793815,0.5742523806396974,0.6161067576664713,0.6034951608261885
M0,2026,5105,24,679,0.5802650957290133,0.5656452757103375,0.6217828758598603,0.5987685530609053
M0,2026,5105,25,679,0.5964653902798233,0.5839176535328178,0.6132459391199261,0.6042877819624423
M0,2026,5105,26,679,0.5876288659793815,0.576823544550106,0.6161918445697414,0.5989014804552862
M0,2026,5105,27,679,0.5581737849779087,0.5401098315368191,0.6418336760664197,0.5605192732671848
M0,2026,5105,28,679,0.5154639175257731,0.4932100751628127,0.7019128023217458,0.45303738759505763
M0,2026,5105,29,679,0.5007363770250368,0.47838278348879015,0.7427306766669775,0.3970636109709781
M0,2026,5105,30,679,0.5522827687776142,0.529689625514778,0.6484650555828008,0.5501789185627568
M0,2026,5105,31,679,0.5360824742268041,0.5097510068845108,0.666433942181899,0.5077521002160834
M0,2026,5105,32,679,0.4845360824742268,0.46898547456639794,0.6992246761193859,0.4211125145617541
M0,2026,5105,33,679,0.5684830633284241,0.5534538737388731,0.638489826109167,0.5404934499775087
M0,2026,5105,34,679,0.4698085419734904,0.45921215767470347,0.6888417828723854,0.4658509351101369
M0,2026,5105,35,679,0.4580265095729013,0.4509860911805368,0.6921534426565198,0.43568870562919104
M0,2026,5105,36,679,0.5655375552282769,0.5440139372107556,0.6508412170655948,0.5406340109739304
M0,2026,5105,37,679,0.5154639175257731,0.49708741266983325,0.704240689462871,0.4521891852047678
M0,2026,5105,38,679,0.48748159057437407,0.468832787985185,0.739915918685024,0.3856066620453378
M0,2026,5105,39,679,0.5567010309278351,0.5388557270125928,0.6501228410821951,0.538846502072996
M0,2026,5105,40,679,0.5257731958762887,0.5095137124331902,0.6817170720168874,0.46996457478301357
M0,2026,5105,41,679,0.45508100147275404,0.4415518091725644,0.726250977048291,0.3454810146897077
M0,2026,5105,42,679,0.540500736377025,0.5308378672934686,0.636838256764131,0.5638642567528562
M0,2026,5105,43,679,0.48159057437407954,0.4638804386495532,0.6797086544038621,0.4562923458626538
M0,2026,5105,44,679,0.44035346097201766,0.43034072144213287,0.7225947058341289,0.34858228543449665
M0,2026,5105,45,679,0.5758468335787923,0.5615298093923572,0.6260426805542565,0.5960107685481234
M0,2026,5105,46,679,0.5905743740795287,0.5778191131726484,0.6172349720271593,0.6054718957361894
M0,2026,5105,47,679,0.593519882179676,0.5807810280972108,0.6124589631501284,0.6140118237237833
M0,2026,5105,48,679,0.5846833578792342,0.5722654031414118,0.6153974311429025,0.6038630980292009
M0,2026,5105,49,679,0.5994108983799705,0.5865883944712947,0.6075538192739894,0.6231096944496564
M0,2026,5105,50,679,0.5949926362297496,0.5842063841363198,0.61112593774943,0.6217046371276698
M0,2026,5105,51,679,0.5964653902798233,0.583687823849556,0.6162851173238656,0.6039710636156636
M0,2026,5105,52,679,0.5876288659793815,0.5756800324582221,0.6131899130800862,0.6113925475696914
M0,2026,5105,53,679,0.5832106038291606,0.5758874060760854,0.610066740563762,0.6240522863514136
M0,2026,5105,54,679,0.5522827687776142,0.530041906177953,0.646315794542366,0.5388114181864295
M0,2026,5105,55,679,0.508100147275405,0.4867036477896689,0.7136058451193598,0.4317150490700184
M0,2026,5105,56,679,0.5051546391752577,0.4835954186093545,0.7269881114648965,0.40237828122485025
M0,2026,5105,57,679,0.5478645066273933,0.5289609855350155,0.6534147254233859,0.536030986392272
M0,2026,5105,58,679,0.5301914580265096,0.5131034283776496,0.6711080193036786,0.4988033731192047
M0,2026,5105,59,679,0.47717231222385864,0.45867161255080646,0.6987115746701413,0.40103340239117696
M0,2026,5105,60,679,0.561119293078056,0.5485075715002288,0.645507758689032,0.538920773831735
M0,2026,5105,61,679,0.48748159057437407,0.47270417733051184,0.6749126308752617,0.48586747087516663
M0,2026,5105,62,679,0.4256259204712813,0.404318919826814,0.699385012152971,0.4030048155792974
M0,2027,5101,0,679,0.5567010309278351,0.5475239249729997,0.661079193337852,0.5480052039240054
M0,2027,5101,1,679,0.5228276877761414,0.5156079533283653,0.7004487202646806,0.4846046107711924
M0,2027,5101,2,679,0.4698085419734904,0.46451345343551975,0.7552013232404248,0.395839857367502
M0,2027,5101,3,679,0.5493372606774669,0.5376461199004742,0.677249230214001,0.5288290155139349
M0,2027,5101,4,679,0.5184094256259205,0.5124670525926839,0.7059244554111287,0.47640939424068685
M0,2027,5101,5,679,0.4477172312223859,0.44508641310306685,0.7424650319765523,0.3864449221910392
M0,2027,5101,6,679,0.5493372606774669,0.5436528733122248,0.6601946100000078,0.5436857028125672
M0,2027,5101,7,679,0.4889543446244477,0.4856927310590132,0.7039281527274487,0.4486713161859945
M0,2027,5101,8,679,0.4580265095729013,0.4552847114271602,0.7534755434352625,0.34754881207404115
M0,2027,5101,9,679,0.5920471281296024,0.5771843720128346,0.6222558035590687,0.6199060420939487
M0,2027,5101,10,679,0.6067746686303387,0.5940365105125684,0.6275974001203265,0.6188394548895856
M0,2027,5101,11,679,0.6067746686303387,0.5927744061844437,0.6298745491806642,0.6238112236552829
M0,2027,5101,12,679,0.5949926362297496,0.5796827695468667,0.6244241143185892,0.615807551279614
M0,2027,5101,13,679,0.6229749631811488,0.6086146463441956,0.6122500626960102,0.6318579855841638
M0,2027,5101,14,679,0.6067746686303387,0.5916524671948284,0.6205381921798386,0.6354986140521532
M0,2027,5101,15,679,0.5905743740795287,0.5757560630790406,0.6205221336000272,0.6224122344441417
M0,2027,5101,16,679,0.6038291605301914,0.5851509886364191,0.6198765690793696,0.6267983715737216
M0,2027,5101,17,679,0.6111929307805597,0.5966139488659039,0.6203877910949696,0.6294738907628747
M0,2027,5101,18,679,0.593519882179676,0.5782061034544479,0.6252604856406817,0.6100631591566373
M0,2027,5101,19,679,0.5846833578792342,0.5690454852758517,0.6289236057928279,0.6069242310446696
M0,2027,5101,20,679,0.5994108983799705,0.5826082781886597,0.6235561428347463,0.6062047007247283
M0,2027,5101,21,679,0.5949926362297496,0.5815904227702299,0.6234110883479617,0.6119280667698913
M0,2027,5101,22,679,0.593519882179676,0.5759138188735319,0.6228849818938259,0.6120821985210265
M0,2027,5101,23,679,0.5876288659793815,0.5698789918039701,0.6255621067817503,0.608498109106471
M0,2027,5101,24,679,0.5920471281296024,0.5781451169993428,0.623216867051876,0.6129730118344956
M0,2027,5101,25,679,0.593519882179676,0.5786144024983926,0.6229507016328016,0.6122864003136864
M0,2027,5101,26,679,0.5920471281296024,0.5768367561400348,0.6220576601193475,0.610127720610258
M0,2027,5101,27,679,0.5493372606774669,0.5367222425635625,0.6692179604728373,0.5496112046111848
M0,2027,5101,28,679,0.5066273932253313,0.49697838287771146,0.7112849119705024,0.47755671963638785
M0,2027,5101,29,679,0.49189985272459497,0.4814366655834247,0.760221420116558,0.4251478690133042
M0,2027,5101,30,679,0.5714285714285714,0.5555375027141801,0.6460917748082895,0.57972516875915
M0,2027,5101,31,679,0.5125184094256259,0.505461571726632,0.6937568717264462,0.49305287781686624
M0,2027,5101,32,679,0.49337260677466865,0.4950372442056877,0.7331553003222672,0.387681781372312
M0,2027,5101,33,679,0.5449189985272459,0.5396936665593687,0.6554029884368225,0.5586102447621676
M0,2027,5101,34,679,0.47128129602356406,0.46166702363045126,0.6985034392666571,0.4421526779083947
M0,2027,5101,35,679,0.44035346097201766,0.43232633555214195,0.740561176184702,0.38459948839678504
M0,2027,5101,36,679,0.5670103092783505,0.5532295356989271,0.6620454280822372,0.5452205088739552
M0,2027,5101,37,679,0.5007363770250368,0.4905582723881693,0.722939454337283,0.45760805807683413
M0,2027,5101,38,679,0.4580265095729013,0.45345679744542833,0.7699724194183617,0.3745640580450963
M0,2027,5101,39,679,0.5743740795287187,0.5604983543792341,0.6613166562894658,0.539656166885833
M0,2027,5101,40,679,0.5139911634756995,0.5043019671851249,0.7002652989966529,0.45814703631409637
M0,2027,5101,41,679,0.46686303387334316,0.4586669175592464,0.7282507857403804,0.37085480916013014
M0,2027,5101,42,679,0.561119293078056,0.5538477782153606,0.6442719296564585,0.5562497562844883
M0,2027,5101,43,679,0.48748159057437407,0.4845040838047715,0.7072301799094027,0.4413918058740294
M0,2027,5101,44,679,0.45066273932253315,0.446951605107076,0.7461682574080086,0.3312592388270597
M0,2027,5101,45,679,0.5876288659793815,0.5738472927524088,0.6236018197438151,0.6180636087161806
M0,2027,5101,46,679,0.5905743740795287,0.5759310678114242,0.630327365403674,0.6166919955017138
M0,2027,5101,47,679,0.614138438880707,0.599133355648339,0.6237926144311986,0.6244503975171072
M0,2027,5101,48,679,0.6008836524300442,0.586139914104341,0.6174478938196826,0.6206750123619866
M0,2027,5101,49,679,0.6097201767304861,0.5922713504689088,0.6153177893741142,0.6301304417350909
M0,2027,5101,50,679,0.614138438880707,0.5978411097873951,0.6193954421424023,0.6353535486870113
M0,2027,5101,51,679,0.6008836524300442,0.5874288897847656,0.6178852041445354,0.6205249849103475
M0,2027,5101,52,679,0.6038291605301914,0.588873377645815,0.6153256887452065,0.623947638280375
M0,2027,5101,53,679,0.6200294550810015,0.6049138477605095,0.6068507292045936,0.6448794136829766
M0,2027,5101,54,679,0.5655375552282769,0.5497926389329986,0.6513250781352109,0.5673275509606783
M0,2027,5101,55,679,0.5316642120765832,0.5195155864086255,0.7174009050246718,0.4829993158879933
M0,2027,5101,56,679,0.5125184094256259,0.501854852262394,0.7517921813326135,0.4279873291463841
M0,2027,5101,57,679,0.5449189985272459,0.5347260398842363,0.6620765096001843,0.535927517552267
M0,2027,5101,58,679,0.5287187039764359,0.5208073974444857,0.6760781906621972,0.49048180155704285
M0,2027,5101,59,679,0.4845360824742268,0.48106696037730523,0.7246175896217265,0.3692677379193532
M0,2027,5101,60,679,0.5552282768777614,0.548627521138241,0.6481122264586422,0.5652821919128064
M0,2027,5101,61,679,0.4948453608247423,0.4929258852266082,0.6825601990733828,0.47563422205646366
M0,2027,5101,62,679,0.4565537555228277,0.44349890305772655,0.717840193539024,0.38005473706152426
M0,2027,5102,0,679,0.5508100147275405,0.5386043639265885,0.6626423937494871,0.545725027021312
M0,2027,5102,1,679,0.4948453608247423,0.4856216390324225,0.7262957692804674,0.4492415623307959
M0,2027,5102,2,679,0.4801178203240059,0.4729344070533491,0.7570475860662067,0.3922064192309314
M0,2027,5102,3,679,0.5552282768777614,0.538610986714435,0.66313210030982,0.5437041934682126
M0,2027,5102,4,679,0.5257731958762887,0.5168589970038335,0.7019000252014759,0.4901261147747206
M0,2027,5102,5,679,0.4477172312223859,0.4455774677844828,0.7451055309075495,0.37738512893863296
M0,2027,5102,6,679,0.5758468335787923,0.5676889346134656,0.6386196650838992,0.5666746150844992
M0,2027,5102,7,679,0.49337260677466865,0.49063997307321705,0.686736974409824,0.48460746234135843
M0,2027,5102,8,679,0.4536082474226804,0.4540545843054451,0.7556313596040406,0.3555640561384255
M0,2027,5102,9,679,0.593519882179676,0.5796960159704044,0.6246798729773649,0.6188904263987784
M0,2027,5102,10,679,0.605301914580265,0.5931812714092095,0.6289477476929706,0.6196222017184685
M0,2027,5102,11,679,0.614138438880707,0.6011770166156132,0.6237697468766057,0.6295952128224473
M0,2027,5102,12,679,0.593519882179676,0.5795982849048811,0.6229880607531945,0.6167146813484133
M0,2027,5102,13,679,0.6038291605301914,0.5889747493725332,0.6191959076496568,0.6308202837822607
M0,2027,5102,14,679,0.605301914580265,0.5902086187015607,0.6262997449848894,0.6262612623556189
M0,2027,5102,15,679,0.5920471281296024,0.5763545993849024,0.6232021465041676,0.6161562809547425
M0,2027,5102,16,679,0.6008836524300442,0.5850434996086051,0.6195574934774014,0.6243037907758471
M0,2027,5102,17,679,0.6111929307805597,0.5963481580465304,0.6197850614654473,0.6326592627924633
M0,2027,5102,18,679,0.5949926362297496,0.5814083544208755,0.6234666734977745,0.6118218030351603
M0,2027,5102,19,679,0.5891016200294551,0.5748704374477571,0.6267566810388101,0.6081531167505642
M0,2027,5102,20,679,0.5949926362297496,0.5797676214576792,0.6230974347496595,0.6085102713339431
M0,2027,5102,21,679,0.5979381443298969,0.5847807100022984,0.6204815017544995,0.6145023193051179
M0,2027,5102,22,679,0.5905743740795287,0.5752010103662578,0.6237915243860197,0.6118232199387718
M0,2027,5102,23,679,0.5891016200294551,0.570098915238952,0.6245130266286487,0.6099842426094992
M0,2027,5102,24,679,0.5949926362297496,0.5818759286439265,0.6228770364805595,0.6113098401206092
M0,2027,5102,25,679,0.5920471281296024,0.5773444627036772,0.6231601351929694,0.6125530828671167
M0,2027,5102,26,679,0.5949926362297496,0.5794717525298203,0.6176155818755216,0.6170217592322679
M0,2027,5102,27,679,0.561119293078056,0.5500138360385606,0.6533809836641151,0.5649266353249811
M0,2027,5102,28,679,0.540500736377025,0.5314997325472749,0.7000128183738824,0.49729903614206655
M0,2027,5102,29,679,0.48159057437407954,0.47106498359195637,0.7676067783967736,0.41235992851747527
M0,2027,5102,30,679,0.5640648011782032,0.5511118807494699,0.6559977468448815,0.5732624435347837
M0,2027,5102,31,679,0.5272459499263623,0.5172888769853998,0.6941873725937111,0.4948151348189121
M0,2027,5102,32,679,0.48306332842415317,0.4810768603087625,0.7443298283794316,0.39244628163766493
M0,2027,5102,33,679,0.5493372606774669,0.5439806278338476,0.6511429139853226,0.5600194732424787
M0,2027,5102,34,679,0.5139911634756995,0.5084985363036623,0.6850520431863717,0.4790018932684785
M0,2027,5102,35,679,0.4521354933726068,0.4418720259450235,0.7308602860425112,0.40564044926603376
M0,2027,5102,36,679,0.5684830633284241,0.5566884920814609,0.6467737397055563,0.5748368178953428
M0,2027,5102,37,679,0.5154639175257731,0.5043527371324147,0.7161662677558076,0.46171779920371964
M0,2027,5102,38,679,0.4683357879234168,0.465306771797537,0.7493146564235392,0.39435958265803384
M0,2027,5102,39,679,0.5567010309278351,0.5439749042148303,0.6536006572188615,0.5476368558164547
M0,2027,5102,40,679,0.5272459499263623,0.5173272074605484,0.6992775008016553,0.46357988673311756
M0,2027,5102,41,679,0.48159057437407954,0.4760211716733457,0.7236941051895734,0.3811528510159318
M0,2027,5102,42,679,0.5581737849779087,0.5491609977324263,0.6496242188871872,0.5610103404069677
M0,2027,5102,43,679,0.4963181148748159,0.49015996564069686,0.7055984446024508,0.45253766605670576
M0,2027,5102,44,679,0.4477172312223859,0.4461424683249626,0.744052530190906,0.3500196587066467
M0,2027,5102,45,679,0.6067746686303387,0.5921504490861249,0.6174405456818256,0.6200399029829842
M0,2027,5102,46,679,0.5964653902798233,0.5803362573099415,0.6250487877184934,0.6238502333342647
M0,2027,5102,47,679,0.6097201767304861,0.5944835547594168,0.6254528440063235,0.6224980696133784
M0,2027,5102,48,679,0.593519882179676,0.5771849055346473,0.6189566798870272,0.6199920085491792
M0,2027,5102,49,679,0.605301914580265,0.5859207860457236,0.6179280952606707,0.6323359861033769
M0,2027,5102,50,679,0.6185567010309279,0.6013845191615178,0.6086256254755169,0.6428842996261437
M0,2027,5102,51,679,0.5979381443298969,0.5831059971729285,0.6165286031756029,0.6191923152074215
M0,2027,5102,52,679,0.6111929307805597,0.5943791244826995,0.6126154511069689,0.6265357658634898
M0,2027,5102,53,679,0.6215022091310751,0.6069292837924651,0.6146628248761785,0.6305153129311274
M0,2027,5102,54,679,0.5625920471281296,0.550253960887445,0.6576916970016328,0.5539641399520141
M0,2027,5102,55,679,0.5184094256259205,0.5081236288553361,0.7251245511122411,0.45516582188355864
M0,2027,5102,56,679,0.4845360824742268,0.4759493756205698,0.767492024532474,0.40771660846838537
M0,2027,5102,57,679,0.561119293078056,0.54440370679292,0.649873018484228,0.566621683767107
M0,2027,5102,58,679,0.5360824742268041,0.5213233793107932,0.6881587902339112,0.5136588924700722
M0,2027,5102,59,679,0.46244477172312226,0.4497848598192543,0.727684818526431,0.36066775567789916
M0,2027,5102,60,679,0.5390279823269514,0.5312508564349588,0.6640314344805014,0.5419082487884536
M0,2027,5102,61,679,0.4580265095729013,0.45198430843388115,0.6995382932438591,0.47215708694218006
M0,2027,5102,62,679,0.42857142857142855,0.4144503791633588,0.7230628338451764,0.38985905286039235
M0,2027,5103,0,679,0.5567010309278351,0.5442651859492708,0.6652349167351168,0.5587440680130149
M0,2027,5103,1,679,0.5228276877761414,0.5137184409447562,0.705589967268205,0.4749880872085505
M0,2027,5103,2,679,0.4683357879234168,0.46270975319215624,0.7595858248019254,0.38821206292403043
M0,2027,5103,3,679,0.5640648011782032,0.5511649131919317,0.6671878527383566,0.5280986573098141
M0,2027,5103,4,679,0.5346097201767305,0.5264499262529233,0.6974212409865347,0.47959701117820136
M0,2027,5103,5,679,0.4565537555228277,0.45464975459507995,0.7479109060299063,0.37167080648862366
M0,2027,5103,6,679,0.5714285714285714,0.5679569888807644,0.6552988435409206,0.5520418653766145
M0,2027,5103,7,679,0.5036818851251841,0.503837627918631,0.6936455756776989,0.4812630703474251
M0,2027,5103,8,679,0.44329896907216493,0.4390571058043413,0.7593103611899406,0.34620622701877196
M0,2027,5103,9,679,0.5964653902798233,0.5828160028698472,0.625925140238651,0.6152211905891349
M0,2027,5103,10,679,0.605301914580265,0.5923406532076274,0.6305144696067113,0.6164160024208875
M0,2027,5103,11,679,0.6097201767304861,0.5968205964569513,0.6275418050510367,0.6262771270191492
M0,2027,5103,12,679,0.593519882179676,0.5780660440700726,0.6233994379222656,0.6180563624688269
M0,2027,5103,13,679,0.5949926362297496,0.5802855059959725,0.6229114409574529,0.6294599583565662
M0,2027,5103,14,679,0.5994108983799705,0.582722197342887,0.6242811221174007,0.6320972800960917
M0,2027,5103,15,679,0.6038291605301914,0.5903904424040066,0.6178978333943722,0.6221384039181808
M0,2027,5103,16,679,0.6008836524300442,0.582551940732425,0.6202432676074431,0.6307075604115069
M0,2027,5103,17,679,0.6156111929307806,0.6005470142602496,0.6207324294963185,0.6282273010132253
M0,2027,5103,18,679,0.5920471281296024,0.5781736062817651,0.6236172079688846,0.6106283589817227
M0,2027,5103,19,679,0.5920471281296024,0.576980907740848,0.6265595478495372,0.6070950612539137
M0,2027,5103,20,679,0.5994108983799705,0.5841103868398919,0.6236782246029254,0.6078026782529337
M0,2027,5103,21,679,0.5994108983799705,0.5862984017197028,0.6204274948110285,0.6150863432158511
M0,2027,5103,22,679,0.5949926362297496,0.5800164966554713,0.6222770399302903,0.6111004256030479
M0,2027,5103,23,679,0.5920471281296024,0.5733399495311757,0.6238442305173719,0.6104081777425961
M0,2027,5103,24,679,0.6008836524300442,0.5871395334081901,0.6202674759593031,0.6143559299415396
M0,2027,5103,25,679,0.5817378497790869,0.5652918334955752,0.6271510412134724,0.6095374185571816
M0,2027,5103,26,679,0.5920471281296024,0.5767478682105254,0.621601107677058,0.6120700473694696
M0,2027,5103,27,679,0.5537555228276878,0.5402608439811524,0.6485910926985284,0.5721876955141362
M0,2027,5103,28,679,0.5301914580265096,0.5172931352375425,0.7056019609911979,0.4954686012830719
M0,2027,5103,29,679,0.49779086892488955,0.4863743984748551,0.7630236944367503,0.42301676213325423
M0,2027,5103,30,679,0.5699558173784978,0.5597370229216507,0.6511624102783835,0.5623977435442729
M0,2027,5103,31,679,0.5257731958762887,0.518888986071833,0.6963527300703684,0.4955242902230521
M0,2027,5103,32,679,0.4845360824742268,0.4818747885389725,0.7382211502372604,0.40531655337029204
M0,2027,5103,33,679,0.5625920471281296,0.5549375254180446,0.6520770846568432,0.5588331122752119
M0,2027,5103,34,679,0.4742268041237113,0.4721944086163846,0.6977940704536367,0.4589805223805391
M0,2027,5103,35,679,0.44477172312223856,0.4351943861549543,0.7431219345471645,0.3756669616709895
M0,2027,5103,36,679,0.5478645066273933,0.5350542452990175,0.6606092334056989,0.5449011936152564
M0,2027,5103,37,679,0.5184094256259205,0.510537550562893,0.7128541663793823,0.4762829415067375
M0,2027,5103,38,679,0.4580265095729013,0.45335496598181957,0.769476922890048,0.3634701074587837
M0,2027,5103,39,679,0.5625920471281296,0.5483848122103859,0.6506970316083863,0.5540143928803617
M0,2027,5103,40,679,0.5419734904270986,0.5325503068001493,0.6844759583692663,0.47623622019310996
M0,2027,5103,41,679,0.4727540500736377,0.4603190539937527,0.7196879441107847,0.40377241764119326
M0,2027,5103,42,679,0.5390279823269514,0.5330444246665051,0.6541206733335978,0.5558033688575535
M0,2027,5103,43,679,0.49779086892488955,0.48977678272434144,0.6948111490709967,0.4680590115985887
M0,2027,5103,44,679,0.44329896907216493,0.4397413359849871,0.7533393898795033,0.330656929757764
M0,2027,5103,45,679,0.6008836524300442,0.585881800355376,0.618523386379756,0.6205498097436377
M0,2027,5103,46,679,0.6067746686303387,0.5937311735548668,0.6202991258062214,0.6230916394656932
M0,2027,5103,47,679,0.6156111929307806,0.601473931777816,0.6276100451711,0.6176659986668083
M0,2027,5103,48,679,0.6008836524300442,0.584768612684698,0.6169428602848559,0.6228176871899362
M0,2027,5103,49,679,0.6156111929307806,0.600892072190353,0.6064688971098814,0.6378736676225137
M0,2027,5103,50,679,0.6244477172312224,0.6064815370221327,0.6162921192017501,0.6357970427063563
M0,2027,5103,51,679,0.593519882179676,0.5761733788192257,0.6193496369385052,0.6174512526500797
M0,2027,5103,52,679,0.6038291605301914,0.5842868916872711,0.6152674529882524,0.6262532055036398
M0,2027,5103,53,679,0.6215022091310751,0.6069648552492665,0.6104470220598802,0.639559662278306
M0,2027,5103,54,679,0.5596465390279823,0.5514641666291881,0.6417562678039337,0.5793276018530243
M0,2027,5103,55,679,0.5154639175257731,0.5124127816946311,0.7092999980753406,0.46738436158738106
M0,2027,5103,56,679,0.49042709867452133,0.48115266225185793,0.7562728896188455,0.42488607752581986
M0,2027,5103,57,679,0.5655375552282769,0.5502097709770977,0.6472618961939931,0.5667573214968386
M0,2027,5103,58,679,0.5375552282768777,0.5289562485352448,0.6764138586522904,0.4851347405906038
M0,2027,5103,59,679,0.47128129602356406,0.4671584918502363,0.7354479646515951,0.36605456529504976
M0,2027,5103,60,679,0.5567010309278351,0.5479366001694634,0.6552954784680888,0.5393508732331752
M0,2027,5103,61,679,0.47717231222385864,0.4764525225595191,0.6893454689384385,0.4759109026261694
M0,2027,5103,62,679,0.4270986745213549,0.4159951893458217,0.7129741351234018,0.40961657637631393
M0,2027,5104,0,679,0.5508100147275405,0.5389638352364489,0.6616733538999122,0.5505083642901694
M0,2027,5104,1,679,0.5110456553755522,0.5031273657065846,0.7116147767593303,0.4720225820114739
M0,2027,5104,2,679,0.4786450662739323,0.4708907674921071,0.7505813311011872,0.3980126771670012
M0,2027,5104,3,679,0.5625920471281296,0.5471569755077712,0.6653512885495033,0.5399700638683816
M0,2027,5104,4,679,0.5272459499263623,0.5183853532910137,0.6995748894862468,0.48015484903148464
M0,2027,5104,5,679,0.45949926362297494,0.45885317843975104,0.7423427185929752,0.37950274858782496
M0,2027,5104,6,679,0.561119293078056,0.5568706136327428,0.6624357102326336,0.5402905837765607
M0,2027,5104,7,679,0.5051546391752577,0.5039030482094881,0.692539921192252,0.46570418247265527
M0,2027,5104,8,679,0.44329896907216493,0.440361488869202,0.7592018135385766,0.32790134658032777
M0,2027,5104,9,679,0.5979381443298969,0.5840418708497567,0.6235482957384196,0.6154008303109392
M0,2027,5104,10,679,0.6023564064801178,0.5881561476531182,0.6292258888614722,0.6204049351619465
M0,2027,5104,11,679,0.6111929307805597,0.597180769040897,0.6271080144287384,0.6284506345623665
M0,2027,5104,12,679,0.5964653902798233,0.5806926650349643,0.6235795051781172,0.6205320929982423
M0,2027,5104,13,679,0.6126656848306333,0.5984735598747426,0.6219872437713775,0.6228782698904174
M0,2027,5104,14,679,0.605301914580265,0.5924749410960096,0.6225201781175274,0.6284542240040116
M0,2027,5104,15,679,0.6023564064801178,0.5855994192870461,0.621252510351004,0.6186161016852035
M0,2027,5104,16,679,0.6097201767304861,0.5925307850404904,0.6189833855330505,0.6279766680081535
M0,2027,5104,17,679,0.6097201767304861,0.593699528264172,0.6205837184533104,0.6301716759224951
M0,2027,5104,18,679,0.5949926362297496,0.5819920254702864,0.6224096027670623,0.6124524273005936
M0,2027,5104,19,679,0.593519882179676,0.5786410459512698,0.6262570562963107,0.6067241508890238
M0,2027,5104,20,679,0.6008836524300442,0.5842249322493225,0.6231141602606767,0.6064614339635659
M0,2027,5104,21,679,0.5979381443298969,0.5855070523871567,0.6211663872574145,0.6132273878640688
M0,2027,5104,22,679,0.5861561119293078,0.5693579920805908,0.62377673962506,0.613240997377729
M0,2027,5104,23,679,0.5876288659793815,0.5700431065015621,0.6241980382462138,0.6109151295819215
M0,2027,5104,24,679,0.593519882179676,0.5798714751932442,0.6218144448147607,0.6142909627368398
M0,2027,5104,25,679,0.5905743740795287,0.5767240419721499,0.6237834501951187,0.6088447663536571
M0,2027,5104,26,679,0.5891016200294551,0.5732627525730974,0.6231332340542451,0.6099995605621528
M0,2027,5104,27,679,0.5655375552282769,0.5546859085224274,0.6492840174547175,0.568080102019342
M0,2027,5104,28,679,0.5346097201767305,0.5240114980592111,0.7233251440112475,0.4858313354225337
M0,2027,5104,29,679,0.48748159057437407,0.4756256384903884,0.7675494384212592,0.4127133101320853
M0,2027,5104,30,679,0.5625920471281296,0.5483138849805517,0.654722998546922,0.5615230191350356
M0,2027,5104,31,679,0.5110456553755522,0.5046989223376557,0.7091862203139093,0.4872746266205017
M0,2027,5104,32,679,0.4653902798232695,0.46203390929018207,0.7308499926539338,0.4293228466237725
M0,2027,5104,33,679,0.5449189985272459,0.5434286302535428,0.6593078796440442,0.552232535607845
M0,2027,5104,34,679,0.4963181148748159,0.48974591861303585,0.6948512961130606,0.47401354706890375
M0,2027,5104,35,679,0.4374079528718704,0.431415234432659,0.7352669895002523,0.3917528985754246
M0,2027,5104,36,679,0.5743740795287187,0.5605028420085703,0.6491006937135828,0.5560200742198806
M0,2027,5104,37,679,0.508100147275405,0.4962848850760602,0.7254541906279913,0.45865216363775957
M0,2027,5104,38,679,0.4727540500736377,0.4689685786246174,0.7506609465789724,0.38951030134841613
M0,2027,5104,39,679,0.5655375552282769,0.5512564838279543,0.662750696508277,0.5549756688627052
M0,2027,5104,40,679,0.5198821796759941,0.5105117818390262,0.6902047679903581,0.5114666057081274
M0,2027,5104,41,679,0.4727540500736377,0.46267989197235904,0.7336904489283007,0.36193979613214916
M0,2027,5104,42,679,0.5463917525773195,0.5404153202408847,0.6491870273766005,0.5667424054825613
M0,2027,5104,43,679,0.5007363770250368,0.4976042590949423,0.700035848151426,0.449037340584832
M0,2027,5104,44,679,0.4329896907216495,0.42878218260132217,0.7513931272702294,0.3331011101242803
M0,2027,5104,45,679,0.6008836524300442,0.5886096319005537,0.6176921187163452,0.6217299302250024
M0,2027,5104,46,679,0.605301914580265,0.5916184359924418,0.6235364038217401,0.6189152758651404
M0,2027,5104,47,679,0.614138438880707,0.598748069057486,0.6204863436882204,0.6293399730199867
M0,2027,5104,48,679,0.605301914580265,0.591049374821157,0.6175243607852525,0.6201971523660571
M0,2027,5104,49,679,0.6008836524300442,0.5830880529513599,0.6158380974111571,0.62824214506393
M0,2027,5104,50,679,0.6244477172312224,0.6067509164824624,0.6150798946838492,0.6381338480856599
M0,2027,5104,51,679,0.5920471281296024,0.5776217000290108,0.6217940050741008,0.618141810859096
M0,2027,5104,52,679,0.6008836524300442,0.5852412022233877,0.6181233420814436,0.6267431965869623
M0,2027,5104,53,679,0.6200294550810015,0.6040868478138083,0.6116246754448965,0.6358049163270582
M0,2027,5104,54,679,0.5714285714285714,0.5565368088054113,0.6457476762942257,0.5659216325546776
M0,2027,5104,55,679,0.5110456553755522,0.5019460808270746,0.703752244980416,0.483082511667833
M0,2027,5104,56,679,0.5022091310751104,0.49078391947551847,0.748198372252911,0.4361211028514889
M0,2027,5104,57,679,0.5552282768777614,0.5408835935582756,0.657901440260161,0.5402218723739565
M0,2027,5104,58,679,0.5419734904270986,0.5316752345291279,0.6650940806375863,0.5225175465901469
M0,2027,5104,59,679,0.4742268041237113,0.4680231173395736,0.7181408260681492,0.41486398665875646
M0,2027,5104,60,679,0.5434462444771723,0.5376115281266737,0.661928803935669,0.5432135489912464
M0,2027,5104,61,679,0.4801178203240059,0.47540380232275437,0.6819425778071203,0.4939903690968868
M0,2027,5104,62,679,0.4491899852724595,0.43946956868159304,0.7242990540606635,0.3852438065031724
M0,2027,5105,0,679,0.5522827687776142,0.5418512218512219,0.6565395365187978,0.5568534214805464
M0,2027,5105,1,679,0.5022091310751104,0.49442036836403036,0.7206451158328682,0.44186925816371303
M0,2027,5105,2,679,0.47569955817378495,0.46990154381795246,0.7516859274505691,0.400895801162556
M0,2027,5105,3,679,0.5581737849779087,0.543181315919564,0.6618930782810051,0.5371034727245267
M0,2027,5105,4,679,0.5360824742268041,0.5270372510055947,0.6905517388733217,0.49753187958230494
M0,2027,5105,5,679,0.4491899852724595,0.45014356521205834,0.7522286512231967,0.37216211984061215
M0,2027,5105,6,679,0.5596465390279823,0.5544396462122766,0.6459029371108153,0.568827599457929
M0,2027,5105,7,679,0.4948453608247423,0.49194227085779796,0.7095604000588405,0.42999048819180247
M0,2027,5105,8,679,0.4477172312223859,0.44425438379030524,0.7557614930028943,0.3479858502498342
M0,2027,5105,9,679,0.6082474226804123,0.595496569146015,0.6162847182185379,0.6233584735137584
M0,2027,5105,10,679,0.6038291605301914,0.588947089698581,0.6289560837405068,0.6211826012580409
M0,2027,5105,11,679,0.6156111929307806,0.6023515157881836,0.6243055379443386,0.626775953817776
M0,2027,5105,12,679,0.5920471281296024,0.5762428534873861,0.6271895605176467,0.6164824741877128
M0,2027,5105,13,679,0.5964653902798233,0.5818191966699083,0.6202883370582766,0.6296494493674198
M0,2027,5105,14,679,0.605301914580265,0.5898986504502413,0.6198607620855845,0.636153342865597
M0,2027,5105,15,679,0.5979381443298969,0.5827293080467981,0.622397943826417,0.6199078739152233
M0,2027,5105,16,679,0.5949926362297496,0.5782181548493612,0.6224422240643508,0.6266994211115171
M0,2027,5105,17,679,0.6097201767304861,0.5947177810781373,0.6175997128191683,0.631695363669874
M0,2027,5105,18,679,0.5949926362297496,0.5823047131995214,0.6234236309559953,0.610381191864379
M0,2027,5105,19,679,0.5949926362297496,0.5799553388919636,0.6252653907781497,0.6079556021456106
M0,2027,5105,20,679,0.6023564064801178,0.5865648353453231,0.6228592280347849,0.6068755174540141
M0,2027,5105,21,679,0.5979381443298969,0.5841031999332478,0.6223933132741167,0.6126485429307743
M0,2027,5105,22,679,0.5905743740795287,0.5744823123382227,0.6237876215546402,0.6114404451594713
M0,2027,5105,23,679,0.5949926362297496,0.5777656295937675,0.6255255349430314,0.6055513045767321
M0,2027,5105,24,679,0.5891016200294551,0.5754495289664451,0.6231401603070906,0.6135763921561689
M0,2027,5105,25,679,0.5905743740795287,0.5743459357021024,0.6228733473568496,0.6148878559855209
M0,2027,5105,26,679,0.5979381443298969,0.5820988429521531,0.6193496770992195,0.6153209835303121
M0,2027,5105,27,679,0.5714285714285714,0.5583482897874209,0.6409361723684246,0.582338445271318
M0,2027,5105,28,679,0.5316642120765832,0.5216790600180174,0.7113044154617677,0.4838609212150892
M0,2027,5105,29,679,0.4963181148748159,0.48385675058348876,0.7642089698864188,0.4181033679836245
M0,2027,5105,30,679,0.5640648011782032,0.5481065246249004,0.6469061665884349,0.5672079937452237
M0,2027,5105,31,679,0.524300441826215,0.5130457919653602,0.6969802977190804,0.4982454534261351
M0,2027,5105,32,679,0.48306332842415317,0.482365235920567,0.7239918874930563,0.42056841319415245
M0,2027,5105,33,679,0.5508100147275405,0.5448265822324125,0.6593639073078692,0.5438583064393208
M0,2027,5105,34,679,0.48159057437407954,0.4754954831956675,0.694722482443558,0.45976820518242434
M0,2027,5105,35,679,0.44624447717231225,0.4381196881791537,0.7313378888438833,0.40059810972131227
M0,2027,5105,36,679,0.5331369661266568,0.5181996287886206,0.6670416382872479,0.5448131123119689
M0,2027,5105,37,679,0.5301914580265096,0.5230199269553808,0.7089884746188795,0.47612426409129655
M0,2027,5105,38,679,0.47128129602356406,0.46842105263157896,0.7517811715910115,0.3886879878550772
M0,2027,5105,39,679,0.5714285714285714,0.5567525626537793,0.6551516310192523,0.5450811716060238
M0,2027,5105,40,679,0.5463917525773195,0.5365158756210325,0.6788454773192553,0.4996826009453912
M0,2027,5105,41,679,0.45066273932253315,0.44231734396837075,0.7451683738665307,0.3518961518862821
M0,2027,5105,42,679,0.5581737849779087,0.5531744561950712,0.6472023441312239,0.572265959091775
M0,2027,5105,43,679,0.49042709867452133,0.48423876679467737,0.691516322375924,0.4610857422912803
M0,2027,5105,44,679,0.4491899852724595,0.4462319419322428,0.7493736019059029,0.3328014640307103
M0,2027,5105,45,679,0.6008836524300442,0.5854087534346208,0.6197595252643102,0.621505401005107
M0,2027,5105,46,679,0.605301914580265,0.5902827262619065,0.6239426243112084,0.6178121746380117
M0,2027,5105,47,679,0.6170839469808542,0.6031267599051258,0.6212628464460022,0.6273631539747081
M0,2027,5105,48,679,0.5964653902798233,0.5807375872274867,0.6170873275473824,0.623579188909349
M0,2027,5105,49,679,0.6185567010309279,0.5996515835788617,0.6138614102737191,0.6358224220019035
M0,2027,5105,50,679,0.6273932253313697,0.6103464849319835,0.61177524946224,0.6384109481101362
M0,2027,5105,51,679,0.6038291605301914,0.5891189198949252,0.6159077236683976,0.6239265942817591
M0,2027,5105,52,679,0.6082474226804123,0.5925326405909189,0.6147215750414071,0.6280805698998008
M0,2027,5105,53,679,0.6288659793814433,0.6151466578066983,0.6113098346695458,0.6355805991053208
M0,2027,5105,54,679,0.5552282768777614,0.5420761993541815,0.6668280840183393,0.5473119732759033
M0,2027,5105,55,679,0.5154639175257731,0.5054867418757008,0.7261817502036186,0.4658075099151484
M0,2027,5105,56,679,0.4889543446244477,0.48131647724854215,0.7633384036693025,0.4103764178163483
M0,2027,5105,57,679,0.5463917525773195,0.5329054141621665,0.6596970171921384,0.545299652286833
M0,2027,5105,58,679,0.5493372606774669,0.5344691059877011,0.687360494999717,0.4977266049154145
M0,2027,5105,59,679,0.47128129602356406,0.46826953644078967,0.7255793713110009,0.40029729248205786
M0,2027,5105,60,679,0.5787923416789397,0.5729418890093739,0.6554137538125483,0.5454576339944964
M0,2027,5105,61,679,0.47569955817378495,0.4717229437229437,0.6963951155565273,0.47495689596926555
M0,2027,5105,62,679,0.4418262150220913,0.42820061496491846,0.7108154323868267,0.39744298002183276
M0,2028,5101,0,679,0.5493372606774669,0.5293422846048785,0.6460412135882652,0.5697816696606569
M0,2028,5101,1,679,0.5213549337260678,0.5003726931924323,0.6898156709321644,0.48225527101845184
M0,2028,5101,2,679,0.46686303387334316,0.45494839118485525,0.7369791358182638,0.3911578689832891
M0,2028,5101,3,679,0.5434462444771723,0.5249778431755501,0.6510419280478108,0.5555277896755904
M0,2028,5101,4,679,0.5125184094256259,0.49807030621724946,0.693678706204066,0.4753547493582534
M0,2028,5101,5,679,0.44329896907216493,0.4352041900857243,0.7472541527781466,0.37499162556548443
M0,2028,5101,6,679,0.524300441826215,0.5095539118938059,0.6602687833279327,0.5562297137922458
M0,2028,5101,7,679,0.4963181148748159,0.4924188618589608,0.6946204075801004,0.4911330042111717
M0,2028,5101,8,679,0.4580265095729013,0.45404624715800046,0.7549998312749638,0.36605144580591703
M0,2028,5101,9,679,0.5979381443298969,0.5751686030647803,0.6235554080034039,0.6194067964242091
M0,2028,5101,10,679,0.6038291605301914,0.5802260458020682,0.6186046661789885,0.6264419867601407
M0,2028,5101,11,679,0.6067746686303387,0.5791439083033743,0.6131410894583532,0.634800459994578
M0,2028,5101,12,679,0.6082474226804123,0.584300726653924,0.6221101883584866,0.6205327148132566
M0,2028,5101,13,679,0.6067746686303387,0.5845904537720783,0.6138290925738737,0.6305777579263322
M0,2028,5101,14,679,0.6038291605301914,0.5775313907103621,0.6107519613537767,0.6419702424673627
M0,2028,5101,15,679,0.5964653902798233,0.574179308159168,0.6229803857115126,0.6210974837564558
M0,2028,5101,16,679,0.5876288659793815,0.5624238138108943,0.6216920183667027,0.6297727832605854
M0,2028,5101,17,679,0.5949926362297496,0.5697118756777955,0.6138493783870748,0.6377865723853079
M0,2028,5101,18,679,0.5905743740795287,0.5671538882015033,0.625451403312023,0.6158065640052441
M0,2028,5101,19,679,0.5876288659793815,0.5636626649582491,0.6259486443515379,0.617569053036956
M0,2028,5101,20,679,0.5876288659793815,0.5607297464440322,0.6243043408478132,0.6204064425510494
M0,2028,5101,21,679,0.5964653902798233,0.5736641993349533,0.6235412775329006,0.6170924048895996
M0,2028,5101,22,679,0.5787923416789397,0.554648261886759,0.6267993882057067,0.6168884062492461
M0,2028,5101,23,679,0.5817378497790869,0.556450894725247,0.623914826293757,0.6148826751541774
M0,2028,5101,24,679,0.5949926362297496,0.5730742201330437,0.6247972508066708,0.6164248576229774
M0,2028,5101,25,679,0.5964653902798233,0.5690605307584996,0.620240830488514,0.6209573075922001
M0,2028,5101,26,679,0.5861561119293078,0.557148369219993,0.6219566526311135,0.6187639414903177
M0,2028,5101,27,679,0.5581737849779087,0.5364536159840635,0.6459756610758701,0.5800072546643729
M0,2028,5101,28,679,0.5125184094256259,0.4955584222146574,0.6906858372100148,0.48870359129964364
M0,2028,5101,29,679,0.49042709867452133,0.47401403743315507,0.7213767877339614,0.42141747330584584
M0,2028,5101,30,679,0.5670103092783505,0.5460613595638277,0.6291630331081214,0.5764967729246198
M0,2028,5101,31,679,0.5169366715758469,0.50049040495035,0.6723935918139077,0.5188508510924353
M0,2028,5101,32,679,0.4536082474226804,0.4443848751782644,0.7303640225542838,0.42014930005332396
M0,2028,5101,33,679,0.5360824742268041,0.5238707619326413,0.6511630287094917,0.5738913378877404
M0,2028,5101,34,679,0.4801178203240059,0.47674992642705905,0.7009692886660481,0.500752247592317
M0,2028,5101,35,679,0.4801178203240059,0.47494059358966545,0.7285349104822296,0.4231702870144952
M0,2028,5101,36,679,0.5567010309278351,0.5287346240599189,0.652414020364871,0.560486504733766
M0,2028,5101,37,679,0.5213549337260678,0.4943994149165767,0.6955918400426325,0.4755857380214656
M0,2028,5101,38,679,0.47569955817378495,0.4547103915472339,0.7394107081797057,0.37543005701759985
M0,2028,5101,39,679,0.5640648011782032,0.5388808237893684,0.6391490248631307,0.5665244221593353
M0,2028,5101,40,679,0.5036818851251841,0.4832979877397099,0.6851136480541749,0.48424867283595785
M0,2028,5101,41,679,0.47717231222385864,0.4585223636122794,0.7339025652680727,0.3705459274032645
M0,2028,5101,42,679,0.5493372606774669,0.5308736190318665,0.642703859505843,0.5735629142354987
M0,2028,5101,43,679,0.49779086892488955,0.4923680480359486,0.6903425059850508,0.4902735008425481
M0,2028,5101,44,679,0.4477172312223859,0.43965881620238545,0.7479174219412024,0.34593530537156075
M0,2028,5101,45,679,0.593519882179676,0.5697475340754414,0.6242522016628501,0.6239551763085316
M0,2028,5101,46,679,0.5905743740795287,0.5659967283725418,0.6262591987277693,0.6240714549440957
M0,2028,5101,47,679,0.6215022091310751,0.5941740387372894,0.6120992823008761,0.6400648281858384
M0,2028,5101,48,679,0.5964653902798233,0.5741875470890672,0.6205529431882417,0.626753019884122
M0,2028,5101,49,679,0.5994108983799705,0.5721997990364517,0.6093961895390007,0.6405005252338554
M0,2028,5101,50,679,0.6111929307805597,0.5848149894536477,0.6107075342988055,0.6397538847869896
M0,2028,5101,51,679,0.5964653902798233,0.5735530416175019,0.621591660691993,0.6259653554090953
M0,2028,5101,52,679,0.6038291605301914,0.5757236861275492,0.6158874100718829,0.6316625386485119
M0,2028,5101,53,679,0.6067746686303387,0.5768444823744459,0.6097118372594134,0.6483700669340529
M0,2028,5101,54,679,0.561119293078056,0.5325811081602696,0.6444022579993696,0.5821687919713284
M0,2028,5101,55,679,0.5287187039764359,0.504903484315249,0.684673414424347,0.4929393085285018
M0,2028,5101,56,679,0.5051546391752577,0.4815463808160774,0.7250870633678338,0.4035311280574129
M0,2028,5101,57,679,0.5714285714285714,0.5472825868840813,0.6337864984688246,0.5611679601007341
M0,2028,5101,58,679,0.5272459499263623,0.4998793118749465,0.6604560888173479,0.5187639888643326
M0,2028,5101,59,679,0.48600883652430044,0.46858277844849505,0.7080181630572444,0.38803257144741327
M0,2028,5101,60,679,0.5434462444771723,0.5288776753896942,0.6417990195865309,0.5860275167564609
M0,2028,5101,61,679,0.5346097201767305,0.5287736080025875,0.6613594728339579,0.5360269097481657
M0,2028,5101,62,679,0.48159057437407954,0.4744008935486955,0.6955770378567508,0.44017947329753054
M0,2028,5102,0,679,0.5463917525773195,0.5269318700244441,0.6524612612594385,0.5592042507056908
M0,2028,5102,1,679,0.5184094256259205,0.4957169861706978,0.6889992650592801,0.4780018941044292
M0,2028,5102,2,679,0.4639175257731959,0.4509036410120779,0.7366629942307943,0.3892216583613072
M0,2028,5102,3,679,0.5360824742268041,0.5137638609795734,0.6553990094537061,0.5572654777331773
M0,2028,5102,4,679,0.5198821796759941,0.5026469911791047,0.6873616637862308,0.4929195672515451
M0,2028,5102,5,679,0.4580265095729013,0.44963563854211464,0.7503154460170659,0.36702195866607806
M0,2028,5102,6,679,0.5508100147275405,0.5364587183606512,0.6471399793700371,0.5732768052789863
M0,2028,5102,7,679,0.49042709867452133,0.4859883080680609,0.7019710711728842,0.48027429191200854
M0,2028,5102,8,679,0.4521354933726068,0.44904666131642135,0.7540908022420221,0.3653398296924965
M0,2028,5102,9,679,0.5949926362297496,0.5731854652228208,0.6266085043747049,0.6182334859040339
M0,2028,5102,10,679,0.5964653902798233,0.573068112536509,0.621512697441764,0.6260055017354482
M0,2028,5102,11,679,0.6170839469808542,0.5906227886232172,0.6061693946549749,0.639546613969715
M0,2028,5102,12,679,0.5994108983799705,0.5752287581699347,0.6210036900152338,0.6250537609346047
M0,2028,5102,13,679,0.6008836524300442,0.5794869688578098,0.6155962947542081,0.6324291526172646
M0,2028,5102,14,679,0.6008836524300442,0.5737040884786961,0.6098966306193412,0.6391194653445994
M0,2028,5102,15,679,0.5920471281296024,0.5711291247031851,0.6228184396722004,0.6177564475124958
M0,2028,5102,16,679,0.5964653902798233,0.572135891301852,0.617309111821985,0.6293434702022824
M0,2028,5102,17,679,0.6038291605301914,0.576427035304947,0.6101028128295303,0.6396246509670132
M0,2028,5102,18,679,0.5994108983799705,0.5778087897295916,0.6244983961901713,0.6161112318192125
M0,2028,5102,19,679,0.5905743740795287,0.5666290012703108,0.6271470079804731,0.6158001666215079
M0,2028,5102,20,679,0.5846833578792342,0.5587235720338652,0.6256140056608,0.6180509807136391
M0,2028,5102,21,679,0.5994108983799705,0.5762831939302527,0.6236466734679704,0.6165399374953588
M0,2028,5102,22,679,0.5861561119293078,0.5607530081112929,0.6235143673086377,0.615425212799359
M0,2028,5102,23,679,0.5758468335787923,0.5505439565396881,0.6264569677730724,0.6149722520371492
M0,2028,5102,24,679,0.593519882179676,0.571822208366202,0.626846786407378,0.6130774522708834
M0,2028,5102,25,679,0.5920471281296024,0.5639658841052557,0.6204223647296692,0.6210319932084225
M0,2028,5102,26,679,0.5787923416789397,0.5472055226250437,0.6228474784143192,0.6209100452944857
M0,2028,5102,27,679,0.5552282768777614,0.5309779095091426,0.6511167444958076,0.569358752411722
M0,2028,5102,28,679,0.5331369661266568,0.5137607153111029,0.6811538977062931,0.4920206194589187
M0,2028,5102,29,679,0.4786450662739323,0.46478585028203345,0.7235090681879791,0.42208459695315226
M0,2028,5102,30,679,0.5684830633284241,0.5434858654371887,0.6317893364336424,0.5873990781211246
M0,2028,5102,31,679,0.5375552282768777,0.5203099245357986,0.6713039565814963,0.5194383944103336
M0,2028,5102,32,679,0.45508100147275404,0.44868634762519655,0.7299773767261336,0.4154706832319002
M0,2028,5102,33,679,0.5390279823269514,0.5255871301968508,0.6387128413645262,0.5893373573523304
M0,2028,5102,34,679,0.5139911634756995,0.5124360333616059,0.6728148037493668,0.5335956001459113
M0,2028,5102,35,679,0.48748159057437407,0.48192926195685215,0.7191036279492947,0.4421419338393685
M0,2028,5102,36,679,0.5773195876288659,0.555625012897423,0.6327631964248129,0.5840023574572335
M0,2028,5102,37,679,0.5154639175257731,0.49004235952132247,0.689361727048968,0.47803536811301406
M0,2028,5102,38,679,0.47717231222385864,0.4585918869875627,0.7346097401429698,0.38237281067059653
M0,2028,5102,39,679,0.5463917525773195,0.5233853681941114,0.6442477969296375,0.5610372274649504
M0,2028,5102,40,679,0.5198821796759941,0.5016528093193848,0.6788500521732536,0.4749268676101728
M0,2028,5102,41,679,0.49042709867452133,0.47980972675658096,0.7233619740636078,0.3828798708595217
M0,2028,5102,42,679,0.5493372606774669,0.5337857497431966,0.6377049885767022,0.5836379722149128
M0,2028,5102,43,679,0.5022091310751104,0.49437867210339903,0.6824992922997439,0.4982250303605038
M0,2028,5102,44,679,0.44329896907216493,0.43434560981569814,0.737183173973009,0.3723995582887497
M0,2028,5102,45,679,0.6023564064801178,0.5787649585471669,0.6182134342825641,0.6262791074182757
M0,2028,5102,46,679,0.5949926362297496,0.5722467401883691,0.6178364792347657,0.6293662702673264
M0,2028,5102,47,679,0.6215022091310751,0.5931457325655194,0.6111164550366914,0.6396583300535064
M0,2028,5102,48,679,0.6023564064801178,0.5775842224145826,0.6206703541995148,0.6217337051399955
M0,2028,5102,49,679,0.6023564064801178,0.5762972295196105,0.6092372453704322,0.6369438429949219
M0,2028,5102,50,679,0.6170839469808542,0.5867372629430909,0.608343640948606,0.6426343415374558
M0,2028,5102,51,679,0.5994108983799705,0.5775653923541247,0.6195560020884288,0.6228956090765511
M0,2028,5102,52,679,0.6038291605301914,0.5763389534442166,0.6104404099384358,0.6393540042929831
M0,2028,5102,53,679,0.6156111929307806,0.5825471744198527,0.6087630380148038,0.6445922684513766
M0,2028,5102,54,679,0.5537555228276878,0.5302926296280379,0.6437944223849166,0.5693451528724642
M0,2028,5102,55,679,0.5331369661266568,0.504821983040677,0.6914104170142639,0.4769860404204796
M0,2028,5102,56,679,0.49779086892488955,0.4744588046474839,0.7261995439896352,0.40345074895562816
M0,2028,5102,57,679,0.5670103092783505,0.5422368440008414,0.6262950235113656,0.5922201870244861
M0,2028,5102,58,679,0.5360824742268041,0.5122417492381872,0.6626703901784234,0.5231128729747703
M0,2028,5102,59,679,0.47717231222385864,0.46239689271534123,0.7147573898704133,0.37270862400711186
M0,2028,5102,60,679,0.5434462444771723,0.527318130575049,0.644048399290561,0.5664021679592544
M0,2028,5102,61,679,0.508100147275405,0.4998543502335211,0.6809625221589177,0.512424145104641
M0,2028,5102,62,679,0.4698085419734904,0.46325687553209083,0.6974020124315689,0.4415732614858636
M0,2028,5103,0,679,0.5625920471281296,0.5358621682490184,0.643789539632109,0.5777569770755138
M0,2028,5103,1,679,0.5198821796759941,0.49783054822632655,0.6872047815521265,0.473700873704116
M0,2028,5103,2,679,0.4653902798232695,0.45395514068724874,0.7375399110638516,0.3831450897855179
M0,2028,5103,3,679,0.5463917525773195,0.5269811744823201,0.6553087659147245,0.5492036530808113
M0,2028,5103,4,679,0.5095729013254786,0.4927487809411121,0.6870036489701938,0.4940076155792441
M0,2028,5103,5,679,0.4580265095729013,0.4519120384835472,0.7428904525793002,0.37641194940030387
M0,2028,5103,6,679,0.5272459499263623,0.5132736431642182,0.6596594590457795,0.5596484439454154
M0,2028,5103,7,679,0.4801178203240059,0.47716872163506796,0.7017619283938443,0.4877850089651265
M0,2028,5103,8,679,0.45508100147275404,0.45109290009934233,0.7522868625764819,0.36380087592534605
M0,2028,5103,9,679,0.6008836524300442,0.5780487791819237,0.6234712991342277,0.6197998538186795
M0,2028,5103,10,679,0.5994108983799705,0.5752664829578522,0.6185727337586511,0.6276171785375712
M0,2028,5103,11,679,0.6082474226804123,0.5817420076650242,0.6094059066761927,0.6397744766274601
M0,2028,5103,12,679,0.6023564064801178,0.578897162797329,0.6203557761147377,0.6208629209771626
M0,2028,5103,13,679,0.5994108983799705,0.5752833995396924,0.6147236658125809,0.6332274282274036
M0,2028,5103,14,679,0.6111929307805597,0.5831338769678922,0.6086163622202333,0.6415059550600665
M0,2028,5103,15,679,0.593519882179676,0.5676197510467386,0.6243852397127952,0.6191215386531577
M0,2028,5103,16,679,0.5949926362297496,0.571252282673788,0.6195173411025214,0.6303104428628861
M0,2028,5103,17,679,0.6023564064801178,0.575695410490579,0.6109389103126105,0.6410193710901013
M0,2028,5103,18,679,0.5964653902798233,0.5737935870608505,0.6251494780029219,0.6160148245555903
M0,2028,5103,19,679,0.593519882179676,0.570943152877029,0.6249272728089205,0.6167863550950706
M0,2028,5103,20,679,0.5876288659793815,0.5617583382360158,0.6247536193288654,0.6181585923699703
M0,2028,5103,21,679,0.5964653902798233,0.5741798197296025,0.6244770916993558,0.6155862886927228
M0,2028,5103,22,679,0.5979381443298969,0.572979228140006,0.621354234236154,0.6190426168161031
M0,2028,5103,23,679,0.5817378497790869,0.5557060948053004,0.6232482762856406,0.6158789631775774
M0,2028,5103,24,679,0.5949926362297496,0.5715014651522006,0.6261414416759811,0.6145073575449971
M0,2028,5103,25,679,0.5949926362297496,0.567158859660191,0.6202619295671516,0.6197378890438795
M0,2028,5103,26,679,0.5817378497790869,0.5530761509022379,0.6234660884680909,0.618688178732671
M0,2028,5103,27,679,0.5537555228276878,0.5295147898519941,0.6477495883982382,0.5765308911130225
M0,2028,5103,28,679,0.5375552282768777,0.5127625314487778,0.6760548690281841,0.5062918440065456
M0,2028,5103,29,679,0.48600883652430044,0.46832937433329835,0.7232969772174889,0.41967582455305275
M0,2028,5103,30,679,0.5640648011782032,0.5396850059260669,0.6325053057149163,0.587800976560313
M0,2028,5103,31,679,0.5449189985272459,0.5301366190353954,0.6531630402680525,0.5431366811493251
M0,2028,5103,32,679,0.45066273932253315,0.44198260914775345,0.7369430080297593,0.41913838854125385
M0,2028,5103,33,679,0.5493372606774669,0.5353973140788714,0.6396116486836955,0.5760584790042601
M0,2028,5103,34,679,0.5036818851251841,0.49999066833488237,0.694804850949279,0.4918702630260571
M0,2028,5103,35,679,0.4801178203240059,0.47543196212260963,0.727944664646143,0.42813420395235924
M0,2028,5103,36,679,0.5581737849779087,0.5322072053938073,0.6464652773733518,0.5642139594990353
M0,2028,5103,37,679,0.5375552282768777,0.5134118100633622,0.6825856291010032,0.4835438349784205
M0,2028,5103,38,679,0.46686303387334316,0.4457725482109366,0.7464295252828429,0.3654851242796659
M0,2028,5103,39,679,0.5478645066273933,0.5261501798503696,0.6405021688504493,0.5657907619230674
M0,2028,5103,40,679,0.5316642120765832,0.510595257705507,0.67440466903183,0.48729521242305673
M0,2028,5103,41,679,0.46686303387334316,0.4511151956151711,0.7280250661108034,0.37439613395505356
M0,2028,5103,42,679,0.540500736377025,0.5250652327938814,0.6493212023478369,0.574882208379271
M0,2028,5103,43,679,0.5066273932253313,0.4975596718261017,0.6887046500974622,0.48786042892714687
M0,2028,5103,44,679,0.4418262150220913,0.4345749592878788,0.7448780470156002,0.3551611817737788
M0,2028,5103,45,679,0.5994108983799705,0.5757070299919914,0.6247056181897822,0.6209551738043695
M0,2028,5103,46,679,0.5979381443298969,0.574759584244777,0.616653620055568,0.6302838102723209
M0,2028,5103,47,679,0.605301914580265,0.5774645354563698,0.61797193438912,0.6348113836337216
M0,2028,5103,48,679,0.5949926362297496,0.5659906757486053,0.621315196046773,0.624369772461683
M0,2028,5103,49,679,0.605301914580265,0.5794538894555895,0.6073547850564583,0.6396172868453887
M0,2028,5103,50,679,0.6200294550810015,0.5921031882824711,0.6079589744291881,0.6435057504469079
M0,2028,5103,51,679,0.5949926362297496,0.5721514937610391,0.6260470579843282,0.623849544273789
M0,2028,5103,52,679,0.5949926362297496,0.566200230466983,0.6173654122275352,0.631961042757842
M0,2028,5103,53,679,0.6170839469808542,0.5869080423245292,0.6096594174322569,0.6437082714135228
M0,2028,5103,54,679,0.5699558173784978,0.546818021437177,0.6348248774594516,0.5955852010471135
M0,2028,5103,55,679,0.5316642120765832,0.5139546901887939,0.675009532885102,0.5047303969652521
M0,2028,5103,56,679,0.508100147275405,0.4860166183151624,0.7225520573282102,0.4075552048698066
M0,2028,5103,57,679,0.5581737849779087,0.5346268842624097,0.6335123615649382,0.5794185662685482
M0,2028,5103,58,679,0.5434462444771723,0.5261731653462258,0.6598777546491117,0.5034257348459777
M0,2028,5103,59,679,0.49337260677466865,0.48034041913636494,0.6971265020751461,0.413142515895875
M0,2028,5103,60,679,0.5567010309278351,0.5411928529578153,0.645025968880822,0.5662661838226514
M0,2028,5103,61,679,0.5390279823269514,0.5320557211702821,0.6617040945126487,0.5307375108418381
M0,2028,5103,62,679,0.46686303387334316,0.4581416290394619,0.6897328504099235,0.465127581551398
M0,2028,5104,0,679,0.5346097201767305,0.5173967468833639,0.6556844380361869,0.5597231581657731
M0,2028,5104,1,679,0.524300441826215,0.5054185388596104,0.6887811048173061,0.4817084261812166
M0,2028,5104,2,679,0.47717231222385864,0.46400222865276697,0.7330650564540995,0.38726339041776087
M0,2028,5104,3,679,0.5567010309278351,0.5337169524534486,0.647295239901332,0.5606080252327592
M0,2028,5104,4,679,0.524300441826215,0.5089536167800617,0.682064963655549,0.4892823450433216
M0,2028,5104,5,679,0.46097201767304863,0.45476051925695316,0.7407796688608288,0.3684516820034295
M0,2028,5104,6,679,0.5346097201767305,0.522776572175842,0.6598689771848505,0.5511447343835155
M0,2028,5104,7,679,0.47717231222385864,0.4734986569961939,0.7100734529202044,0.4583221689196994
M0,2028,5104,8,679,0.45508100147275404,0.45204123773267557,0.7563169986360729,0.3485988686219626
M0,2028,5104,9,679,0.5979381443298969,0.5749006653251847,0.6241042277774334,0.6180064595032773
M0,2028,5104,10,679,0.5949926362297496,0.5714222007194093,0.6225003047526673,0.6259324243352457
M0,2028,5104,11,679,0.6126656848306333,0.58521177368205,0.6095869157556582,0.6366661222558487
M0,2028,5104,12,679,0.5891016200294551,0.5655238963514625,0.6224447849572846,0.6235435233495037
M0,2028,5104,13,679,0.5949926362297496,0.5722148207753952,0.6180818488215136,0.6284994611601437
M0,2028,5104,14,679,0.6023564064801178,0.5752356087620988,0.6116399752286116,0.6387626519839004
M0,2028,5104,15,679,0.5964653902798233,0.5759362920290351,0.6252018003909683,0.6175451381269383
M0,2028,5104,16,679,0.6008836524300442,0.5770486676004791,0.6181682981605557,0.629801365757901
M0,2028,5104,17,679,0.605301914580265,0.5789321635737473,0.6100088974161949,0.6389219145870181
M0,2028,5104,18,679,0.5994108983799705,0.5766744939242118,0.6227758847209948,0.6174535203419301
M0,2028,5104,19,679,0.5949926362297496,0.5712643558113365,0.6234763263339322,0.6187075789561007
M0,2028,5104,20,679,0.5832106038291606,0.557132508034853,0.6267519387387738,0.6171968921020042
M0,2028,5104,21,679,0.5964653902798233,0.5737889397650076,0.624353647714862,0.6157334692424039
M0,2028,5104,22,679,0.5832106038291606,0.5571254325288872,0.6235304541106779,0.6168125900035812
M0,2028,5104,23,679,0.5832106038291606,0.5568113943755748,0.6236760329691055,0.6163215548361778
M0,2028,5104,24,679,0.6008836524300442,0.5785590484007554,0.6231212477269685,0.6167415443673672
M0,2028,5104,25,679,0.5949926362297496,0.5680071185575196,0.6194625349827824,0.6239684003195727
M0,2028,5104,26,679,0.5773195876288659,0.5475702397727856,0.6242871529399383,0.6193075697404042
M0,2028,5104,27,679,0.5596465390279823,0.5383921370107101,0.643495902967734,0.5766256962107297
M0,2028,5104,28,679,0.524300441826215,0.5009782146525215,0.6897415170042785,0.4957796449289271
M0,2028,5104,29,679,0.49042709867452133,0.47493275513929556,0.7226214623284445,0.4244329090685472
M0,2028,5104,30,679,0.5655375552282769,0.5408099719316657,0.6466607506522725,0.5659094267861574
M0,2028,5104,31,679,0.5375552282768777,0.5164103547360076,0.6760947588222191,0.502956888290608
M0,2028,5104,32,679,0.4698085419734904,0.4642932754794934,0.7155391304192733,0.4583495322071874
M0,2028,5104,33,679,0.5478645066273933,0.5346815564047558,0.6430282864242309,0.582966887520733
M0,2028,5104,34,679,0.5036818851251841,0.49900057617636706,0.6875564492635418,0.5194536834478649
M0,2028,5104,35,679,0.47717231222385864,0.4700080827132702,0.7287867838223308,0.4234198457416644
M0,2028,5104,36,679,0.5552282768777614,0.5317188527861705,0.6435391322239158,0.5678321646551053
M0,2028,5104,37,679,0.5301914580265096,0.5041155029294393,0.6900036106975159,0.4769310311803106
M0,2028,5104,38,679,0.47569955817378495,0.4543792978646398,0.7347293040757678,0.38197954561691466
M0,2028,5104,39,679,0.5655375552282769,0.54015559300357,0.6434705973066532,0.5634299974952732
M0,2028,5104,40,679,0.5287187039764359,0.5038702712424681,0.676744188339791,0.5068012855683621
M0,2028,5104,41,679,0.47717231222385864,0.4600826633044991,0.7315822957585592,0.3536563300810326
M0,2028,5104,42,679,0.5463917525773195,0.5303043508895455,0.6490469004997274,0.5753591779981407
M0,2028,5104,43,679,0.48159057437407954,0.4742614829758809,0.6954256323590019,0.4843462471382562
M0,2028,5104,44,679,0.44477172312223856,0.4359363584114835,0.7423388097484613,0.3585807260300138
M0,2028,5104,45,679,0.6008836524300442,0.5756585903266295,0.6182325582879984,0.629394669317809
M0,2028,5104,46,679,0.5832106038291606,0.5597423161101346,0.6207930375444696,0.6265649124379246
M0,2028,5104,47,679,0.6082474226804123,0.5807830969650417,0.6134029288442918,0.6406463158379674
M0,2028,5104,48,679,0.6023564064801178,0.5760627256780333,0.6188911244339023,0.6273157023674106
M0,2028,5104,49,679,0.6023564064801178,0.5797697590287572,0.6122370135362791,0.6349227682425993
M0,2028,5104,50,679,0.614138438880707,0.5870209086362632,0.6071760336236153,0.6421755064586285
M0,2028,5104,51,679,0.5979381443298969,0.5745068103595441,0.6208537344289985,0.6252884799319843
M0,2028,5104,52,679,0.6082474226804123,0.5785163222791134,0.6121093043083646,0.6346289841590651
M0,2028,5104,53,679,0.614138438880707,0.584296864162994,0.6113677253954891,0.6450623005193966
M0,2028,5104,54,679,0.5625920471281296,0.5367001305940485,0.6405390189392752,0.5698920633688825
M0,2028,5104,55,679,0.5198821796759941,0.49150107863031134,0.68196765485937,0.49862163007632493
M0,2028,5104,56,679,0.5036818851251841,0.4781950842760438,0.7214578787558911,0.40685581861895886
M0,2028,5104,57,679,0.5670103092783505,0.5417530439616782,0.6297362306551659,0.5762480014365107
M0,2028,5104,58,679,0.5493372606774669,0.5257665025653493,0.6552599903541741,0.5157217716908051
M0,2028,5104,59,679,0.47128129602356406,0.4555582152934178,0.6959776116181192,0.4423441588581609
M0,2028,5104,60,679,0.5463917525773195,0.5284623684435503,0.6568247770920769,0.5606388502940693
M0,2028,5104,61,679,0.5125184094256259,0.5053668712153432,0.6633103507212932,0.5270055649650629
M0,2028,5104,62,679,0.4992636229749632,0.4892999558898177,0.6922028542047748,0.4490320514921644
M0,2028,5105,0,679,0.5493372606774669,0.527010610027434,0.6473465240581047,0.575785841120052
M0,2028,5105,1,679,0.5066273932253313,0.48698334984685865,0.6906568915617484,0.47110702528466813
M0,2028,5105,2,679,0.4683357879234168,0.4555563849351885,0.7354726300016594,0.3866695713714037
M0,2028,5105,3,679,0.5567010309278351,0.5352005039708357,0.6525518370350611,0.5525368502524951
M0,2028,5105,4,679,0.5184094256259205,0.5040045628285974,0.680034791444468,0.5002368826569692
M0,2028,5105,5,679,0.4580265095729013,0.4519551169089794,0.7463418330684501,0.3763054063433456
M0,2028,5105,6,679,0.5287187039764359,0.5152877091609487,0.6577378845662537,0.5574632426287092
M0,2028,5105,7,679,0.47569955817378495,0.4697304860649526,0.7117783206244808,0.4664386763087412
M0,2028,5105,8,679,0.46097201767304863,0.45725619985280336,0.7527513088156443,0.3655770271704738
M0,2028,5105,9,679,0.5979381443298969,0.5747498161074477,0.6242286536145807,0.6196715938472482
M0,2028,5105,10,679,0.6038291605301914,0.5787021659949719,0.6183241538165771,0.6301679528868954
M0,2028,5105,11,679,0.6126656848306333,0.5857780025614262,0.6087052689999649,0.6406523953775664
M0,2028,5105,12,679,0.5905743740795287,0.5651183626043914,0.6275966753840271,0.616317837872301
M0,2028,5105,13,679,0.6038291605301914,0.5809652045322521,0.6133128086842915,0.63472181004637
M0,2028,5105,14,679,0.6067746686303387,0.5789207374367855,0.609111534170971,0.6422217451264449
M0,2028,5105,15,679,0.593519882179676,0.5704720326913589,0.6242048833875838,0.6173181357984451
M0,2028,5105,16,679,0.5905743740795287,0.5648720050269104,0.6177261196109789,0.629798692271282
M0,2028,5105,17,679,0.5994108983799705,0.573667160427998,0.6105597897903207,0.6393173925165418
M0,2028,5105,18,679,0.5905743740795287,0.5675431675017425,0.6266727366310507,0.6151899015658707
M0,2028,5105,19,679,0.5964653902798233,0.5735594602395795,0.623085973715747,0.6203339177068573
M0,2028,5105,20,679,0.5846833578792342,0.5582986457986457,0.6265310384826913,0.6176010241633186
M0,2028,5105,21,679,0.5964653902798233,0.5743048632428858,0.6258744252008963,0.6143095127151964
M0,2028,5105,22,679,0.5861561119293078,0.5588345864661655,0.6245922483997598,0.6165349663112246
M0,2028,5105,23,679,0.5832106038291606,0.5576451381474514,0.6241882641378664,0.6154008767717277
M0,2028,5105,24,679,0.5905743740795287,0.5680703636200441,0.6266849722181048,0.6154280832583743
M0,2028,5105,25,679,0.6008836524300442,0.5745587258745153,0.6173961952613977,0.6214426272753358
M0,2028,5105,26,679,0.5891016200294551,0.5597251840281281,0.6208487542370809,0.620945292272308
M0,2028,5105,27,679,0.5655375552282769,0.5448588870394817,0.6442790729307812,0.5862562333241012
M0,2028,5105,28,679,0.5154639175257731,0.49429964145370275,0.69215560927219,0.48100085619345073
M0,2028,5105,29,679,0.4742268041237113,0.4592775609017308,0.7251150447639344,0.422625117346957
M0,2028,5105,30,679,0.5684830633284241,0.5429282650218845,0.6425461670128692,0.5661528950865395
M0,2028,5105,31,679,0.5331369661266568,0.5182272830867023,0.6728090525595183,0.5069980662842176
M0,2028,5105,32,679,0.4698085419734904,0.46209518637571967,0.7259979153460712,0.4241434959637287
M0,2028,5105,33,679,0.5567010309278351,0.5416260018336143,0.6446232862430399,0.5864749914825744
M0,2028,5105,34,679,0.48306332842415317,0.48215239756421524,0.7010327760837918,0.48259125077628556
M0,2028,5105,35,679,0.47569955817378495,0.47083822610138404,0.723865813003724,0.4283395845647441
M0,2028,5105,36,679,0.5419734904270986,0.5173462177982937,0.6497284722609091,0.5632790665691046
M0,2028,5105,37,679,0.5169366715758469,0.49220570092757565,0.6950853261794889,0.4801916225261751
M0,2028,5105,38,679,0.4683357879234168,0.4473702572352466,0.7413523349258089,0.3810261958867946
M0,2028,5105,39,679,0.5625920471281296,0.541283260486159,0.6380613497808159,0.5728688399096981
M0,2028,5105,40,679,0.5316642120765832,0.5109256161480986,0.6739175745199636,0.49286425000156775
M0,2028,5105,41,679,0.4845360824742268,0.4708410702868695,0.7298621219063016,0.3620678112738779
M0,2028,5105,42,679,0.5228276877761414,0.508257971958615,0.6493295965954903,0.5733774169977862
M0,2028,5105,43,679,0.4992636229749632,0.49238494507632846,0.6910474031110224,0.4894313536933514
M0,2028,5105,44,679,0.45066273932253315,0.4423234823608656,0.7426884833377662,0.3623457663169485
M0,2028,5105,45,679,0.5979381443298969,0.5756683216366765,0.6244014358924309,0.6219000929233468
M0,2028,5105,46,679,0.5964653902798233,0.5700883423375773,0.6171233295428735,0.632467236158513
M0,2028,5105,47,679,0.6156111929307806,0.586048651135103,0.6115430068109453,0.6402561477590468
M0,2028,5105,48,679,0.5920471281296024,0.568243164713444,0.6243288834772686,0.6198820864587652
M0,2028,5105,49,679,0.6111929307805597,0.5855892168704407,0.6086282511083999,0.6361036219607079
M0,2028,5105,50,679,0.6097201767304861,0.5811298799939459,0.6107935915551586,0.639621569379954
M0,2028,5105,51,679,0.5920471281296024,0.5679507993588102,0.6223269332315504,0.621615810792699
M0,2028,5105,52,679,0.5979381443298969,0.5695582139777501,0.6146307154853495,0.6352452164297546
M0,2028,5105,53,679,0.6067746686303387,0.5753663960560512,0.6141001287194872,0.6437203283258554
M0,2028,5105,54,679,0.5449189985272459,0.5191742912653972,0.6497300803134649,0.5664947575546814
M0,2028,5105,55,679,0.5287187039764359,0.5050311310098137,0.6963038597041974,0.46955838799438837
M0,2028,5105,56,679,0.4963181148748159,0.4735745618004646,0.7261995139239639,0.40432507391892736
M0,2028,5105,57,679,0.5625920471281296,0.5355480091351406,0.6324960051518652,0.5773229478607965
M0,2028,5105,58,679,0.5640648011782032,0.5432291050628995,0.6515122195362869,0.5220649559769388
M0,2028,5105,59,679,0.4845360824742268,0.4708517685297189,0.6972795641694399,0.428033191847426
M0,2028,5105,60,679,0.5493372606774669,0.5341757430798526,0.6477350851792475,0.579474715099204
M0,2028,5105,61,679,0.4948453608247423,0.48884397750698205,0.6746040347617926,0.5443182414993447
M0,2028,5105,62,679,0.48159057437407954,0.472168987160975,0.689268733137486,0.4527160050522241
M0,2029,5101,0,679,0.5552282768777614,0.5145511780477604,0.6563294672562202,0.5501665135807388
M0,2029,5101,1,679,0.5331369661266568,0.5012547410290369,0.7004993569561238,0.4499408311275271
M0,2029,5101,2,679,0.4801178203240059,0.45472774891226286,0.74840930835049,0.35969799756198156
M0,2029,5101,3,679,0.561119293078056,0.5285908351822356,0.6616404726552683,0.5278525003895961
M0,2029,5101,4,679,0.5375552282768777,0.5058801851190858,0.6998141275414311,0.44451714008135046
M0,2029,5101,5,679,0.4653902798232695,0.43221762134805614,0.7484203022692094,0.342962253031236
M0,2029,5101,6,679,0.5390279823269514,0.5084298567023938,0.6645905896033735,0.5330520239547764
M0,2029,5101,7,679,0.48748159057437407,0.45872685669963154,0.7107768545094576,0.43161526016924723
M0,2029,5101,8,679,0.4653902798232695,0.43046826780776093,0.7612267136793249,0.32300620122950396
M0,2029,5101,9,679,0.5994108983799705,0.5647684607080838,0.6179147157296867,0.6115276882089851
M0,2029,5101,10,679,0.5994108983799705,0.5647517859271998,0.6205248495615986,0.6111010229963428
M0,2029,5101,11,679,0.6023564064801178,0.5585102017510946,0.6148122429013779,0.6248246452120483
M0,2029,5101,12,679,0.6038291605301914,0.5679665287167498,0.617348681449539,0.610230746359325
M0,2029,5101,13,679,0.6082474226804123,0.5737790779003843,0.616428910961734,0.6171183705809273
M0,2029,5101,14,679,0.6185567010309279,0.5816604579252405,0.6124330211282655,0.6312604293687741
M0,2029,5101,15,679,0.6023564064801178,0.5692648684231075,0.6192620266036889,0.6089371218724725
M0,2029,5101,16,679,0.6097201767304861,0.5801977661274144,0.6105587213397553,0.6250992724582953
M0,2029,5101,17,679,0.605301914580265,0.5691974806904465,0.6113338547708008,0.6312534998676953
M0,2029,5101,18,679,0.5994108983799705,0.5653761351798974,0.6210641751452644,0.6063165122346635
M0,2029,5101,19,679,0.5920471281296024,0.5589986023843563,0.6205368913018826,0.6058558031122454
M0,2029,5101,20,679,0.5949926362297496,0.5614570807270987,0.6165731567477969,0.6102028274303457
M0,2029,5101,21,679,0.5979381443298969,0.5616491970670424,0.6189567060463559,0.6085898739832409
M0,2029,5101,22,679,0.5920471281296024,0.5590375669556676,0.6174153449214084,0.6106756457237529
M0,2029,5101,23,679,0.5846833578792342,0.5480926656746674,0.6171068948568758,0.6088972858997771
M0,2029,5101,24,679,0.6023564064801178,0.5681461529674222,0.6190073687873989,0.6081754473012615
M0,2029,5101,25,679,0.6008836524300442,0.5656885521798555,0.6152079646120366,0.6124147373352038
M0,2029,5101,26,679,0.5802650957290133,0.5437135027931213,0.6161356225324485,0.6103281728806521
M0,2029,5101,27,679,0.5552282768777614,0.5169367939044553,0.6571670883007359,0.5575183424802554
M0,2029,5101,28,679,0.5184094256259205,0.479533151789595,0.6999493851401845,0.46208582381033636
M0,2029,5101,29,679,0.47569955817378495,0.43987346109934145,0.7307853340575903,0.40926840695163025
M0,2029,5101,30,679,0.5876288659793815,0.5514595808383234,0.6432261683803946,0.5619609128666285
M0,2029,5101,31,679,0.5375552282768777,0.5016908672128689,0.6845016538087328,0.4826939522512642
M0,2029,5101,32,679,0.4889543446244477,0.4576990029674367,0.7381849238465215,0.3789780053075317
M0,2029,5101,33,679,0.5375552282768777,0.5049120296997287,0.6565737678876507,0.5570758093208423
M0,2029,5101,34,679,0.48748159057437407,0.46081999740330704,0.7092126887044781,0.45192256044912177
M0,2029,5101,35,679,0.4698085419734904,0.4351348758475131,0.7436993806149718,0.35890730820577643
M0,2029,5101,36,679,0.5567010309278351,0.5175685326009389,0.6560348637061899,0.5458871652806965
M0,2029,5101,37,679,0.5066273932253313,0.4737915512888242,0.701914771206249,0.4483925214400036
M0,2029,5101,38,679,0.47569955817378495,0.4483567719191843,0.7505188834070281,0.34095534513662235
M0,2029,5101,39,679,0.5787923416789397,0.539378590894627,0.6520165397027105,0.5500198186438296
M0,2029,5101,40,679,0.5316642120765832,0.4955801912017599,0.6857594886742565,0.45832081705035826
M0,2029,5101,41,679,0.48159057437407954,0.442943866032496,0.7434315296968058,0.32761614834174074
M0,2029,5101,42,679,0.5537555228276878,0.5263219668786313,0.6492996620060945,0.5504177778795755
M0,2029,5101,43,679,0.48600883652430044,0.45642861311498206,0.7061692124262825,0.4460480364758107
M0,2029,5101,44,679,0.4786450662739323,0.4508823611267555,0.7539656820195413,0.3100848949951381
M0,2029,5101,45,679,0.605301914580265,0.5683499040973337,0.6144679396993458,0.6173569092157669
M0,2029,5101,46,679,0.6082474226804123,0.5654653699199332,0.6168510235505884,0.6155921169181514
M0,2029,5101,47,679,0.6038291605301914,0.560598198797738,0.6031189064916349,0.6411864106157033
M0,2029,5101,48,679,0.5979381443298969,0.5623311502059096,0.615460192419819,0.6186128942213869
M0,2029,5101,49,679,0.614138438880707,0.5730613910190759,0.6062523526453656,0.6278346966449521
M0,2029,5101,50,679,0.605301914580265,0.5604797672390189,0.6029452941159612,0.6432339652209714
M0,2029,5101,51,679,0.5920471281296024,0.5536545500320339,0.6168234704476568,0.6167357523833553
M0,2029,5101,52,679,0.6111929307805597,0.5777261789177491,0.6000743407607957,0.6355634578609831
M0,2029,5101,53,679,0.6067746686303387,0.5674468881722767,0.5925372046293672,0.6499169063636723
M0,2029,5101,54,679,0.5743740795287187,0.5294673229453902,0.6374585767865005,0.5735292114380803
M0,2029,5101,55,679,0.5390279823269514,0.49633658376091827,0.6911307537327459,0.47007632265370886
M0,2029,5101,56,679,0.524300441826215,0.4908617209777649,0.7089791546557894,0.4271741933669539
M0,2029,5101,57,679,0.5817378497790869,0.544545882429318,0.6477291273921508,0.5464987266820887
M0,2029,5101,58,679,0.5493372606774669,0.5084714650166562,0.6660634578810525,0.5064898375046384
M0,2029,5101,59,679,0.5007363770250368,0.45488707663183436,0.711765990670721,0.3691249235848419
M0,2029,5101,60,679,0.5463917525773195,0.5115980848861283,0.6561021712417981,0.5617468886793289
M0,2029,5101,61,679,0.5272459499263623,0.501606895328073,0.6805096071361617,0.4788259627190662
M0,2029,5101,62,679,0.49189985272459497,0.4618834282319757,0.7117411029444176,0.38736418180432836
M0,2029,5102,0,679,0.5655375552282769,0.5268411532543334,0.6507211476564407,0.5514697280792301
M0,2029,5102,1,679,0.5316642120765832,0.4944510035419126,0.7030366353679651,0.4441518505913245
M0,2029,5102,2,679,0.4801178203240059,0.45541228444199267,0.7469925101138706,0.3622962146487902
M0,2029,5102,3,679,0.561119293078056,0.5232514957705797,0.663826178841633,0.528726462987214
M0,2029,5102,4,679,0.5346097201767305,0.4972177358656762,0.6983917559632847,0.4633599085326808
M0,2029,5102,5,679,0.4580265095729013,0.4263626930806167,0.7493931341460949,0.33825213478389604
M0,2029,5102,6,679,0.5552282768777614,0.5228433402346446,0.6571999227570504,0.5458049546792602
M0,2029,5102,7,679,0.5095729013254786,0.4819298579973853,0.7081246154605025,0.43743669555969406
M0,2029,5102,8,679,0.4639175257731959,0.4322992137898124,0.7605993778215768,0.324191888640351
M0,2029,5102,9,679,0.6023564064801178,0.5659923140963571,0.619579170650867,0.6102311368221417
M0,2029,5102,10,679,0.5994108983799705,0.5645519077196096,0.6201724632586927,0.6107323196264244
M0,2029,5102,11,679,0.6082474226804123,0.5679851990827601,0.610084500004687,0.6280152897315514
M0,2029,5102,12,679,0.6023564064801178,0.5688301645935337,0.614638286306686,0.6125795156244416
M0,2029,5102,13,679,0.605301914580265,0.5666652867212686,0.6182593160771129,0.6219850764752055
M0,2029,5102,14,679,0.605301914580265,0.5672870106454337,0.6163545856156301,0.6241248896935311
M0,2029,5102,15,679,0.5905743740795287,0.5537856382349462,0.6198160534228071,0.6120045054264618
M0,2029,5102,16,679,0.6156111929307806,0.5855708736535822,0.6114132106523626,0.6215470574471856
M0,2029,5102,17,679,0.6008836524300442,0.5624463621431186,0.611524388984131,0.6318725731551694
M0,2029,5102,18,679,0.605301914580265,0.5717606601664573,0.6193699363141769,0.6068976781980979
M0,2029,5102,19,679,0.593519882179676,0.5591430520906628,0.6217752306643923,0.6088799115659378
M0,2029,5102,20,679,0.593519882179676,0.5588223680375355,0.6163438937581516,0.6111239176449675
M0,2029,5102,21,679,0.5979381443298969,0.5622001427693942,0.6190506134714399,0.6090332171195286
M0,2029,5102,22,679,0.5920471281296024,0.5557689857288481,0.6171047173780615,0.6078230324100077
M0,2029,5102,23,679,0.5920471281296024,0.5542343664192089,0.6143949429925657,0.6149818420085488
M0,2029,5102,24,679,0.5979381443298969,0.5645616772556465,0.6220152590297634,0.6040335578058021
M0,2029,5102,25,679,0.6023564064801178,0.5679141462075773,0.6139910252921185,0.6135410266987784
M0,2029,5102,26,679,0.5846833578792342,0.5491438172245195,0.6143031595864598,0.6128187959389608
M0,2029,5102,27,679,0.5596465390279823,0.5188767269907935,0.6561055720642495,0.5589260017315798
M0,2029,5102,28,679,0.5272459499263623,0.48526265568122284,0.6968546245077046,0.4677109963467949
M0,2029,5102,29,679,0.4786450662739323,0.44575086828879934,0.7365736675850597,0.40233117956886805
M0,2029,5102,30,679,0.5640648011782032,0.5290829767415146,0.6443726762975615,0.5648176466012272
M0,2029,5102,31,679,0.5581737849779087,0.5201325501743891,0.6797621519426885,0.487940640925078
M0,2029,5102,32,679,0.5007363770250368,0.4761889231349543,0.7342402985283834,0.39207433393251384
M0,2029,5102,33,679,0.5581737849779087,0.5247399939440436,0.6507939336182267,0.5589086614239255
M0,2029,5102,34,679,0.5272459499263623,0.5014505448600373,0.6877845432252702,0.4715898358106099
M0,2029,5102,35,679,0.47569955817378495,0.4419215334414561,0.7399961862147996,0.3606528633222746
M0,2029,5102,36,679,0.5567010309278351,0.5147683736754707,0.6492834413569525,0.5615833689373915
M0,2029,5102,37,679,0.5066273932253313,0.46967593367534355,0.6967567573239771,0.45178157824281223
M0,2029,5102,38,679,0.47569955817378495,0.4496564809139962,0.7510966293853933,0.33888567771871225
M0,2029,5102,39,679,0.5640648011782032,0.5237665082178992,0.658626308694855,0.5332032747467608
M0,2029,5102,40,679,0.5419734904270986,0.5068366217367195,0.691035541106394,0.44804641539464374
M0,2029,5102,41,679,0.4992636229749632,0.46583009018447985,0.729293527852453,0.3430520593942549
M0,2029,5102,42,679,0.5567010309278351,0.5268518852865713,0.6524015567176297,0.555323206264405
M0,2029,5102,43,679,0.5036818851251841,0.4740156575450693,0.7016223321431515,0.44941484382216906
M0,2029,5102,44,679,0.4742268041237113,0.44107146451398216,0.7440851077064323,0.33890018742041517
M0,2029,5102,45,679,0.5964653902798233,0.5572641717841222,0.6175811683350354,0.6133140599739196
M0,2029,5102,46,679,0.6082474226804123,0.5671903017815749,0.6083218604326248,0.626918114057387
M0,2029,5102,47,679,0.6067746686303387,0.5634036435194956,0.6042164214536965,0.6406657843765005
M0,2029,5102,48,679,0.6008836524300442,0.5667415110983482,0.6155932455025998,0.6119591663535491
M0,2029,5102,49,679,0.605301914580265,0.564816774327915,0.6047967361376809,0.6347956168758268
M0,2029,5102,50,679,0.6067746686303387,0.5596902897840073,0.5932959956123832,0.6557989474426292
M0,2029,5102,51,679,0.605301914580265,0.5706192929696494,0.6135145070055974,0.619794758035033
M0,2029,5102,52,679,0.5979381443298969,0.5657499277442892,0.6041893634687292,0.6318251958841798
M0,2029,5102,53,679,0.6097201767304861,0.5714437483952387,0.5928623230801415,0.6507622499640121
M0,2029,5102,54,679,0.5625920471281296,0.5171365535935373,0.6501315017073074,0.5610055220902666
M0,2029,5102,55,679,0.5272459499263623,0.48655497613710874,0.698132138671861,0.4643724968212128
M0,2029,5102,56,679,0.5125184094256259,0.47811143227786834,0.7138641624764946,0.42232529699069465
M0,2029,5102,57,679,0.5773195876288659,0.5394395594976029,0.6361291027780134,0.579822489666934
M0,2029,5102,58,679,0.5478645066273933,0.505562191359856,0.6798645734611422,0.499692498780039
M0,2029,5102,59,679,0.5007363770250368,0.46048216191106406,0.7168195888685372,0.3720462010356133
M0,2029,5102,60,679,0.5552282768777614,0.5235510606168978,0.6573053399356019,0.5404987671515828
M0,2029,5102,61,679,0.5022091310751104,0.46819471672739454,0.6953832600402903,0.46519340346633037
M0,2029,5102,62,679,0.4801178203240059,0.44811825756644075,0.7105803373372608,0.3885326649062474
M0,2029,5103,0,679,0.5625920471281296,0.5213674882729625,0.6504240618011913,0.5568604309569318
M0,2029,5103,1,679,0.5316642120765832,0.49612091707502004,0.7018466367988417,0.44654946390634226
M0,2029,5103,2,679,0.4727540500736377,0.4470047791982423,0.7522426902677244,0.3566478705192889
M0,2029,5103,3,679,0.5773195876288659,0.5459623775123382,0.6606645178329611,0.5311328765215778
M0,2029,5103,4,679,0.5419734904270986,0.5073816581157865,0.6906856355286136,0.47010085599476553
M0,2029,5103,5,679,0.47569955817378495,0.4457660425402361,0.7473305925529379,0.3483987980253803
M0,2029,5103,6,679,0.5419734904270986,0.5139645777706097,0.66251518591602,0.5404582016117356
M0,2029,5103,7,679,0.5139911634756995,0.48566237943229706,0.7075143031369955,0.45288364014276433
M0,2029,5103,8,679,0.46686303387334316,0.4334143684745985,0.7605403942633447,0.3203617773448625
M0,2029,5103,9,679,0.5979381443298969,0.5603976575492381,0.6199799109584979,0.6090104985481244
M0,2029,5103,10,679,0.593519882179676,0.562355539513826,0.6239233021795837,0.605312192175094
M0,2029,5103,11,679,0.6008836524300442,0.5588133522953367,0.6125922826103679,0.6260503995334079
M0,2029,5103,12,679,0.5920471281296024,0.5566454772729141,0.6183180149112429,0.6126670739952377
M0,2029,5103,13,679,0.6126656848306333,0.5790087680981856,0.6145220867005644,0.6230608858029663
M0,2029,5103,14,679,0.6185567010309279,0.5805153833331531,0.6129267060791797,0.6297227069487235
M0,2029,5103,15,679,0.593519882179676,0.5586397528643937,0.6204815871015037,0.6100297887007287
M0,2029,5103,16,679,0.605301914580265,0.5725819217554194,0.6134150845927238,0.6233555033806654
M0,2029,5103,17,679,0.6170839469808542,0.5808270381770884,0.6081990049671882,0.6331152777987776
M0,2029,5103,18,679,0.6023564064801178,0.5683440107913048,0.6200766022013986,0.6050988964742818
M0,2029,5103,19,679,0.5905743740795287,0.5559512610042334,0.6210970473043698,0.607770327403562
M0,2029,5103,20,679,0.5949926362297496,0.5620469362592049,0.6168019651752157,0.6101695940210573
M0,2029,5103,21,679,0.5979381443298969,0.5641293413840209,0.6188529299267613,0.609508377204858
M0,2029,5103,22,679,0.5920471281296024,0.5541377684455082,0.6179089484755526,0.6112061689608091
M0,2029,5103,23,679,0.5846833578792342,0.5479870440415634,0.6151914683682227,0.6121176851931505
M0,2029,5103,24,679,0.5994108983799705,0.566577655370927,0.6195195283691382,0.6073486236265241
M0,2029,5103,25,679,0.5949926362297496,0.5588070319039596,0.6180895812074285,0.6077994400539756
M0,2029,5103,26,679,0.5861561119293078,0.5506010145012635,0.6132175303304318,0.6152540956707621
M0,2029,5103,27,679,0.5567010309278351,0.5142217628302121,0.6539142443873921,0.5562416648459528
M0,2029,5103,28,679,0.5375552282768777,0.49558680736063154,0.6800507875666878,0.4955883590382072
M0,2029,5103,29,679,0.49779086892488955,0.46167991099069405,0.7297539910265904,0.41692878185226956
M0,2029,5103,30,679,0.5802650957290133,0.5445689906287,0.6449997078117109,0.5655685616554459
M0,2029,5103,31,679,0.5552282768777614,0.517420298322206,0.6756553311718405,0.5037785105376342
M0,2029,5103,32,679,0.49779086892488955,0.46332360526755834,0.7321260990862993,0.3890662481406913
M0,2029,5103,33,679,0.5375552282768777,0.507856648230586,0.6648682202041062,0.5450074009397299
M0,2029,5103,34,679,0.5066273932253313,0.4827713379827844,0.7015986571387444,0.4532483887888827
M0,2029,5103,35,679,0.47128129602356406,0.43566745828625886,0.743831353615942,0.3549904225386909
M0,2029,5103,36,679,0.5493372606774669,0.506296784750461,0.6551609869294736,0.5441646538919706
M0,2029,5103,37,679,0.5184094256259205,0.48855902649921806,0.7004279120988453,0.44187659906324395
M0,2029,5103,38,679,0.4742268041237113,0.4470485273579766,0.7529502009564191,0.3356992887505813
M0,2029,5103,39,679,0.5655375552282769,0.5281221933547101,0.6513780342724959,0.5505540222857296
M0,2029,5103,40,679,0.5375552282768777,0.5044588716199969,0.6858467909346975,0.45549007877862985
M0,2029,5103,41,679,0.49337260677466865,0.45479976799131006,0.7375749404239023,0.3401898559157286
M0,2029,5103,42,679,0.5493372606774669,0.5150000941699391,0.663369679310536,0.5449953587169217
M0,2029,5103,43,679,0.4889543446244477,0.453803755831924,0.7080389545443132,0.43759252022788464
M0,2029,5103,44,679,0.46097201767304863,0.4288457176045454,0.7519927253735434,0.32024305380118534
M0,2029,5103,45,679,0.5979381443298969,0.5619500973637822,0.6187141531302055,0.6113580190094023
M0,2029,5103,46,679,0.5964653902798233,0.5595215341488278,0.6107060758723426,0.6261259144500803
M0,2029,5103,47,679,0.6126656848306333,0.5692094392035901,0.6027663947907393,0.6362926453062159
M0,2029,5103,48,679,0.5905743740795287,0.5500450474238154,0.6139008865001802,0.619168877943829
M0,2029,5103,49,679,0.6126656848306333,0.5713945768883371,0.6030448465354312,0.635762759163724
M0,2029,5103,50,679,0.6126656848306333,0.568535212376491,0.5980024173175463,0.6474452024869528
M0,2029,5103,51,679,0.6111929307805597,0.5781295463922003,0.6137569836163907,0.6152186997573015
M0,2029,5103,52,679,0.6126656848306333,0.5755880103028894,0.6019538180554211,0.6359884380400317
M0,2029,5103,53,679,0.6023564064801178,0.5627430936844571,0.5946494756987941,0.6475655433674707
M0,2029,5103,54,679,0.5699558173784978,0.5278056719465756,0.6392045593621629,0.5833301738222064
M0,2029,5103,55,679,0.5360824742268041,0.49751735296947497,0.6837407480458975,0.487273461413176
M0,2029,5103,56,679,0.5154639175257731,0.48282623443476114,0.7099840235903266,0.4280629956150697
M0,2029,5103,57,679,0.5773195876288659,0.5386652823450494,0.6402181862731394,0.5677044941155138
M0,2029,5103,58,679,0.5522827687776142,0.5146300274233038,0.6668363421365333,0.4863802282967409
M0,2029,5103,59,679,0.5022091310751104,0.4593251726693002,0.7116848448283192,0.39638664943853186
M0,2029,5103,60,679,0.5537555228276878,0.520422082179775,0.6528961023587366,0.5519077539741933
M0,2029,5103,61,679,0.5154639175257731,0.4906053425623287,0.6755482906445488,0.4816774164827792
M0,2029,5103,62,679,0.4801178203240059,0.44682159945317834,0.7115850999885526,0.3985318936760046
M0,2029,5104,0,679,0.5478645066273933,0.5084365324901297,0.6601316117968229,0.5418596430352219
M0,2029,5104,1,679,0.5316642120765832,0.499568131625054,0.6947613616140672,0.4652288176566187
M0,2029,5104,2,679,0.47717231222385864,0.45185373420767805,0.7485768755511086,0.35829843150687346
M0,2029,5104,3,679,0.5905743740795287,0.5502931505903008,0.654269957972556,0.5444300421156746
M0,2029,5104,4,679,0.5287187039764359,0.4935707700590225,0.6948921379354811,0.4518427558747281
M0,2029,5104,5,679,0.4653902798232695,0.4334191370606797,0.7425395074096098,0.33976623211424417
M0,2029,5104,6,679,0.5390279823269514,0.5027082851876963,0.6692920920380085,0.5229278705802697
M0,2029,5104,7,679,0.508100147275405,0.47732897299457366,0.7122174790005621,0.43281462387583397
M0,2029,5104,8,679,0.4653902798232695,0.43363421470240004,0.7612188974387165,0.3138644467415126
M0,2029,5104,9,679,0.605301914580265,0.5668186645426788,0.6206496286594113,0.6067158133531628
M0,2029,5104,10,679,0.5949926362297496,0.5570034204229635,0.6207301322376254,0.6111207746052902
M0,2029,5104,11,679,0.5994108983799705,0.5563643485843632,0.6125331277875381,0.6259366948690571
M0,2029,5104,12,679,0.6111929307805597,0.5744422283700416,0.6168337764330921,0.6136112395499025
M0,2029,5104,13,679,0.6038291605301914,0.5713225012845101,0.6187184036260852,0.6176368411571461
M0,2029,5104,14,679,0.6111929307805597,0.57674544141033,0.6166735385189351,0.6231696637691106
M0,2029,5104,15,679,0.5979381443298969,0.5653672030048307,0.622178285589801,0.6050735456749888
M0,2029,5104,16,679,0.6126656848306333,0.5817850515236451,0.6171987521104152,0.6167819543434504
M0,2029,5104,17,679,0.6067746686303387,0.5688856140628503,0.6096624933698919,0.633507244133605
M0,2029,5104,18,679,0.5994108983799705,0.5637179878671447,0.6210511676824496,0.604058692367343
M0,2029,5104,19,679,0.5905743740795287,0.5564649720607113,0.6201363711539706,0.6085772258528344
M0,2029,5104,20,679,0.5920471281296024,0.557791971334805,0.6202243057810681,0.6062605841467867
M0,2029,5104,21,679,0.5949926362297496,0.5613637364793702,0.6206879587693137,0.6068930197723205
M0,2029,5104,22,679,0.5891016200294551,0.55060390337546,0.6191599472852448,0.6080303447263609
M0,2029,5104,23,679,0.5861561119293078,0.5511199558608899,0.6162785313836956,0.6093820584959903
M0,2029,5104,24,679,0.5994108983799705,0.5649008354322365,0.6199476420879364,0.6072092114839462
M0,2029,5104,25,679,0.6008836524300442,0.5650052888068386,0.6145947958522412,0.6133243098298763
M0,2029,5104,26,679,0.5905743740795287,0.5522828973880383,0.6132276896085584,0.6157615098480711
M0,2029,5104,27,679,0.5640648011782032,0.5226213107902223,0.646519598689627,0.5588623406909747
M0,2029,5104,28,679,0.5434462444771723,0.503060940602912,0.6936018285897062,0.4770476304864929
M0,2029,5104,29,679,0.4727540500736377,0.43878678165222473,0.733542837718274,0.4160288551437243
M0,2029,5104,30,679,0.5817378497790869,0.5459993324273419,0.6542044734261349,0.5431451517331186
M0,2029,5104,31,679,0.5478645066273933,0.5117057307449346,0.7025678863581571,0.46039435863289946
M0,2029,5104,32,679,0.4889543446244477,0.46251694560483114,0.7262428760616347,0.4101593807302897
M0,2029,5104,33,679,0.5434462444771723,0.5109187622388823,0.6622626487171176,0.5462492588052092
M0,2029,5104,34,679,0.5125184094256259,0.4882877028930793,0.6937653525500656,0.48127357702568213
M0,2029,5104,35,679,0.49189985272459497,0.462261212414627,0.7353715572248327,0.3622327106486434
M0,2029,5104,36,679,0.5625920471281296,0.5236640636913924,0.6439399082592204,0.5633193153202025
M0,2029,5104,37,679,0.5257731958762887,0.4883316662895503,0.6980748782057825,0.4433909540463661
M0,2029,5104,38,679,0.4845360824742268,0.45832158030573755,0.7475774140043708,0.34937159862392553
M0,2029,5104,39,679,0.5655375552282769,0.5271748182873751,0.6634812570548725,0.5351221348091981
M0,2029,5104,40,679,0.5434462444771723,0.5093728109128595,0.6837498901167745,0.47311277498847726
M0,2029,5104,41,679,0.49042709867452133,0.4495570605543014,0.7372379277960366,0.32605089677170707
M0,2029,5104,42,679,0.540500736377025,0.5053240407982577,0.6613692849962279,0.5483247324654063
M0,2029,5104,43,679,0.49779086892488955,0.4660132878557622,0.7023986211932636,0.4404248923821832
M0,2029,5104,44,679,0.46244477172312226,0.4303681139932271,0.7487967250229508,0.32314939269885334
M0,2029,5104,45,679,0.6023564064801178,0.5673902724242904,0.6151947902518273,0.6232811444726202
M0,2029,5104,46,679,0.5979381443298969,0.5566953433925911,0.6095330971505751,0.6247716762172635
M0,2029,5104,47,679,0.614138438880707,0.5704304711767191,0.5961484351416224,0.6521300110639721
M0,2029,5104,48,679,0.6023564064801178,0.5683991893390749,0.6143462004384166,0.6159525800459236
M0,2029,5104,49,679,0.6008836524300442,0.5595215574237506,0.6026199448617814,0.6414836404211626
M0,2029,5104,50,679,0.6023564064801178,0.5572343940224279,0.598132219006457,0.6466661426546797
M0,2029,5104,51,679,0.6023564064801178,0.5662179802432257,0.6156773855566803,0.6149449239091376
M0,2029,5104,52,679,0.6023564064801178,0.5653179973218365,0.6040782620567987,0.6315161803995024
M0,2029,5104,53,679,0.6097201767304861,0.5714274065326004,0.5942957252264023,0.6462334245838438
M0,2029,5104,54,679,0.5817378497790869,0.5342941911057023,0.6417506483763412,0.5659506618864983
M0,2029,5104,55,679,0.5184094256259205,0.479388260440892,0.6852584846855438,0.47701406560405785
M0,2029,5104,56,679,0.5125184094256259,0.4764812473107224,0.7085670875344255,0.43150743343302844
M0,2029,5104,57,679,0.5670103092783505,0.5245182981264531,0.6481226546818799,0.5489835309865437
M0,2029,5104,58,679,0.561119293078056,0.5213797712068274,0.6648376091590511,0.5106157699017572
M0,2029,5104,59,679,0.5434462444771723,0.5078410602284176,0.6817627207695648,0.460535689781267
M0,2029,5104,60,679,0.5522827687776142,0.5200926408917664,0.6624128461674141,0.5454758351283201
M0,2029,5104,61,679,0.5125184094256259,0.4846054599363004,0.678138277887069,0.48176602235175586
M0,2029,5104,62,679,0.47717231222385864,0.44402719885519937,0.718242586185725,0.3855126961360324
M0,2029,5105,0,679,0.5552282768777614,0.5148194981776701,0.6517636443053499,0.561530620649838
M0,2029,5105,1,679,0.5316642120765832,0.4978722576104914,0.7003278840053415,0.4434830692644073
M0,2029,5105,2,679,0.48306332842415317,0.45754561650099623,0.7457858006276509,0.35820777048121855
M0,2029,5105,3,679,0.5743740795287187,0.5395919580027607,0.6582346584027926,0.533940557894351
M0,2029,5105,4,679,0.5390279823269514,0.5078756140137215,0.6884421330049568,0.4713950214227746
M0,2029,5105,5,679,0.47128129602356406,0.44075202067379027,0.7515937724591004,0.33365209425092784
M0,2029,5105,6,679,0.5581737849779087,0.5269722592722936,0.6567909777910614,0.5425158802682469
M0,2029,5105,7,679,0.5213549337260678,0.49349788208945755,0.709322049160418,0.42825073004703723
M0,2029,5105,8,679,0.45949926362297494,0.4263429238925519,0.7567508669024188,0.3249844295833541
M0,2029,5105,9,679,0.5994108983799705,0.5629524018533074,0.6190673530935714,0.6119391832197012
M0,2029,5105,10,679,0.5964653902798233,0.5612595218925017,0.6216954511860509,0.6142809704616249
M0,2029,5105,11,679,0.6097201767304861,0.5682092802266583,0.6111673487567059,0.625848204426467
M0,2029,5105,12,679,0.6023564064801178,0.5701230635146364,0.6188410398535243,0.6105025200723457
M0,2029,5105,13,679,0.6111929307805597,0.5796678721591202,0.6121198226627791,0.6187307774949414
M0,2029,5105,14,679,0.614138438880707,0.5745920596136742,0.612870127028499,0.6289065588568179
M0,2029,5105,15,679,0.6038291605301914,0.5679665287167498,0.6150587646617103,0.6158376443280734
M0,2029,5105,16,679,0.6097201767304861,0.5791503799166634,0.613361983306278,0.6198165660871733
M0,2029,5105,17,679,0.6097201767304861,0.5739954042791281,0.6061056768069035,0.6358042406878397
M0,2029,5105,18,679,0.6008836524300442,0.5671235903776424,0.620173419961522,0.6059851771446684
M0,2029,5105,19,679,0.5964653902798233,0.5613712256957446,0.6177327385356044,0.6153080352555931
M0,2029,5105,20,679,0.593519882179676,0.5602208120834202,0.6169622979608306,0.6098556745588178
M0,2029,5105,21,679,0.5964653902798233,0.5608701678074159,0.6209428122319248,0.6064150187909246
M0,2029,5105,22,679,0.593519882179676,0.556495742126499,0.6191574813515518,0.6084437083980069
M0,2029,5105,23,679,0.5846833578792342,0.5493401591419362,0.6183265939201277,0.6095560279927633
M0,2029,5105,24,679,0.5979381443298969,0.565714899796026,0.6204441646895809,0.6067479426995847
M0,2029,5105,25,679,0.5949926362297496,0.558908741978623,0.6139355919849188,0.6129472172689964
M0,2029,5105,26,679,0.5861561119293078,0.549913373401208,0.614412144748206,0.6120986111541465
M0,2029,5105,27,679,0.5670103092783505,0.5224349242088504,0.6476370512078542,0.5667090498305699
M0,2029,5105,28,679,0.5316642120765832,0.4904115677256389,0.6999384821865801,0.45138641615321096
M0,2029,5105,29,679,0.4786450662739323,0.44526786626297804,0.7378998873686755,0.4044639395137862
M0,2029,5105,30,679,0.572901325478645,0.5330259782678513,0.6527431796199268,0.5432918770572019
M0,2029,5105,31,679,0.5522827687776142,0.5137343695852767,0.6827750557345038,0.4844521186991654
M0,2029,5105,32,679,0.5022091310751104,0.47084934690950675,0.7304761768353003,0.3892371713915387
M0,2029,5105,33,679,0.5419734904270986,0.5087044534412956,0.659185389311921,0.5510744946640441
M0,2029,5105,34,679,0.5095729013254786,0.48677786075844326,0.7022864852149988,0.43970534862489236
M0,2029,5105,35,679,0.4963181148748159,0.46295394141296,0.734715430260758,0.3666483109248933
M0,2029,5105,36,679,0.5552282768777614,0.5137193436610983,0.652406947119422,0.5494919037995687
M0,2029,5105,37,679,0.5287187039764359,0.4943728759035959,0.6975808316987112,0.46259920009328
M0,2029,5105,38,679,0.48159057437407954,0.45345356771487944,0.7505699174261936,0.3479449719295735
M0,2029,5105,39,679,0.5684830633284241,0.5279890325861577,0.6527535140031567,0.5491198094173895
M0,2029,5105,40,679,0.5360824742268041,0.49987877264989544,0.6869059903149402,0.4641481650624172
M0,2029,5105,41,679,0.47569955817378495,0.43628551628551626,0.7443227104963365,0.32103082727637416
M0,2029,5105,42,679,0.5493372606774669,0.5167142928227976,0.6616893456329829,0.5466057889985054
M0,2029,5105,43,679,0.49779086892488955,0.46598317035365955,0.7045338470516219,0.4388108088443561
M0,2029,5105,44,679,0.46686303387334316,0.4348748320539999,0.7528639310019005,0.3225317950451403
M0,2029,5105,45,679,0.5964653902798233,0.5606011438371251,0.6188145723627312,0.607465375380915
M0,2029,5105,46,679,0.6082474226804123,0.5706080333023338,0.6110187333093652,0.6266503603128996
M0,2029,5105,47,679,0.6023564064801178,0.5591825376752455,0.6021963957044267,0.6443249095435557
M0,2029,5105,48,679,0.593519882179676,0.5602671654934983,0.6180304926168585,0.6145074802259015
M0,2029,5105,49,679,0.6097201767304861,0.5645130837767078,0.6037239486760348,0.6374981328904396
M0,2029,5105,50,679,0.5979381443298969,0.5451400167656905,0.595171035630889,0.6501534155085695
M0,2029,5105,51,679,0.6008836524300442,0.5668299804885355,0.6138295852119687,0.6173634782828332
M0,2029,5105,52,679,0.605301914580265,0.568981283442149,0.6016398952267131,0.6345063497639901
M0,2029,5105,53,679,0.5979381443298969,0.5593576562642162,0.5963783782299208,0.6467971112149202
M0,2029,5105,54,679,0.5552282768777614,0.5074417891258036,0.657447953792138,0.5524861360324542
M0,2029,5105,55,679,0.5331369661266568,0.4950427130119407,0.7002161438624883,0.4589008215997773
M0,2029,5105,56,679,0.5198821796759941,0.48350590315522546,0.7083228303336254,0.4319596182947649
M0,2029,5105,57,679,0.5817378497790869,0.5487697379281844,0.6424986021990979,0.5586474715945516
M0,2029,5105,58,679,0.572901325478645,0.5323264952504719,0.6701934493869675,0.5025338511517393
M0,2029,5105,59,679,0.5066273932253313,0.46027739508742765,0.7064760471522721,0.41952692805677544
M0,2029,5105,60,679,0.5508100147275405,0.5164892887130086,0.6612534735225613,0.5486722543664405
M0,2029,5105,61,679,0.4948453608247423,0.46208671327974155,0.6854626100746276,0.4985356355675259
M0,2029,5105,62,679,0.4786450662739323,0.4438828177810783,0.7083019457965958,0.401731093086535
M0,2030,5101,0,679,0.5684830633284241,0.5488975463251387,0.6459254660645009,0.540545309121472
M0,2030,5101,1,679,0.5375552282768777,0.5144259732918338,0.6986709437024435,0.45078777456428226
M0,2030,5101,2,679,0.4845360824742268,0.45758507749781896,0.7500830843759391,0.34853607024743644
M0,2030,5101,3,679,0.5478645066273933,0.5250633823504657,0.6744974622933608,0.5099907072851891
M0,2030,5101,4,679,0.5301914580265096,0.5048156245402953,0.7170654268872229,0.40737109503536667
M0,2030,5101,5,679,0.48159057437407954,0.46044926620810334,0.7417412646257474,0.33631366954514247
M0,2030,5101,6,679,0.5390279823269514,0.5248396364342177,0.6616053445613086,0.516492544474207
M0,2030,5101,7,679,0.48306332842415317,0.46606078517270055,0.7026396275927287,0.4298964454981306
M0,2030,5101,8,679,0.4580265095729013,0.4387329403452632,0.7594944187529132,0.3189771962104313
M0,2030,5101,9,679,0.5846833578792342,0.57209178803102,0.6193895086273002,0.5984338253121749
M0,2030,5101,10,679,0.5787923416789397,0.5621224352203351,0.6332413454557905,0.5907088105533703
M0,2030,5101,11,679,0.5817378497790869,0.5702959977048362,0.6207693127890574,0.6035420751956201
M0,2030,5101,12,679,0.5802650957290133,0.5651164252517276,0.6193464009944399,0.5996999602592356
M0,2030,5101,13,679,0.5920471281296024,0.5751411717547644,0.6157868597135276,0.6113925411658364
M0,2030,5101,14,679,0.5905743740795287,0.575784227499267,0.6168630225405601,0.6210039231125034
M0,2030,5101,15,679,0.5758468335787923,0.5599160274717394,0.6220368722752724,0.6023591107275575
M0,2030,5101,16,679,0.5817378497790869,0.5687073492162089,0.616395934779795,0.6084175725010424
M0,2030,5101,17,679,0.5861561119293078,0.5733735899837349,0.609255435803853,0.6203651779825378
M0,2030,5101,18,679,0.5773195876288659,0.5606004618829744,0.6162056982166111,0.6015438330360429
M0,2030,5101,19,679,0.572901325478645,0.5570927707863093,0.6144090347946656,0.6043133153981115
M0,2030,5101,20,679,0.5846833578792342,0.56695493126201,0.6109017994424907,0.6079037337544143
M0,2030,5101,21,679,0.572901325478645,0.5547383415804469,0.6176077502728913,0.5998249407451723
M0,2030,5101,22,679,0.5773195876288659,0.5570930528297523,0.6093086860141277,0.6097785857436147
M0,2030,5101,23,679,0.5920471281296024,0.5731978477076516,0.6072441887697521,0.6084747561754844
M0,2030,5101,24,679,0.5758468335787923,0.5589765922364767,0.6176140911010298,0.5999794536512266
M0,2030,5101,25,679,0.5787923416789397,0.5632144320087582,0.6117770577477777,0.6069682607806158
M0,2030,5101,26,679,0.593519882179676,0.5759247091565395,0.6048048596845635,0.6114190749874228
M0,2030,5101,27,679,0.5463917525773195,0.5282253456054699,0.656966670930649,0.54027767077875
M0,2030,5101,28,679,0.5007363770250368,0.47574575158165844,0.7131982854566097,0.4343986631964825
M0,2030,5101,29,679,0.49779086892488955,0.4706722883066191,0.7554990872192102,0.3783611187681187
M0,2030,5101,30,679,0.5684830633284241,0.5445553605316245,0.6408974899854154,0.5656629135276986
M0,2030,5101,31,679,0.5301914580265096,0.5030516862264955,0.6869349187138506,0.4700790025043287
M0,2030,5101,32,679,0.47569955817378495,0.4591140837476375,0.7441057737516198,0.36363394689714346
M0,2030,5101,33,679,0.5375552282768777,0.5221472507525639,0.6456280130349835,0.5396213676640697
M0,2030,5101,34,679,0.47569955817378495,0.45680502979340587,0.7014662429624524,0.4457430289415593
M0,2030,5101,35,679,0.4536082474226804,0.4366765531664751,0.754259565771065,0.33473957125574993
M0,2030,5101,36,679,0.5596465390279823,0.5348777726273188,0.6588328341584494,0.531868770825657
M0,2030,5101,37,679,0.5272459499263623,0.49759657826351844,0.6988924439990994,0.44592529636973194
M0,2030,5101,38,679,0.5110456553755522,0.47554982616508457,0.7417830342484504,0.3491366937953923
M0,2030,5101,39,679,0.5493372606774669,0.524887010295682,0.6616526033197131,0.5333600179658465
M0,2030,5101,40,679,0.5213549337260678,0.4935442261610554,0.703039604122579,0.4254576291080112
M0,2030,5101,41,679,0.49779086892488955,0.4673689809610889,0.7290798462762749,0.3500086442321296
M0,2030,5101,42,679,0.5581737849779087,0.5393684039689276,0.6403678007347068,0.5419930899430332
M0,2030,5101,43,679,0.4727540500736377,0.4533631019405986,0.7039944278693515,0.44066343681211523
M0,2030,5101,44,679,0.45508100147275404,0.4297854048870813,0.748189423502106,0.32152288708546417
M0,2030,5101,45,679,0.5905743740795287,0.575082895561513,0.6148220018452152,0.6043236404192109
M0,2030,5101,46,679,0.593519882179676,0.5815746300511905,0.6184601167076993,0.6001661499062487
M0,2030,5101,47,679,0.6156111929307806,0.6040887811688096,0.6050406090465316,0.6218374997634639
M0,2030,5101,48,679,0.5802650957290133,0.5643648084032943,0.6111594022461522,0.6106059036169194
M0,2030,5101,49,679,0.5832106038291606,0.5674903758716313,0.6109176948337386,0.6206054672817585
M0,2030,5101,50,679,0.5994108983799705,0.5873862248862248,0.6010332785228566,0.6346849735516614
M0,2030,5101,51,679,0.5832106038291606,0.5675173748077765,0.6155032336009619,0.6048716078771195
M0,2030,5101,52,679,0.5846833578792342,0.572475373589032,0.6110798356195963,0.6043354683775737
M0,2030,5101,53,679,0.5964653902798233,0.5858480409747823,0.5998919797575702,0.6280183963302917
M0,2030,5101,54,679,0.5522827687776142,0.5329844055586442,0.6486158548732218,0.5418079071600344
M0,2030,5101,55,679,0.5375552282768777,0.5128113781278952,0.6915319071470901,0.46188818320562597
M0,2030,5101,56,679,0.5272459499263623,0.49554288865623153,0.7208744770516703,0.4132000574210443
M0,2030,5101,57,679,0.5684830633284241,0.5450541309641052,0.6516394796884113,0.535018983256664
M0,2030,5101,58,679,0.5257731958762887,0.4934050405132011,0.6763987848658625,0.4704295906780814
M0,2030,5101,59,679,0.4963181148748159,0.46753572285327155,0.7230132011935356,0.3612362367230875
M0,2030,5101,60,679,0.5478645066273933,0.5333670080053879,0.6419568107036849,0.5511467512908346
M0,2030,5101,61,679,0.5036818851251841,0.4872519620811957,0.6791293126406129,0.46673861442151054
M0,2030,5101,62,679,0.40942562592047127,0.3794167036533699,0.729223488334879,0.36096876386869103
M0,2030,5102,0,679,0.5463917525773195,0.5220470602974852,0.6597241427041645,0.5289668597388288
M0,2030,5102,1,679,0.5198821796759941,0.492234438342426,0.7092869962306366,0.4384721508173307
M0,2030,5102,2,679,0.48306332842415317,0.45798518143676614,0.7517640346850493,0.34316275052900286
M0,2030,5102,3,679,0.5390279823269514,0.5130313110173214,0.6670211234921384,0.5216127077720816
M0,2030,5102,4,679,0.5272459499263623,0.4994951439636617,0.693253479031119,0.45458015579716776
M0,2030,5102,5,679,0.47128129602356406,0.45067011419952596,0.7447919815076468,0.34044335517182944
M0,2030,5102,6,679,0.5493372606774669,0.5341156541156541,0.6498567339949123,0.5341059202148855
M0,2030,5102,7,679,0.4963181148748159,0.4761247122829043,0.7046097024331563,0.428701433115136
M0,2030,5102,8,679,0.46686303387334316,0.4478877119174617,0.7542423399848334,0.3321530446321014
M0,2030,5102,9,679,0.5817378497790869,0.5674931216058186,0.6201306382668739,0.599225598663832
M0,2030,5102,10,679,0.5817378497790869,0.5669934490213363,0.6242833881472979,0.5959605181327309
M0,2030,5102,11,679,0.5905743740795287,0.5761887599644417,0.6186434743769565,0.6137728946641321
M0,2030,5102,12,679,0.5758468335787923,0.5589413917228487,0.6206577758199161,0.6020544708898417
M0,2030,5102,13,679,0.5920471281296024,0.579097610587626,0.6118284341864101,0.6148377858264427
M0,2030,5102,14,679,0.5891016200294551,0.575299942429476,0.6167924106121063,0.6135737379956858
M0,2030,5102,15,679,0.5743740795287187,0.5593485234697784,0.6214508851866659,0.5967479265615446
M0,2030,5102,16,679,0.5699558173784978,0.5568638776265223,0.6209258234377989,0.5989377436852066
M0,2030,5102,17,679,0.5832106038291606,0.5714730316723332,0.6117818384528687,0.6197220591845646
M0,2030,5102,18,679,0.5802650957290133,0.5637771955739658,0.6151479628809422,0.6003223430935097
M0,2030,5102,19,679,0.5699558173784978,0.5545004702247855,0.614385421743098,0.6044638029240906
M0,2030,5102,20,679,0.5891016200294551,0.5721567318885188,0.6077195391036976,0.6100535887278442
M0,2030,5102,21,679,0.5714285714285714,0.5530289398710451,0.6171122613378056,0.6005257822907488
M0,2030,5102,22,679,0.5787923416789397,0.5601638559015745,0.6093004367839605,0.6080634412022174
M0,2030,5102,23,679,0.5832106038291606,0.5638183472578376,0.6079104809592504,0.6107724058605275
M0,2030,5102,24,679,0.5714285714285714,0.5544950285969191,0.6183400054480085,0.5972880779744206
M0,2030,5102,25,679,0.5891016200294551,0.572473375830081,0.6075739375533692,0.6079341324787975
M0,2030,5102,26,679,0.5920471281296024,0.5747958189353949,0.603347983249684,0.613590783993882
M0,2030,5102,27,679,0.5346097201767305,0.514306001409141,0.6603662854002923,0.5404893655619726
M0,2030,5102,28,679,0.5154639175257731,0.4898928108341738,0.7065143137731328,0.4418161426705555
M0,2030,5102,29,679,0.4948453608247423,0.4686730678920411,0.7659017762089688,0.3591872957173132
M0,2030,5102,30,679,0.5743740795287187,0.5513233531250047,0.6442379432240712,0.5570471196989145
M0,2030,5102,31,679,0.5390279823269514,0.5115486235178132,0.688674278085467,0.4860567701752648
M0,2030,5102,32,679,0.47717231222385864,0.4582912710524335,0.7408247872506747,0.3653136456266761
M0,2030,5102,33,679,0.5567010309278351,0.5387182536686048,0.6418296989706374,0.5454843095309047
M0,2030,5102,34,679,0.5022091310751104,0.4848371048735265,0.6903875162262628,0.4464047800568756
M0,2030,5102,35,679,0.46097201767304863,0.4429895766323728,0.7393650138457148,0.3645413196542612
M0,2030,5102,36,679,0.5552282768777614,0.5312129730091497,0.6522747917712525,0.5441960372715111
M0,2030,5102,37,679,0.5169366715758469,0.48320519984234955,0.7072303872966977,0.43559832524131004
M0,2030,5102,38,679,0.4992636229749632,0.46797823509951003,0.734253091976288,0.36858857545262486
M0,2030,5102,39,679,0.5552282768777614,0.5304310943959507,0.653629816530906,0.5351247467263396
M0,2030,5102,40,679,0.5346097201767305,0.5040481416760115,0.6969481232371703,0.434654352984575
M0,2030,5102,41,679,0.49189985272459497,0.4634268661964439,0.7183502630079618,0.37454064208194365
M0,2030,5102,42,679,0.5625920471281296,0.5496100066042677,0.6422254818001973,0.5534528106043702
M0,2030,5102,43,679,0.4698085419734904,0.4438956835790666,0.7158016766118371,0.4244767040954546
M0,2030,5102,44,679,0.4580265095729013,0.4305481662298861,0.74757287042306,0.3292191684520042
M0,2030,5102,45,679,0.5787923416789397,0.5632628655501342,0.6198640336695406,0.6007446227117789
M0,2030,5102,46,679,0.5920471281296024,0.579826492550143,0.621953434814234,0.605954863110287
M0,2030,5102,47,679,0.605301914580265,0.593394475501972,0.6100766759294474,0.6183492525714426
M0,2030,5102,48,679,0.5802650957290133,0.5631124526952274,0.6139846226428148,0.6074167293941677
M0,2030,5102,49,679,0.5905743740795287,0.573446546421361,0.6074196551878428,0.6263270002544076
M0,2030,5102,50,679,0.6008836524300442,0.588435955887524,0.6007610004675055,0.6337684417180286
M0,2030,5102,51,679,0.5817378497790869,0.5660657409463681,0.614658171324737,0.6012254936908411
M0,2030,5102,52,679,0.5861561119293078,0.5749560464793457,0.6087015334390575,0.610618767157445
M0,2030,5102,53,679,0.5979381443298969,0.5873868751480692,0.602100299717927,0.6239603019226826
M0,2030,5102,54,679,0.5508100147275405,0.5301917485211638,0.6542349974343633,0.5341695748097012
M0,2030,5102,55,679,0.5213549337260678,0.4966684390877939,0.7148803095052099,0.43422235173134255
M0,2030,5102,56,679,0.5066273932253313,0.4771509767717801,0.738146616340737,0.38845290229608
M0,2030,5102,57,679,0.5640648011782032,0.5403240420494734,0.6388050265533408,0.5648538606933705
M0,2030,5102,58,679,0.5346097201767305,0.5021621804142397,0.6809833016416637,0.49372809304023396
M0,2030,5102,59,679,0.47128129602356406,0.43972327745716966,0.7225947229079189,0.35890763768788514
M0,2030,5102,60,679,0.5478645066273933,0.5342153954022839,0.6514433072399848,0.5385510639543017
M0,2030,5102,61,679,0.4727540500736377,0.4561530464442576,0.6937649206577942,0.45152887123496116
M0,2030,5102,62,679,0.43004418262150224,0.400166245087118,0.7258465214137301,0.38312789124711205
M0,2030,5103,0,679,0.5493372606774669,0.5294647408693094,0.6502966683725545,0.5454342339704544
M0,2030,5103,1,679,0.5272459499263623,0.4993943081155773,0.7042501011372315,0.4378022227294196
M0,2030,5103,2,679,0.49042709867452133,0.464608699795396,0.7473691887330588,0.35322009054255393
M0,2030,5103,3,679,0.5478645066273933,0.5238491963411908,0.6683897515635427,0.5117902064221342
M0,2030,5103,4,679,0.5316642120765832,0.5089871278057018,0.6953715374350372,0.4451688418437525
M0,2030,5103,5,679,0.48159057437407954,0.4614811835990893,0.7427873530909309,0.33665673001033
M0,2030,5103,6,679,0.5478645066273933,0.5346909924254825,0.6556747371388465,0.5273429091648034
M0,2030,5103,7,679,0.5110456553755522,0.493427717035791,0.6939612864043471,0.44970084468018756
M0,2030,5103,8,679,0.4565537555228277,0.43852724264810045,0.7595691696489683,0.3160582517274643
M0,2030,5103,9,679,0.5655375552282769,0.5527164852796015,0.6237027884758625,0.5962482550401307
M0,2030,5103,10,679,0.5802650957290133,0.5654148343594254,0.6300644717441216,0.5911286213022303
M0,2030,5103,11,679,0.5905743740795287,0.5779386068334209,0.6182327830563238,0.6110741812478995
M0,2030,5103,12,679,0.5773195876288659,0.5609764265875049,0.618282161290937,0.6034039899214437
M0,2030,5103,13,679,0.5994108983799705,0.5865278132719993,0.6147247246070182,0.6061697025212689
M0,2030,5103,14,679,0.5802650957290133,0.5654367232424411,0.6180206031616727,0.6191032011345268
M0,2030,5103,15,679,0.5846833578792342,0.5700817349646043,0.618252624336504,0.5990628931984043
M0,2030,5103,16,679,0.5787923416789397,0.5634916593783571,0.6203242925726788,0.607281077902745
M0,2030,5103,17,679,0.5817378497790869,0.5699042004421518,0.6097252952683833,0.6190417935021764
M0,2030,5103,18,679,0.5802650957290133,0.5636034879259084,0.6157694832478076,0.600307038227183
M0,2030,5103,19,679,0.5684830633284241,0.5517831963072769,0.6152770988895545,0.6040133314472614
M0,2030,5103,20,679,0.5832106038291606,0.5657714373535089,0.6124286661267456,0.6077316021158244
M0,2030,5103,21,679,0.5758468335787923,0.5592824327404327,0.616221335262543,0.6001314476385607
M0,2030,5103,22,679,0.5773195876288659,0.5593067779962791,0.6082596830661589,0.6093330524634747
M0,2030,5103,23,679,0.5832106038291606,0.5639163731117753,0.6088559866741585,0.6072875276345843
M0,2030,5103,24,679,0.5743740795287187,0.5582970850166648,0.616349188278982,0.6003982654869238
M0,2030,5103,25,679,0.5832106038291606,0.5666561396796601,0.6092835468554181,0.6086204930380268
M0,2030,5103,26,679,0.5861561119293078,0.5690526634184488,0.6060854789961421,0.6114298096782701
M0,2030,5103,27,679,0.5287187039764359,0.5098299615083508,0.6689108561872558,0.52947050460457
M0,2030,5103,28,679,0.5360824742268041,0.5096544902675598,0.6987419778012035,0.4610883673959424
M0,2030,5103,29,679,0.508100147275405,0.4794057690800202,0.7597443029745338,0.3747242642611295
M0,2030,5103,30,679,0.5699558173784978,0.5482346731036639,0.6523097428288832,0.539198857225208
M0,2030,5103,31,679,0.5169366715758469,0.4867787324863728,0.6934392130515361,0.4763920704455432
M0,2030,5103,32,679,0.4889543446244477,0.46678641033681645,0.7425936051865214,0.364700844051718
M0,2030,5103,33,679,0.5522827687776142,0.5385236655244813,0.651270076347205,0.5363256828081575
M0,2030,5103,34,679,0.48748159057437407,0.4736568215025776,0.6956501619805292,0.4526306515394105
M0,2030,5103,35,679,0.44624447717231225,0.4283136177088813,0.747452939228211,0.3449693468824093
M0,2030,5103,36,679,0.5522827687776142,0.5282226623779929,0.6555455245395824,0.5295829297357251
M0,2030,5103,37,679,0.5346097201767305,0.504712401159466,0.6904890234191218,0.45778077321679594
M0,2030,5103,38,679,0.5022091310751104,0.46789604676790364,0.7471922585117975,0.33596648270036045
M0,2030,5103,39,679,0.5434462444771723,0.5176149776149777,0.6550765152093413,0.529408385330427
M0,2030,5103,40,679,0.5301914580265096,0.5040199039616359,0.6892483821234752,0.44816625700066287
M0,2030,5103,41,679,0.4889543446244477,0.4532143806485912,0.7220884005652963,0.3734449674966381
M0,2030,5103,42,679,0.5581737849779087,0.5400062158226688,0.644351026534332,0.5449177651315611
M0,2030,5103,43,679,0.4786450662739323,0.4520014735260448,0.7077407164057505,0.43521293616248213
M0,2030,5103,44,679,0.45066273932253315,0.4249260698745895,0.7499293050068995,0.32469641899362983
M0,2030,5103,45,679,0.5787923416789397,0.5638518949777228,0.6169847525623304,0.6028537086704594
M0,2030,5103,46,679,0.6008836524300442,0.5871129870074373,0.6108156494434172,0.6092695020409583
M0,2030,5103,47,679,0.605301914580265,0.5938661124755967,0.6104032061500296,0.6228105209576991
M0,2030,5103,48,679,0.5861561119293078,0.5707118440809085,0.6117154321192992,0.6021979870129905
M0,2030,5103,49,679,0.5949926362297496,0.5802124805995746,0.6064798460617683,0.6222706671024207
M0,2030,5103,50,679,0.5920471281296024,0.5776994434137291,0.6043627333658609,0.6292730333828748
M0,2030,5103,51,679,0.5832106038291606,0.5688223453530404,0.6160062919309107,0.6004305862096984
M0,2030,5103,52,679,0.5773195876288659,0.5639075178009604,0.6132965148460883,0.6070350577571322
M0,2030,5103,53,679,0.5994108983799705,0.5917512562480863,0.6031538686977044,0.6237605955228344
M0,2030,5103,54,679,0.5802650957290133,0.5619727924694403,0.6376629253199244,0.5589760268321154
M0,2030,5103,55,679,0.5301914580265096,0.5087235310688306,0.6951758538719832,0.4475956877768468
M0,2030,5103,56,679,0.5228276877761414,0.49234594939428755,0.7252174621565879,0.39890958638200663
M0,2030,5103,57,679,0.5670103092783505,0.5432489352922398,0.6376063973808851,0.5619093577391363
M0,2030,5103,58,679,0.5287187039764359,0.49848603034883926,0.6825035736513418,0.4607523201254385
M0,2030,5103,59,679,0.508100147275405,0.4764452485569053,0.7102422178098836,0.37912209506667527
M0,2030,5103,60,679,0.5463917525773195,0.5337332534683387,0.6415011249427768,0.5278655710653493
M0,2030,5103,61,679,0.48600883652430044,0.4694487730418335,0.6890640214019742,0.446767859411642
M0,2030,5103,62,679,0.43151693667157587,0.3969628747042364,0.7134790002246317,0.40526003444902287
M0,2030,5104,0,679,0.5478645066273933,0.5265773809324914,0.6575013029996706,0.5357792874963515
M0,2030,5104,1,679,0.5213549337260678,0.49899504922876925,0.7030593612188795,0.450707750231094
M0,2030,5104,2,679,0.4948453608247423,0.4687761677426068,0.7421140124107847,0.35562669638276717
M0,2030,5104,3,679,0.5670103092783505,0.5419173529892518,0.6640314217080775,0.5133669762602582
M0,2030,5104,4,679,0.5184094256259205,0.4908664033274911,0.7081696464404442,0.4279860560165581
M0,2030,5104,5,679,0.48748159057437407,0.46706469902864745,0.7418045988182959,0.33809956527311585
M0,2030,5104,6,679,0.540500736377025,0.5253682648484629,0.6684921519482434,0.5018230101969042
M0,2030,5104,7,679,0.4889543446244477,0.47033403893238324,0.7054222989196455,0.41960521675094165
M0,2030,5104,8,679,0.4653902798232695,0.4464662181977499,0.7558480197665266,0.3156349708275878
M0,2030,5104,9,679,0.5758468335787923,0.5601950707683351,0.6281438583565742,0.5912016899038962
M0,2030,5104,10,679,0.5743740795287187,0.5585655625411228,0.6273830351755791,0.596440862326722
M0,2030,5104,11,679,0.5846833578792342,0.5719703114661098,0.6216501418901649,0.6086478560572316
M0,2030,5104,12,679,0.5846833578792342,0.5681014314669453,0.6155312720121094,0.6074516367661267
M0,2030,5104,13,679,0.5905743740795287,0.5754977022810204,0.6183073562796232,0.6054425905672025
M0,2030,5104,14,679,0.5817378497790869,0.5688580970495865,0.6168753115435588,0.618501919624575
M0,2030,5104,15,679,0.5773195876288659,0.5637166757619709,0.6202082689275447,0.5978672935663244
M0,2030,5104,16,679,0.5802650957290133,0.5646237260768072,0.6203979800217984,0.6069630661744251
M0,2030,5104,17,679,0.5787923416789397,0.566797987203507,0.6123962996195623,0.6178736458936582
M0,2030,5104,18,679,0.5832106038291606,0.565768116254134,0.6142240916769705,0.6018559668809468
M0,2030,5104,19,679,0.5758468335787923,0.5608054383211661,0.6114607953270335,0.6074715271321673
M0,2030,5104,20,679,0.5876288659793815,0.5702840727124888,0.6107870642759663,0.607017387279511
M0,2030,5104,21,679,0.572901325478645,0.5554182503364654,0.6174464230597106,0.5995293879584951
M0,2030,5104,22,679,0.5832106038291606,0.564632908759806,0.6079974852623048,0.6084280363292375
M0,2030,5104,23,679,0.5817378497790869,0.5622167067317075,0.6095982579753044,0.6085514718245099
M0,2030,5104,24,679,0.5758468335787923,0.5583487902895204,0.6167243137099782,0.5999340975846815
M0,2030,5104,25,679,0.5758468335787923,0.5606422771128654,0.6119097896106815,0.6055171770810753
M0,2030,5104,26,679,0.5905743740795287,0.5726177820323837,0.6056785875813424,0.6086055178320794
M0,2030,5104,27,679,0.5567010309278351,0.5408339602971424,0.6473662629833278,0.5447454283336175
M0,2030,5104,28,679,0.524300441826215,0.5010146476047455,0.7103632898543123,0.442354890700327
M0,2030,5104,29,679,0.4948453608247423,0.4674153263015517,0.7614503541250819,0.3716960678620963
M0,2030,5104,30,679,0.561119293078056,0.5387603321070178,0.6634320345911607,0.5252762586038201
M0,2030,5104,31,679,0.540500736377025,0.5158801483556386,0.6967611258879677,0.4734877971155363
M0,2030,5104,32,679,0.4786450662739323,0.4600871570149767,0.7320445157993525,0.4038629234396119
M0,2030,5104,33,679,0.5478645066273933,0.5338705768865729,0.6478037915805653,0.5452822291961409
M0,2030,5104,34,679,0.49042709867452133,0.4714244200500499,0.6954094665961694,0.4627534658893805
M0,2030,5104,35,679,0.46686303387334316,0.45189709603477324,0.7361945774356817,0.3628880913740739
M0,2030,5104,36,679,0.5670103092783505,0.5453112441930333,0.6475942158119667,0.5466595839029629
M0,2030,5104,37,679,0.5301914580265096,0.49820611690539746,0.6976336050498819,0.4445125988041701
M0,2030,5104,38,679,0.5095729013254786,0.4738140037756873,0.7362107631910884,0.3533655398328611
M0,2030,5104,39,679,0.572901325478645,0.5459465368407388,0.6531292176167638,0.5465787051534754
M0,2030,5104,40,679,0.5110456553755522,0.4750835349070702,0.6868769861373705,0.47721048387531617
M0,2030,5104,41,679,0.47128129602356406,0.438698502752056,0.7352681298450798,0.33489890005526485
M0,2030,5104,42,679,0.5522827687776142,0.534673635835669,0.655855987489838,0.5317496071111814
M0,2030,5104,43,679,0.49337260677466865,0.47337284773205324,0.7012336006132949,0.43098753359225755
M0,2030,5104,44,679,0.45508100147275404,0.42969679282243123,0.7541129160260943,0.32217403181251925
M0,2030,5104,45,679,0.5905743740795287,0.5732314366876451,0.6133528333788241,0.6080344805690385
M0,2030,5104,46,679,0.5920471281296024,0.5781699953264523,0.6180236499334119,0.5999395065401123
M0,2030,5104,47,679,0.6097201767304861,0.5980267026568049,0.6042064452908703,0.6269794853060647
M0,2030,5104,48,679,0.5802650957290133,0.5635627956976434,0.6159500349779368,0.607356008139105
M0,2030,5104,49,679,0.5964653902798233,0.5809125770494836,0.5998632771364895,0.624533548423112
M0,2030,5104,50,679,0.5949926362297496,0.5831274699300403,0.6024057931418973,0.6350595532860996
M0,2030,5104,51,679,0.5758468335787923,0.5581787689164637,0.6221824235259521,0.5940598057584329
M0,2030,5104,52,679,0.5743740795287187,0.5599624165380405,0.614452110430629,0.6066914448414722
M0,2030,5104,53,679,0.5920471281296024,0.5811186990648824,0.6076735626352027,0.623134388944431
M0,2030,5104,54,679,0.5684830633284241,0.5467734013193624,0.6495737792904844,0.543864655997867
M0,2030,5104,55,679,0.524300441826215,0.4979601339771862,0.7006091990992317,0.45094785967115747
M0,2030,5104,56,679,0.5139911634756995,0.48164971321576666,0.7279851688552148,0.39633639650982183
M0,2030,5104,57,679,0.561119293078056,0.5365129860149113,0.6470691601201255,0.54481019159695
M0,2030,5104,58,679,0.5522827687776142,0.5198052132202209,0.6664203341298672,0.4834873592363633
M0,2030,5104,59,679,0.5169366715758469,0.48777398610552447,0.699561114668495,0.4309381347154973
M0,2030,5104,60,679,0.5478645066273933,0.5368536828062385,0.6513688109145775,0.5265848093248547
M0,2030,5104,61,679,0.49042709867452133,0.4724823191388622,0.676039096445328,0.4682681925215089
M0,2030,5104,62,679,0.43446244477172313,0.40273768332103815,0.72873976980288,0.37173612528453975
M0,2030,5105,0,679,0.5640648011782032,0.5421108253299677,0.6502343141453255,0.5383304642738217
M0,2030,5105,1,679,0.5139911634756995,0.4917700152072586,0.7130037772857388,0.42303518881817237
M0,2030,5105,2,679,0.49042709867452133,0.4646501563162867,0.7485404830749678,0.34901504434386005
M0,2030,5105,3,679,0.5552282768777614,0.5313548168577341,0.6685563491791794,0.5209007545750064
M0,2030,5105,4,679,0.5360824742268041,0.5140784340766732,0.69467076156645,0.44708661930040433
M0,2030,5105,5,679,0.48600883652430044,0.46910529199296946,0.744240391961078,0.31440507082218544
M0,2030,5105,6,679,0.5375552282768777,0.5225493056719338,0.6533576269827465,0.5335675940730634
M0,2030,5105,7,679,0.5051546391752577,0.48799849322330213,0.7079708363767576,0.41577304019791644
M0,2030,5105,8,679,0.4639175257731959,0.4443005167539386,0.7553443519154424,0.3248433183235576
M0,2030,5105,9,679,0.5758468335787923,0.5607736752593845,0.6231056382887844,0.5955491453396425
M0,2030,5105,10,679,0.5758468335787923,0.5595024414418354,0.6293389111186689,0.5936238510694879
M0,2030,5105,11,679,0.5920471281296024,0.5790666384183054,0.6212202692857021,0.6094837727514543
M0,2030,5105,12,679,0.5802650957290133,0.5646622722563343,0.6203395562775883,0.6012149374712492
M0,2030,5105,13,679,0.5949926362297496,0.5791618998814856,0.6169448138512287,0.605533870898793
M0,2030,5105,14,679,0.5949926362297496,0.5799257402766175,0.615920903536989,0.6213547398887457
M0,2030,5105,15,679,0.5817378497790869,0.5679106974798703,0.6181381945669738,0.6045586346559777
M0,2030,5105,16,679,0.572901325478645,0.5591217643423751,0.6198115828549915,0.6027325091636124
M0,2030,5105,17,679,0.5846833578792342,0.5726978374354926,0.6125200215249771,0.6146211887495833
M0,2030,5105,18,679,0.5817378497790869,0.5648717337005348,0.6146107192682061,0.6015016080794278
M0,2030,5105,19,679,0.5773195876288659,0.5623523311933091,0.613354440377984,0.6049282456469249
M0,2030,5105,20,679,0.5846833578792342,0.5669137809663907,0.6108574461252243,0.6086925438726173
M0,2030,5105,21,679,0.5714285714285714,0.553695317223572,0.6190093116661937,0.5984415228328323
M0,2030,5105,22,679,0.5832106038291606,0.5664796241432544,0.6084394103824127,0.6071953507311952
M0,2030,5105,23,679,0.5846833578792342,0.5670897012917758,0.6087327872091611,0.6078142071819657
M0,2030,5105,24,679,0.5699558173784978,0.5533545866436578,0.6178917778170337,0.6000412395919675
M0,2030,5105,25,679,0.5773195876288659,0.5613230420086951,0.6091299548591536,0.6084049862852693
M0,2030,5105,26,679,0.5905743740795287,0.5724557155920127,0.6049688369781876,0.6095930170986951
M0,2030,5105,27,679,0.5596465390279823,0.5406038406038406,0.6516329248892541,0.5431690614281294
M0,2030,5105,28,679,0.5272459499263623,0.5056439704282101,0.7113253077675914,0.43219941835055536
M0,2030,5105,29,679,0.5022091310751104,0.4749771216546418,0.7545962715974086,0.36868108052286097
M0,2030,5105,30,679,0.5640648011782032,0.5423043766420707,0.6506691993775178,0.5329421556553565
M0,2030,5105,31,679,0.524300441826215,0.49769992934511964,0.689060369981055,0.46259046568235895
M0,2030,5105,32,679,0.48159057437407954,0.46440368156161904,0.7357086818418377,0.37708222434613
M0,2030,5105,33,679,0.5390279823269514,0.5223934468785727,0.6559430533726542,0.5325727801401644
M0,2030,5105,34,679,0.49042709867452133,0.47456408782292525,0.7055767574656168,0.4288391993030903
M0,2030,5105,35,679,0.46244477172312226,0.44590180769421583,0.7324319687920221,0.3679656885627195
M0,2030,5105,36,679,0.5493372606774669,0.5272297396535718,0.6590867519642011,0.5241045607974497
M0,2030,5105,37,679,0.524300441826215,0.4937873042400658,0.6967752855243668,0.45304250265790846
M0,2030,5105,38,679,0.5036818851251841,0.466291652017657,0.737963187413644,0.35803206812277943
M0,2030,5105,39,679,0.5581737849779087,0.5333680881878524,0.6549446931731543,0.5271828532241466
M0,2030,5105,40,679,0.5287187039764359,0.4971086642046757,0.6922214919144345,0.4549408273858488
M0,2030,5105,41,679,0.4639175257731959,0.42731184405815226,0.7488772768379136,0.3373875219415895
M0,2030,5105,42,679,0.5552282768777614,0.5376740782215498,0.6454351514972889,0.5504270615255734
M0,2030,5105,43,679,0.47569955817378495,0.4514582110643711,0.706903383794168,0.41980476454248783
M0,2030,5105,44,679,0.46686303387334316,0.4422208924189122,0.7382277789496884,0.33971261338478353
M0,2030,5105,45,679,0.5832106038291606,0.5671188988461171,0.6157642134159408,0.5983196775627995
M0,2030,5105,46,679,0.5905743740795287,0.5766697283263958,0.6170407191292,0.6055180457602691
M0,2030,5105,47,679,0.614138438880707,0.6036186015879405,0.6053504614222559,0.6253421333554998
M0,2030,5105,48,679,0.593519882179676,0.5777970205232628,0.608551571400773,0.6089353589656065
M0,2030,5105,49,679,0.5861561119293078,0.5677043979739471,0.6062801514089722,0.6281187118808077
M0,2030,5105,50,679,0.5920471281296024,0.5786511099850902,0.6029868893577705,0.6358021274536072
M0,2030,5105,51,679,0.5832106038291606,0.5705780833129606,0.6133953649358651,0.6035137183331929
M0,2030,5105,52,679,0.5846833578792342,0.5729779198268291,0.6104647743684378,0.6048303992930496
M0,2030,5105,53,679,0.5905743740795287,0.5804022333023071,0.6045439359190187,0.6240166866027257
M0,2030,5105,54,679,0.5463917525773195,0.5241537643018699,0.658606360209708,0.5302172483608947
M0,2030,5105,55,679,0.5257731958762887,0.49933737936058387,0.7092295462191543,0.44250982140526196
M0,2030,5105,56,679,0.5198821796759941,0.4915627924378648,0.7237245942821208,0.3914127090392842
M0,2030,5105,57,679,0.5684830633284241,0.5447112845980576,0.6468644246173713,0.5436971810231603
M0,2030,5105,58,679,0.561119293078056,0.532327971894923,0.6788612206045412,0.4814052874803374
M0,2030,5105,59,679,0.5110456553755522,0.4857751906756902,0.7095645183754951,0.39148882780038025
M0,2030,5105,60,679,0.5419734904270986,0.5299549170651571,0.6569813266506251,0.5238866075885004
M0,2030,5105,61,679,0.48748159057437407,0.4666533279978658,0.6827865691090192,0.4782213785518622
M0,2030,5105,62,679,0.43888070692194403,0.4087978436630416,0.7156840894859564,0.3950756582195993
M1,2026,5101,0,679,0.5537555228276878,0.5210612464988337,0.6444086042261615,0.5767798525149329
M1,2026,5101,1,679,0.5581737849779087,0.5265197237386083,0.6565225811919337,0.542214674395637
M1,2026,5101,2,679,0.5360824742268041,0.5040721179836853,0.6906127014330455,0.47726965093867213
M1,2026,5101,3,679,0.5684830633284241,0.5373216661978266,0.6407247292582873,0.579651109499209
M1,2026,5101,4,679,0.5670103092783505,0.5381058454352812,0.6609990748855257,0.5372738445628583
M1,2026,5101,5,679,0.5066273932253313,0.47516386998920357,0.6977362759817332,0.45573320479590446
M1,2026,5101,6,679,0.5346097201767305,0.5046838281953884,0.6437881998662921,0.5758999763399413
M1,2026,5101,7,679,0.5110456553755522,0.4832474732888211,0.6634807844093517,0.5332326960683106
M1,2026,5101,8,679,0.4845360824742268,0.46284406869575867,0.712251687589731,0.4211321048863171
M1,2026,5101,9,679,0.5846833578792342,0.5515753950262261,0.6168200367943704,0.6184626196465642
M1,2026,5101,10,679,0.5920471281296024,0.5591204144047184,0.617515669567771,0.6196051215312138
M1,2026,5101,11,679,0.5920471281296024,0.5569979118902507,0.6064694710350177,0.6343257403083068
M1,2026,5101,12,679,0.5861561119293078,0.5536600807477708,0.61673119216499,0.6187758597412919
M1,2026,5101,13,679,0.5861561119293078,0.5522776234245179,0.6127793272307063,0.6279331131513285
M1,2026,5101,14,679,0.6008836524300442,0.565625291561891,0.6028382335741496,0.6410210022226573
M1,2026,5101,15,679,0.5802650957290133,0.5457435181857122,0.6209838288960997,0.6145536099585168
M1,2026,5101,16,679,0.5832106038291606,0.5458250953439405,0.6179642775185153,0.6217415398426149
M1,2026,5101,17,679,0.5891016200294551,0.5502076235952814,0.6116630937547501,0.6316236946702213
M1,2026,5101,18,679,0.5684830633284241,0.5317140558829767,0.6233869445165935,0.6145593845025472
M1,2026,5101,19,679,0.5670103092783505,0.5276552224246231,0.6259809663966408,0.6102941919260833
M1,2026,5101,20,679,0.5596465390279823,0.5157891546050981,0.6326281885247519,0.6103560162676559
M1,2026,5101,21,679,0.5670103092783505,0.5309512833690784,0.6265925135194641,0.6114437113580755
M1,2026,5101,22,679,0.561119293078056,0.5224434650373857,0.6278483969473523,0.6135045315307276
M1,2026,5101,23,679,0.5552282768777614,0.5085014360197224,0.6372539212759886,0.6066037932380909
M1,2026,5101,24,679,0.5714285714285714,0.5362384433654408,0.6226441776805142,0.6148910877085737
M1,2026,5101,25,679,0.5802650957290133,0.5437455455796971,0.617245741199499,0.6173085561191016
M1,2026,5101,26,679,0.5567010309278351,0.5156062234476841,0.6325237719405207,0.6043270872846976
M1,2026,5101,27,679,0.5640648011782032,0.529230347514134,0.6343228646687099,0.5951315718531448
M1,2026,5101,28,679,0.5390279823269514,0.5051933256607477,0.6667923471493995,0.5373498497085227
M1,2026,5101,29,679,0.5346097201767305,0.49912437086286165,0.6826860661315286,0.49638703872765333
M1,2026,5101,30,679,0.5802650957290133,0.5506124605988565,0.6275004423463467,0.5916188074370284
M1,2026,5101,31,679,0.5522827687776142,0.5220699279310279,0.6550277865029576,0.5557015739099489
M1,2026,5101,32,679,0.540500736377025,0.5047177476753428,0.679813779221192,0.49623229873154145
M1,2026,5101,33,679,0.5640648011782032,0.5287269659967704,0.6326581176716027,0.5891976150272537
M1,2026,5101,34,679,0.5154639175257731,0.4830179158268607,0.6628204123041591,0.5472889660267299
M1,2026,5101,35,679,0.5095729013254786,0.4799523230754199,0.6871581354311534,0.4698814029790159
M1,2026,5101,36,679,0.5581737849779087,0.5248732265199331,0.6356530854250791,0.588312750298449
M1,2026,5101,37,679,0.5346097201767305,0.49623699554059864,0.6716574926659004,0.5320051150893009
M1,2026,5101,38,679,0.5051546391752577,0.4619961043808535,0.7074486297913258,0.4593207517802933
M1,2026,5101,39,679,0.5699558173784978,0.538286964505607,0.6378422248916528,0.57334037690624
M1,2026,5101,40,679,0.5478645066273933,0.5111420169673133,0.6597862616071645,0.5390015356507197
M1,2026,5101,41,679,0.4845360824742268,0.4421620379428396,0.7192400035740525,0.4422649393849801
M1,2026,5101,42,679,0.5552282768777614,0.5230294806956951,0.6306864829714766,0.595360835224756
M1,2026,5101,43,679,0.5139911634756995,0.48345798942916307,0.6638435413059676,0.538128153584005
M1,2026,5101,44,679,0.4786450662739323,0.4516460611583827,0.7114417697131546,0.43272873360757164
M1,2026,5101,45,679,0.5846833578792342,0.5512775492251816,0.6182937490834755,0.6215884770227386
M1,2026,5101,46,679,0.5891016200294551,0.5538832252085264,0.6206575924412667,0.617433093526419
M1,2026,5101,47,679,0.5832106038291606,0.54386727065996,0.6106733298354367,0.6287511526689608
M1,2026,5101,48,679,0.5817378497790869,0.5453386773611493,0.6193497534265223,0.6183276110994034
M1,2026,5101,49,679,0.5920471281296024,0.5546444661304909,0.6114396130301288,0.6319460567132661
M1,2026,5101,50,679,0.5891016200294551,0.5422533444726624,0.6098483940901918,0.6386443014645833
M1,2026,5101,51,679,0.5714285714285714,0.5281572204798017,0.6224997290060341,0.615876232957594
M1,2026,5101,52,679,0.5743740795287187,0.5310936109569883,0.6186048739174154,0.6226513009593772
M1,2026,5101,53,679,0.6023564064801178,0.5608356785127074,0.6065391803349592,0.6368170086866589
M1,2026,5101,54,679,0.5670103092783505,0.5287875309090353,0.6337916298449829,0.598868996920329
M1,2026,5101,55,679,0.561119293078056,0.5237553876350386,0.659024670500643,0.5474977331112298
M1,2026,5101,56,679,0.540500736377025,0.4972356673512742,0.6782208917023331,0.5126316788394417
M1,2026,5101,57,679,0.5773195876288659,0.5427955509689256,0.6342095588505355,0.5855406804000559
M1,2026,5101,58,679,0.5478645066273933,0.5002226402226403,0.6538900851720563,0.5651845108358016
M1,2026,5101,59,679,0.5360824742268041,0.4904848466175761,0.6858855554825779,0.4780650746461914
M1,2026,5101,60,679,0.5493372606774669,0.5148049013084264,0.6260596111482654,0.60618269035999
M1,2026,5101,61,679,0.5625920471281296,0.5306769198143,0.6355044359618329,0.5786221192495753
M1,2026,5101,62,679,0.5184094256259205,0.48396715532265405,0.684290533147434,0.46543313338651016
M1,2026,5102,0,679,0.561119293078056,0.5279974698733658,0.6403692181226256,0.5782750578375961
M1,2026,5102,1,679,0.5346097201767305,0.5052766783678162,0.6687772999324223,0.5242837883927363
M1,2026,5102,2,679,0.5316642120765832,0.5018682497980536,0.6869189358029696,0.4836495812616497
M1,2026,5102,3,679,0.572901325478645,0.5397596074402792,0.6336102655736265,0.5911572515171364
M1,2026,5102,4,679,0.5522827687776142,0.519782751202718,0.65756302977609,0.5533073924687743
M1,2026,5102,5,679,0.5198821796759941,0.49177310391929363,0.6975956030947119,0.45223937802899966
M1,2026,5102,6,679,0.540500736377025,0.5034946996708535,0.631825573029153,0.5926604101029485
M1,2026,5102,7,679,0.5257731958762887,0.4972265711584597,0.6680768810113856,0.5261746050857395
M1,2026,5102,8,679,0.4845360824742268,0.46455867154993247,0.7097177715952864,0.4280796625269564
M1,2026,5102,9,679,0.5817378497790869,0.5495916515141148,0.6209500607141515,0.614070294737877
M1,2026,5102,10,679,0.6008836524300442,0.5675563919026545,0.6120286240230077,0.622514608195087
M1,2026,5102,11,679,0.5905743740795287,0.5548678865317177,0.6100634112186039,0.6312198868448539
M1,2026,5102,12,679,0.5787923416789397,0.5423806012655759,0.6166617404203176,0.6216750682067649
M1,2026,5102,13,679,0.5817378497790869,0.542973757672212,0.6125791563113413,0.6309395142987316
M1,2026,5102,14,679,0.5920471281296024,0.5544996051201158,0.6076199534803146,0.6353288175743854
M1,2026,5102,15,679,0.5640648011782032,0.5290836756425541,0.6275304613390797,0.606904482484922
M1,2026,5102,16,679,0.5787923416789397,0.5383285630903578,0.6199469462761296,0.6174023238632709
M1,2026,5102,17,679,0.5905743740795287,0.5490717013659796,0.6123069099895382,0.6327930296759787
M1,2026,5102,18,679,0.5670103092783505,0.5306533613679094,0.6247240727183043,0.6132436627351039
M1,2026,5102,19,679,0.5684830633284241,0.5286140996236979,0.6251362944474452,0.613521798115685
M1,2026,5102,20,679,0.561119293078056,0.5175681227502522,0.6314222758227139,0.6122345627806743
M1,2026,5102,21,679,0.5670103092783505,0.5309886811917868,0.6255502778054688,0.6114109294394938
M1,2026,5102,22,679,0.5596465390279823,0.51676577595646,0.6288870336907602,0.6125896168664755
M1,2026,5102,23,679,0.5567010309278351,0.5094721779755664,0.6348115305398455,0.608744618135732
M1,2026,5102,24,679,0.5699558173784978,0.5342751891731826,0.6241383715388701,0.6111402199352474
M1,2026,5102,25,679,0.5684830633284241,0.5317304609044534,0.6214335289988145,0.6151929328184687
M1,2026,5102,26,679,0.5655375552282769,0.5254749668692187,0.6282560428129906,0.610112983608192
M1,2026,5102,27,679,0.5478645066273933,0.5119723360761208,0.6437127578767655,0.5897594096288759
M1,2026,5102,28,679,0.5508100147275405,0.5169229105808022,0.6605097575329891,0.5405459159933698
M1,2026,5102,29,679,0.5213549337260678,0.48593524592468595,0.6837401817798263,0.5045734362566643
M1,2026,5102,30,679,0.572901325478645,0.5390514622420088,0.6275236005503931,0.6063789750394508
M1,2026,5102,31,679,0.5596465390279823,0.5233050837096804,0.6533149885718706,0.5590621565371153
M1,2026,5102,32,679,0.5257731958762887,0.4931619113830952,0.6826776237349096,0.5014396118851436
M1,2026,5102,33,679,0.5596465390279823,0.5249257436004424,0.6228299780209742,0.6035751430985687
M1,2026,5102,34,679,0.5463917525773195,0.5141556648569889,0.6446560022362202,0.5607857812399974
M1,2026,5102,35,679,0.5154639175257731,0.48646075545209566,0.6874133972821426,0.47438516192690755
M1,2026,5102,36,679,0.5596465390279823,0.5246566644949202,0.6324855937610143,0.5996780852039736
M1,2026,5102,37,679,0.5493372606774669,0.5140705935913756,0.6620228766561082,0.5387269764099611
M1,2026,5102,38,679,0.5066273932253313,0.4695462645098727,0.695996489392289,0.48224408541036806
M1,2026,5102,39,679,0.5640648011782032,0.5261825924197813,0.6393500781331393,0.5812992382949499
M1,2026,5102,40,679,0.5522827687776142,0.5129170096736759,0.6652242184694807,0.5297092566686117
M1,2026,5102,41,679,0.5051546391752577,0.46373518256978274,0.6989629074865308,0.4669652571318661
M1,2026,5102,42,679,0.5625920471281296,0.5261528543417062,0.6222471110028968,0.6069650572339099
M1,2026,5102,43,679,0.5213549337260678,0.48811444576521823,0.6578290859053517,0.5517750359021512
M1,2026,5102,44,679,0.4801178203240059,0.4493190916310643,0.7073118986674366,0.4345667938113988
M1,2026,5102,45,679,0.5802650957290133,0.5470000768164561,0.6194273899247614,0.6167495339449355
M1,2026,5102,46,679,0.5920471281296024,0.5577479176940594,0.6144909353512552,0.6240697707445088
M1,2026,5102,47,679,0.5861561119293078,0.5458807156991404,0.6090583300906534,0.6340429858758496
M1,2026,5102,48,679,0.5861561119293078,0.5502875595574677,0.6167820589795204,0.6201282288176954
M1,2026,5102,49,679,0.5861561119293078,0.5446823890846662,0.6133620330353373,0.6324164077765003
M1,2026,5102,50,679,0.5802650957290133,0.5358281668227779,0.6094546617833083,0.6346660364940565
M1,2026,5102,51,679,0.5714285714285714,0.5306162329045828,0.6198484352920122,0.6155691454997758
M1,2026,5102,52,679,0.5699558173784978,0.5302989572785135,0.6164750307140013,0.6230512215064326
M1,2026,5102,53,679,0.6008836524300442,0.5611618059512419,0.6072406311449492,0.6377558714843463
M1,2026,5102,54,679,0.5537555228276878,0.5154328344482026,0.6383066748835377,0.5881650698445494
M1,2026,5102,55,679,0.5581737849779087,0.5115595330505597,0.6632200871897376,0.5356797101025954
M1,2026,5102,56,679,0.5360824742268041,0.496835181831892,0.6866538824626026,0.4871925675471681
M1,2026,5102,57,679,0.5861561119293078,0.5471230898422008,0.6195111208223629,0.6113297468799053
M1,2026,5102,58,679,0.5817378497790869,0.5319182038552199,0.6492981636822662,0.5784985737289604
M1,2026,5102,59,679,0.5213549337260678,0.47472445136339336,0.6891190880177123,0.4733980105717187
M1,2026,5102,60,679,0.5655375552282769,0.5330378918388743,0.6303101662376317,0.5966990826595975
M1,2026,5102,61,679,0.5257731958762887,0.4877812096355143,0.6549428181944961,0.5485438667591881
M1,2026,5102,62,679,0.5287187039764359,0.4880845324682579,0.6707440485439876,0.49461999866988093
M1,2026,5103,0,679,0.561119293078056,0.5283557555484245,0.6393103094137821,0.5845266056464863
M1,2026,5103,1,679,0.5478645066273933,0.5164751573843931,0.6607729423686928,0.531317176334875
M1,2026,5103,2,679,0.5316642120765832,0.5016282621389749,0.6894661194050962,0.4777400988505099
M1,2026,5103,3,679,0.5846833578792342,0.5568792283878846,0.6366479070047918,0.5747383282335478
M1,2026,5103,4,679,0.5625920471281296,0.5358141671691504,0.6607232089202428,0.5447263776056495
M1,2026,5103,5,679,0.5095729013254786,0.48216428515014453,0.6944331990469889,0.4551448312276744
M1,2026,5103,6,679,0.5463917525773195,0.5125135468905193,0.6371640348162321,0.5861546908847625
M1,2026,5103,7,679,0.5272459499263623,0.5053938653938653,0.6579961914333222,0.5516983142287039
M1,2026,5103,8,679,0.48600883652430044,0.46383467217393204,0.7115526856176984,0.42327294690343364
M1,2026,5103,9,679,0.5846833578792342,0.5513058577816818,0.619677810763751,0.6176929814130688
M1,2026,5103,10,679,0.5949926362297496,0.562424082854608,0.6176443472175429,0.619313014278444
M1,2026,5103,11,679,0.5905743740795287,0.5568853272610498,0.6070641460053524,0.6328052324576235
M1,2026,5103,12,679,0.5773195876288659,0.5432558165005984,0.6198426263409615,0.6206186899650367
M1,2026,5103,13,679,0.5846833578792342,0.5495292560148402,0.6107607970620466,0.6309622280398096
M1,2026,5103,14,679,0.593519882179676,0.5551042732083303,0.604810484028003,0.6409418954261858
M1,2026,5103,15,679,0.572901325478645,0.5372005768119021,0.6238504557353232,0.612022351467607
M1,2026,5103,16,679,0.5787923416789397,0.5394678550772636,0.6203737478807503,0.6180503764025268
M1,2026,5103,17,679,0.5876288659793815,0.5463855730117302,0.6153437413593456,0.6274740540043499
M1,2026,5103,18,679,0.5684830633284241,0.5336581104992774,0.624456602975792,0.6121894459137504
M1,2026,5103,19,679,0.5684830633284241,0.5306643823098299,0.6248405099529581,0.6110999542904895
M1,2026,5103,20,679,0.5581737849779087,0.5143147176411794,0.6314497059855791,0.6117939754043071
M1,2026,5103,21,679,0.5655375552282769,0.5308988019418741,0.6256316437198066,0.6123855245631141
M1,2026,5103,22,679,0.5714285714285714,0.5319109753759016,0.6253410927150316,0.6140456569666024
M1,2026,5103,23,679,0.5552282768777614,0.5094071197377058,0.6337802747212383,0.610060366887085
M1,2026,5103,24,679,0.5743740795287187,0.5399258235126297,0.6216165220614561,0.6145977246060572
M1,2026,5103,25,679,0.5758468335787923,0.5388475007321606,0.6200479860026636,0.6143779073443604
M1,2026,5103,26,679,0.5567010309278351,0.5131077732644157,0.6292237542865905,0.6111858060214856
M1,2026,5103,27,679,0.561119293078056,0.5279757901620419,0.6374561639176202,0.5962562556987573
M1,2026,5103,28,679,0.5625920471281296,0.5283333333333333,0.6486079949166884,0.5461673148251254
M1,2026,5103,29,679,0.5346097201767305,0.5002646222706103,0.68414359172156,0.49493432715745234
M1,2026,5103,30,679,0.5699558173784978,0.5375880062447227,0.630071918835345,0.5952379303139715
M1,2026,5103,31,679,0.572901325478645,0.5409224020316434,0.6384626002611924,0.5833036065147114
M1,2026,5103,32,679,0.5169366715758469,0.4734836157221477,0.6817205740750626,0.5057588536099019
M1,2026,5103,33,679,0.5537555228276878,0.5171139912802519,0.6313288497336659,0.5906393369639842
M1,2026,5103,34,679,0.5272459499263623,0.4988019608401365,0.6583143919706345,0.5298934702706323
M1,2026,5103,35,679,0.508100147275405,0.48000617172601945,0.688495610990124,0.46705090422195683
M1,2026,5103,36,679,0.5581737849779087,0.5237471771288196,0.6385580005017226,0.5766865135799888
M1,2026,5103,37,679,0.5463917525773195,0.5125430192096858,0.6631874409840279,0.5334763225888614
M1,2026,5103,38,679,0.5154639175257731,0.476966434700388,0.7051250860643667,0.4689705984192283
M1,2026,5103,39,679,0.5581737849779087,0.5198269442836893,0.636752711458129,0.5801838981437503
M1,2026,5103,40,679,0.5493372606774669,0.5173079277624733,0.6594531894915234,0.5405786263112095
M1,2026,5103,41,679,0.5007363770250368,0.4595624307239377,0.7047102340498448,0.47631815352089096
M1,2026,5103,42,679,0.5684830633284241,0.5345410387658602,0.6288728942005554,0.6027466735573203
M1,2026,5103,43,679,0.5228276877761414,0.48606390527866916,0.6614209989165347,0.5521324989488708
M1,2026,5103,44,679,0.4801178203240059,0.45299554906317946,0.7098821562897298,0.42776955908711123
M1,2026,5103,45,679,0.5832106038291606,0.5475881426257517,0.6197472481559057,0.6201263431240712
M1,2026,5103,46,679,0.593519882179676,0.5585807169589841,0.6129399254501129,0.621337316585444
M1,2026,5103,47,679,0.5964653902798233,0.5538828138456916,0.606962265559254,0.6327916145010408
M1,2026,5103,48,679,0.5773195876288659,0.5410928891303759,0.6204620979408101,0.6177722772909877
M1,2026,5103,49,679,0.5832106038291606,0.5444965771405565,0.6130072604837403,0.6271245074277014
M1,2026,5103,50,679,0.6038291605301914,0.5544606271629052,0.6043678331182,0.6437149187563214
M1,2026,5103,51,679,0.5640648011782032,0.5269664053184437,0.6247533594034558,0.6115756173318885
M1,2026,5103,52,679,0.5846833578792342,0.5448309808208139,0.6153425185424063,0.623113329807061
M1,2026,5103,53,679,0.6111929307805597,0.5699357966979263,0.6029354437900397,0.6390924470881838
M1,2026,5103,54,679,0.5596465390279823,0.5221226612829583,0.6293510942992827,0.604344324646165
M1,2026,5103,55,679,0.5360824742268041,0.4982925782925783,0.6605072189369328,0.5468094357139367
M1,2026,5103,56,679,0.5375552282768777,0.4970713241165433,0.6828858425761182,0.5045087458458407
M1,2026,5103,57,679,0.5684830633284241,0.5324070240033262,0.6290567502138015,0.5992282916673034
M1,2026,5103,58,679,0.5581737849779087,0.5187542717856458,0.6517360798345223,0.5524296674519787
M1,2026,5103,59,679,0.5257731958762887,0.47953491019031674,0.6969571446503385,0.48201773343866144
M1,2026,5103,60,679,0.5596465390279823,0.5250184640250711,0.6309351279168487,0.5869271474570328
M1,2026,5103,61,679,0.5331369661266568,0.4983020111388069,0.6528127229661408,0.5366523467141096
M1,2026,5103,62,679,0.5184094256259205,0.47987829146755656,0.6761297271292058,0.4833030277648742
M1,2026,5104,0,679,0.5581737849779087,0.5237077591487361,0.6446055446878975,0.5794888555309797
M1,2026,5104,1,679,0.5478645066273933,0.5189221290590393,0.6670205278187683,0.529758215068714
M1,2026,5104,2,679,0.5346097201767305,0.5010828106701776,0.6861593287674072,0.4867393641413878
M1,2026,5104,3,679,0.5773195876288659,0.5451525073305222,0.6351265185053113,0.5789699230547722
M1,2026,5104,4,679,0.5508100147275405,0.5227742554613876,0.662034732318416,0.5471061930659616
M1,2026,5104,5,679,0.5110456553755522,0.4869308718901951,0.69701783337105,0.44947442414351085
M1,2026,5104,6,679,0.5625920471281296,0.5322712208087766,0.6408382949360341,0.5672623037741942
M1,2026,5104,7,679,0.5198821796759941,0.49264446833120124,0.6652257332965095,0.5328964935695515
M1,2026,5104,8,679,0.49042709867452133,0.46766370717737027,0.7129402421579445,0.4216104991587052
M1,2026,5104,9,679,0.5846833578792342,0.5505920031238092,0.6184825814261878,0.6151166507249684
M1,2026,5104,10,679,0.5964653902798233,0.5621748122056331,0.6171498679623162,0.6172317304467249
M1,2026,5104,11,679,0.5832106038291606,0.5478116933476866,0.6113635411757609,0.6300246535638767
M1,2026,5104,12,679,0.5714285714285714,0.5362472358416975,0.6222801892325523,0.6148953469127203
M1,2026,5104,13,679,0.5949926362297496,0.5602425516497255,0.6131707583067167,0.6245507358024868
M1,2026,5104,14,679,0.6008836524300442,0.5646625139471009,0.6053635025937357,0.6356106396961526
M1,2026,5104,15,679,0.5773195876288659,0.5420313935728188,0.621953171991986,0.6122383365010077
M1,2026,5104,16,679,0.5817378497790869,0.5406728652649944,0.6172209422876277,0.6173713861646171
M1,2026,5104,17,679,0.5861561119293078,0.5465373884311819,0.613976230238604,0.6304314604697654
M1,2026,5104,18,679,0.5684830633284241,0.5342420559905259,0.6251529619339112,0.6106882125807708
M1,2026,5104,19,679,0.5714285714285714,0.5328227825355194,0.6242231663003761,0.6137724370535779
M1,2026,5104,20,679,0.5625920471281296,0.5187016528853496,0.6313660447218281,0.6113826199534421
M1,2026,5104,21,679,0.5670103092783505,0.5320573130953546,0.6248722038669333,0.6129316821857327
M1,2026,5104,22,679,0.5640648011782032,0.5205791180633947,0.6291010015052969,0.6114693458032845
M1,2026,5104,23,679,0.5625920471281296,0.5165651648426995,0.6314076644331437,0.6129091614480568
M1,2026,5104,24,679,0.5670103092783505,0.5306533613679094,0.6237161831055194,0.6131607851228309
M1,2026,5104,25,679,0.5758468335787923,0.5379035910982419,0.6205034284072,0.6166146031924101
M1,2026,5104,26,679,0.5552282768777614,0.5132934568848192,0.6299657119830332,0.6066317956210128
M1,2026,5104,27,679,0.5714285714285714,0.5380678171347135,0.6293429658584988,0.5922935721446821
M1,2026,5104,28,679,0.5581737849779087,0.5246031676424856,0.6546041787065708,0.5450450047999355
M1,2026,5104,29,679,0.5213549337260678,0.4873054380076852,0.6855563006757461,0.49544373745473563
M1,2026,5104,30,679,0.561119293078056,0.5274058624324385,0.6392801640793923,0.5868422721399983
M1,2026,5104,31,679,0.5567010309278351,0.5239412093539084,0.656325505324948,0.5582304208360837
M1,2026,5104,32,679,0.5346097201767305,0.5010376026243402,0.6724131181726399,0.5232982227254007
M1,2026,5104,33,679,0.5522827687776142,0.5223745769796007,0.6276472311615066,0.5933384771058013
M1,2026,5104,34,679,0.5301914580265096,0.49954356989809984,0.6548732543509558,0.5558780146131848
M1,2026,5104,35,679,0.5022091310751104,0.47034236405045365,0.6889407796914166,0.47222344715170905
M1,2026,5104,36,679,0.5522827687776142,0.518682754897383,0.6397598534164092,0.5837767195406225
M1,2026,5104,37,679,0.5390279823269514,0.5032599448243962,0.6669744962664521,0.5301664722716349
M1,2026,5104,38,679,0.5095729013254786,0.47084539331741015,0.7004992036870372,0.476219082460349
M1,2026,5104,39,679,0.5787923416789397,0.5439443054644758,0.6419579849546894,0.5793515273179864
M1,2026,5104,40,679,0.5360824742268041,0.4975648816657722,0.664010552072209,0.5530580156691762
M1,2026,5104,41,679,0.5110456553755522,0.46696350187060787,0.7085975050180053,0.4597695607951108
M1,2026,5104,42,679,0.5478645066273933,0.5125748085434536,0.6315712177569104,0.5998391719962478
M1,2026,5104,43,679,0.5375552282768777,0.5076734224425663,0.6577848542552984,0.5478359887879413
M1,2026,5104,44,679,0.4683357879234168,0.43812099809591953,0.7108585154843435,0.42886175529893866
M1,2026,5104,45,679,0.5817378497790869,0.5462125912228326,0.617686022758835,0.6200514694112117
M1,2026,5104,46,679,0.5891016200294551,0.5541655374154862,0.6118395885065835,0.6235609580257273
M1,2026,5104,47,679,0.5905743740795287,0.5480536891464793,0.6049260140255379,0.6401897632985892
M1,2026,5104,48,679,0.5832106038291606,0.5485504301293775,0.6197724629835457,0.6158346615419382
M1,2026,5104,49,679,0.5846833578792342,0.5449969281091271,0.6156338551609787,0.6328271608656478
M1,2026,5104,50,679,0.5891016200294551,0.5426324746261711,0.6059313516553617,0.6360661754556113
M1,2026,5104,51,679,0.5743740795287187,0.5384735951943546,0.6214049861866525,0.6173114784285172
M1,2026,5104,52,679,0.5817378497790869,0.5418772209087162,0.6181922089281068,0.6221873236866494
M1,2026,5104,53,679,0.6023564064801178,0.5594878902217713,0.6057319065695834,0.6382969298023076
M1,2026,5104,54,679,0.5640648011782032,0.5307183655936094,0.626853980529993,0.5988479677289367
M1,2026,5104,55,679,0.561119293078056,0.5169109745268037,0.6583448226436073,0.5451638869360432
M1,2026,5104,56,679,0.5360824742268041,0.49062944688053395,0.6779375938322828,0.5028473185051376
M1,2026,5104,57,679,0.5758468335787923,0.540476350415608,0.6307991619533221,0.592317220791344
M1,2026,5104,58,679,0.5787923416789397,0.5372503386394422,0.638803630035826,0.5673182654305448
M1,2026,5104,59,679,0.5346097201767305,0.4878785146486125,0.6699641808450485,0.5306688249599189
M1,2026,5104,60,679,0.5375552282768777,0.5034803372031896,0.6432100843215726,0.5771363886359662
M1,2026,5104,61,679,0.5346097201767305,0.49969439870197335,0.6458984468357202,0.5617168501978078
M1,2026,5104,62,679,0.5375552282768777,0.4994108407190002,0.6698309435277343,0.4867270683099044
M1,2026,5105,0,679,0.5552282768777614,0.5186186589673263,0.6402943745057958,0.5898743681790378
M1,2026,5105,1,679,0.5301914580265096,0.5015518765114526,0.6652873688444649,0.528215940685238
M1,2026,5105,2,679,0.5375552282768777,0.5072879711064976,0.6861473629374567,0.4808411871671105
M1,2026,5105,3,679,0.5714285714285714,0.5365245911265811,0.640429035926427,0.5748412542318834
M1,2026,5105,4,679,0.5625920471281296,0.5336697301256218,0.6460688573929628,0.5613289986313724
M1,2026,5105,5,679,0.4992636229749632,0.4742143311855622,0.7069575131948987,0.4450709300520224
M1,2026,5105,6,679,0.5463917525773195,0.5163838410186554,0.6406009786478374,0.5759986664312402
M1,2026,5105,7,679,0.5257731958762887,0.4966102077778579,0.6688030947422244,0.5231489210316628
M1,2026,5105,8,679,0.49189985272459497,0.4691643597211044,0.7053482500240975,0.428417858040334
M1,2026,5105,9,679,0.5846833578792342,0.5532717799427519,0.619300360883283,0.6159549532180743
M1,2026,5105,10,679,0.5920471281296024,0.5599528876213369,0.6153316456544733,0.6213820031328104
M1,2026,5105,11,679,0.5905743740795287,0.5566760906039045,0.6110333785831665,0.6273221331931167
M1,2026,5105,12,679,0.5802650957290133,0.5465520397053828,0.6199598512962043,0.6164624221917165
M1,2026,5105,13,679,0.5832106038291606,0.5498372569128992,0.6198318400948318,0.6232904943174594
M1,2026,5105,14,679,0.5949926362297496,0.5601883556396722,0.6047610737964928,0.6384731078358747
M1,2026,5105,15,679,0.5670103092783505,0.5300138816605966,0.6234539808686247,0.6137552785946901
M1,2026,5105,16,679,0.5846833578792342,0.5445882338047455,0.6157725581101009,0.6219102499601418
M1,2026,5105,17,679,0.5891016200294551,0.5488834895290987,0.6154634314362887,0.627698501603146
M1,2026,5105,18,679,0.5670103092783505,0.5318116389832747,0.624458506593648,0.6135413345636204
M1,2026,5105,19,679,0.5758468335787923,0.5381420024920074,0.6226242332992217,0.615120113985667
M1,2026,5105,20,679,0.5581737849779087,0.5147751889832878,0.6311033102567136,0.6101939201961357
M1,2026,5105,21,679,0.5699558173784978,0.5337888316611721,0.6263527589711595,0.6104430646718492
M1,2026,5105,22,679,0.5640648011782032,0.5225902240164437,0.6316492816485432,0.6070252186025775
M1,2026,5105,23,679,0.561119293078056,0.5149944206536681,0.6353315614460143,0.6081580358784203
M1,2026,5105,24,679,0.572901325478645,0.5371052556673447,0.6229482726776898,0.6129368480060026
M1,2026,5105,25,679,0.5714285714285714,0.5337005258425419,0.6189082009012815,0.6166120624701289
M1,2026,5105,26,679,0.5596465390279823,0.517532896239626,0.6306608882410362,0.6047030586501113
M1,2026,5105,27,679,0.5640648011782032,0.5315504682895004,0.6329093955577912,0.6018438195036994
M1,2026,5105,28,679,0.5508100147275405,0.5163903978676505,0.6632257767778784,0.5318581518510963
M1,2026,5105,29,679,0.5213549337260678,0.48388983508215455,0.6843357203591379,0.49817824914347375
M1,2026,5105,30,679,0.5596465390279823,0.5254862350272979,0.6301875138800695,0.5860931661562412
M1,2026,5105,31,679,0.5684830633284241,0.5354988314344142,0.6407171212389121,0.5811136338764838
M1,2026,5105,32,679,0.5301914580265096,0.49795273997222,0.6745923083599257,0.4983376713449645
M1,2026,5105,33,679,0.561119293078056,0.5262236019181024,0.6305793721080705,0.5914600456133421
M1,2026,5105,34,679,0.5257731958762887,0.4979279505355254,0.6585917585859945,0.5405499010403223
M1,2026,5105,35,679,0.4948453608247423,0.4667519208911264,0.6904510836581945,0.4604252848192413
M1,2026,5105,36,679,0.5449189985272459,0.5095843227887367,0.6414859955897212,0.584130482277147
M1,2026,5105,37,679,0.5272459499263623,0.4932307626830099,0.6746063163292777,0.528313375734965
M1,2026,5105,38,679,0.508100147275405,0.46772834842639793,0.69895640145082,0.4786321414950642
M1,2026,5105,39,679,0.561119293078056,0.5262784991033991,0.6372790507127329,0.5863034247295204
M1,2026,5105,40,679,0.5493372606774669,0.5096527811850907,0.6559714255127534,0.5531941097786633
M1,2026,5105,41,679,0.49337260677466865,0.4483122924455579,0.7148935088396775,0.45130887572362716
M1,2026,5105,42,679,0.5537555228276878,0.5171483628589058,0.6286917975136739,0.5992294891488046
M1,2026,5105,43,679,0.5198821796759941,0.4846657919046994,0.6633093771641314,0.5293497693607663
M1,2026,5105,44,679,0.4889543446244477,0.459105232832632,0.7054275194174763,0.438294109174378
M1,2026,5105,45,679,0.5846833578792342,0.5496165229043233,0.6179352104663849,0.6162547291519536
M1,2026,5105,46,679,0.5876288659793815,0.5515246946562825,0.614416804554185,0.624701278768765
M1,2026,5105,47,679,0.5861561119293078,0.5441164797020149,0.6068537132992836,0.6366581214439672
M1,2026,5105,48,679,0.5802650957290133,0.54381371638892,0.620245177106759,0.6172646991454358
M1,2026,5105,49,679,0.5758468335787923,0.5327937269092738,0.6130643636646608,0.6355005305699893
M1,2026,5105,50,679,0.5876288659793815,0.5359432234432234,0.6095245535840693,0.6395716952494188
M1,2026,5105,51,679,0.5758468335787923,0.5380096660584466,0.6170361489057541,0.6167570727117865
M1,2026,5105,52,679,0.5861561119293078,0.549466297029542,0.6146035782981867,0.6225942689782736
M1,2026,5105,53,679,0.605301914580265,0.5648399525950546,0.6065311878261229,0.6384536694856174
M1,2026,5105,54,679,0.5493372606774669,0.512339630849873,0.646068365347403,0.5811592246767495
M1,2026,5105,55,679,0.5522827687776142,0.5119974453110697,0.6660795585528038,0.5294522309764317
M1,2026,5105,56,679,0.5434462444771723,0.5010467753770732,0.6783617935712629,0.5016127216404177
M1,2026,5105,57,679,0.5817378497790869,0.5435286272921511,0.6328441331462059,0.5881360255326437
M1,2026,5105,58,679,0.561119293078056,0.5196880202720566,0.6486923024606985,0.5623233005189265
M1,2026,5105,59,679,0.5346097201767305,0.487784265515942,0.6716017247299734,0.5257187356044788
M1,2026,5105,60,679,0.5552282768777614,0.5183113913864796,0.6379012366501677,0.5881327691621039
M1,2026,5105,61,679,0.5331369661266568,0.491314126641921,0.6468229017965221,0.5783749868410588
M1,2026,5105,62,679,0.5346097201767305,0.4966905641341117,0.6648943024592828,0.49799772580468626
M1,2027,5101,0,679,0.5522827687776142,0.5287258310312508,0.6465670626407519,0.5247715385205042
M1,2027,5101,1,679,0.5360824742268041,0.5071859484159513,0.6831768611788925,0.4951522164183434
M1,2027,5101,2,679,0.48159057437407954,0.4350578418459021,0.7444230915652108,0.40074279994888845
M1,2027,5101,3,679,0.5463917525773195,0.5203312322333457,0.6627572084693389,0.5162212864939683
M1,2027,5101,4,679,0.5257731958762887,0.4959594545067161,0.6915757786894056,0.4884358356776494
M1,2027,5101,5,679,0.5110456553755522,0.47749069232556246,0.7429727539968771,0.40035750792337743
M1,2027,5101,6,679,0.5478645066273933,0.5209888505024158,0.6587083268148032,0.5187984874639795
M1,2027,5101,7,679,0.5360824742268041,0.5018675206467548,0.6835796613580875,0.4834242313733523
M1,2027,5101,8,679,0.5036818851251841,0.46836269264016894,0.745664641414721,0.3874659098961921
M1,2027,5101,9,679,0.5817378497790869,0.5600766443840567,0.6208683902367577,0.5744861538396252
M1,2027,5101,10,679,0.5832106038291606,0.5635106317230083,0.6178351644870985,0.568352768166894
M1,2027,5101,11,679,0.5773195876288659,0.561995312043203,0.6155865721744711,0.5707072213777232
M1,2027,5101,12,679,0.5802650957290133,0.559917458994939,0.6199180961357477,0.5766648810375604
M1,2027,5101,13,679,0.572901325478645,0.5520698394388677,0.6183787458336231,0.5803101486001089
M1,2027,5101,14,679,0.5861561119293078,0.5714712335589571,0.610449787750511,0.5974412209118706
M1,2027,5101,15,679,0.5699558173784978,0.5491860690530924,0.6278435725263363,0.5694840556435223
M1,2027,5101,16,679,0.5699558173784978,0.552138010754207,0.620106185439409,0.5798124482760663
M1,2027,5101,17,679,0.5832106038291606,0.5688938402663355,0.6137478138719287,0.589845179086023
M1,2027,5101,18,679,0.5787923416789397,0.5563721478057335,0.6240614332884155,0.572392311306749
M1,2027,5101,19,679,0.5773195876288659,0.5547976958706257,0.6210161029019657,0.5743936294214357
M1,2027,5101,20,679,0.5714285714285714,0.5471828674612634,0.6236204772704831,0.5619985478688498
M1,2027,5101,21,679,0.5743740795287187,0.5514229406054137,0.6246054966951856,0.5708325506550078
M1,2027,5101,22,679,0.5625920471281296,0.5389576479094755,0.6252851460529533,0.5713545492906512
M1,2027,5101,23,679,0.5552282768777614,0.528543408669409,0.6259143526977221,0.5659805557665999
M1,2027,5101,24,679,0.5773195876288659,0.5543978264790835,0.6226186083193556,0.5730526993866837
M1,2027,5101,25,679,0.561119293078056,0.5390904511951597,0.6231664533292071,0.5717142259295808
M1,2027,5101,26,679,0.5581737849779087,0.53399215186167,0.6230350205666538,0.5666368025827224
M1,2027,5101,27,679,0.561119293078056,0.537399833371038,0.6442880228666564,0.5400861462488344
M1,2027,5101,28,679,0.5287187039764359,0.4944538205557894,0.6718102239280808,0.5009564345634605
M1,2027,5101,29,679,0.5066273932253313,0.46119834119834124,0.7338268972373676,0.40428839704506814
M1,2027,5101,30,679,0.5655375552282769,0.5392502612330199,0.6401457918453989,0.5481282674409355
M1,2027,5101,31,679,0.5581737849779087,0.5278836179460795,0.692049606120288,0.47813794152388955
M1,2027,5101,32,679,0.5022091310751104,0.46260825297936925,0.7384158786775789,0.4083510287613262
M1,2027,5101,33,679,0.5714285714285714,0.5498485104200463,0.6372318631243811,0.5485747188875837
M1,2027,5101,34,679,0.5316642120765832,0.5043888163079093,0.691630648407915,0.470480259798868
M1,2027,5101,35,679,0.5125184094256259,0.4800600267059605,0.7328963898374686,0.40528147722795693
M1,2027,5101,36,679,0.561119293078056,0.5320270589625429,0.6456116949247858,0.5199692906916697
M1,2027,5101,37,679,0.5360824742268041,0.5058054846278136,0.6853591102519688,0.47348362090374124
M1,2027,5101,38,679,0.5022091310751104,0.45448316358198104,0.7450980912998253,0.38586494589372466
M1,2027,5101,39,679,0.5419734904270986,0.5098787623056759,0.6568665752223033,0.525739257086688
M1,2027,5101,40,679,0.5375552282768777,0.5051490383579935,0.6857628097458687,0.48466482894157875
M1,2027,5101,41,679,0.5022091310751104,0.45470552116171015,0.7490711653267688,0.3989323893386995
M1,2027,5101,42,679,0.5552282768777614,0.5295333413711636,0.6488764228104492,0.5313171784521792
M1,2027,5101,43,679,0.5272459499263623,0.49168437294069056,0.6857039927338991,0.48181630740888387
M1,2027,5101,44,679,0.4845360824742268,0.439574561510921,0.7521020286827621,0.3682069514853182
M1,2027,5101,45,679,0.5743740795287187,0.5483614232266415,0.6214653330584865,0.5767166260186882
M1,2027,5101,46,679,0.5743740795287187,0.5561072855418254,0.6186373087636501,0.5676026467039088
M1,2027,5101,47,679,0.5684830633284241,0.5591032649415882,0.6174599849817854,0.5667483531390815
M1,2027,5101,48,679,0.5802650957290133,0.5554655045062862,0.6125097671120437,0.584460293539941
M1,2027,5101,49,679,0.5699558173784978,0.5517237936190554,0.6174483789084411,0.5785146812987402
M1,2027,5101,50,679,0.5684830633284241,0.5540507660554099,0.6091602256573704,0.5898998833534045
M1,2027,5101,51,679,0.5670103092783505,0.5484401784007013,0.6224603636494792,0.5712455663761437
M1,2027,5101,52,679,0.5684830633284241,0.5503880956176509,0.6184999686453233,0.5762251643292697
M1,2027,5101,53,679,0.5493372606774669,0.537961487136976,0.6154789338670177,0.5875893210278056
M1,2027,5101,54,679,0.5478645066273933,0.5202338723875001,0.6424939307399281,0.532020189222156
M1,2027,5101,55,679,0.5434462444771723,0.5098951175294263,0.6709474692771291,0.49992068341149903
M1,2027,5101,56,679,0.524300441826215,0.48245371408092175,0.6982610893705983,0.4266969265485497
M1,2027,5101,57,679,0.5596465390279823,0.5352135643127284,0.6453786123000821,0.5289083149398708
M1,2027,5101,58,679,0.5419734904270986,0.5142226642106228,0.6765855955006623,0.5055113629263244
M1,2027,5101,59,679,0.5198821796759941,0.47485924877122554,0.7102127355442482,0.4336692336894289
M1,2027,5101,60,679,0.5522827687776142,0.5357355559684005,0.6420189802355197,0.5447814573432567
M1,2027,5101,61,679,0.5287187039764359,0.5035252171432011,0.6721040052588102,0.4906107753986272
M1,2027,5101,62,679,0.49337260677466865,0.46725952772963514,0.7150535156870801,0.41009348166248316
M1,2027,5102,0,679,0.5449189985272459,0.5136804741291368,0.647284249735335,0.5283672528344122
M1,2027,5102,1,679,0.5228276877761414,0.4919207994673408,0.6832792863842314,0.48392817652128073
M1,2027,5102,2,679,0.48600883652430044,0.44342011625341904,0.739304400859771,0.40625856314299036
M1,2027,5102,3,679,0.5419734904270986,0.5157135934854978,0.6540295413430556,0.5370628118638676
M1,2027,5102,4,679,0.5478645066273933,0.5173586230831805,0.6823709961109203,0.5073718093196607
M1,2027,5102,5,679,0.49337260677466865,0.45410752929934517,0.7484366703498697,0.4016474889648539
M1,2027,5102,6,679,0.561119293078056,0.5360295598883849,0.6423020116842196,0.5420170957619017
M1,2027,5102,7,679,0.5169366715758469,0.48305720667218655,0.6899541888567063,0.48006648647436867
M1,2027,5102,8,679,0.5007363770250368,0.4661000069928215,0.7448348548916197,0.3900428445749248
M1,2027,5102,9,679,0.5832106038291606,0.5611220688143765,0.6170703048251339,0.5808560447805631
M1,2027,5102,10,679,0.5787923416789397,0.558256152649974,0.6168199171022744,0.5688397276645398
M1,2027,5102,11,679,0.5817378497790869,0.5652476785729592,0.6156115752695587,0.5716609225922391
M1,2027,5102,12,679,0.5758468335787923,0.555026858810279,0.6211147803445628,0.5782670575076825
M1,2027,5102,13,679,0.5787923416789397,0.5602865763506362,0.6154200147195488,0.5864977229419654
M1,2027,5102,14,679,0.5846833578792342,0.569072719737534,0.6079105349457843,0.5967256755003123
M1,2027,5102,15,679,0.5773195876288659,0.5565080659362535,0.6232792033933224,0.5686500134757362
M1,2027,5102,16,679,0.5670103092783505,0.5474391503998578,0.6228611230060173,0.5742042891358474
M1,2027,5102,17,679,0.5817378497790869,0.565789849223895,0.6145372768652808,0.58922960053237
M1,2027,5102,18,679,0.572901325478645,0.5509242832246136,0.6251426240832535,0.5698363021136924
M1,2027,5102,19,679,0.5714285714285714,0.5488480836724569,0.6228101335147694,0.5719482022639698
M1,2027,5102,20,679,0.5699558173784978,0.5456019619893675,0.6221104477133069,0.5677022215829068
M1,2027,5102,21,679,0.5684830633284241,0.5466973921689547,0.6253845509970135,0.5710154626022654
M1,2027,5102,22,679,0.5699558173784978,0.5489603879026956,0.6239559363590249,0.5675160579901793
M1,2027,5102,23,679,0.5522827687776142,0.5262114656341912,0.6258253573230159,0.5664731784722722
M1,2027,5102,24,679,0.5714285714285714,0.5492152420728919,0.6254561325104493,0.5707687348877472
M1,2027,5102,25,679,0.5743740795287187,0.5498791045284132,0.6197838469439999,0.5741475645482957
M1,2027,5102,26,679,0.5581737849779087,0.5338883507576516,0.6205555558072976,0.5724407727017179
M1,2027,5102,27,679,0.5655375552282769,0.5450674681466501,0.6364594526117083,0.5409313809638965
M1,2027,5102,28,679,0.5522827687776142,0.5234652382387709,0.6767730099068123,0.49491802965811643
M1,2027,5102,29,679,0.5066273932253313,0.46586280253221923,0.7379970409206509,0.3957510080327716
M1,2027,5102,30,679,0.5581737849779087,0.5347050656697144,0.6501179378320613,0.5499948061757126
M1,2027,5102,31,679,0.5463917525773195,0.5153842553925309,0.6837331498362705,0.5050383915623362
M1,2027,5102,32,679,0.5036818851251841,0.4615822725595161,0.747908051832084,0.4109942331203311
M1,2027,5102,33,679,0.5581737849779087,0.5330023862043182,0.6453599174217552,0.5377701257650684
M1,2027,5102,34,679,0.5331369661266568,0.5028868198193983,0.6791215373727113,0.4991758661006882
M1,2027,5102,35,679,0.5095729013254786,0.4760331337392223,0.7359682958194539,0.40580621931842187
M1,2027,5102,36,679,0.5508100147275405,0.5245404422962244,0.63780502252972,0.5559663193785312
M1,2027,5102,37,679,0.5360824742268041,0.5043551893652394,0.6818287873391023,0.4813511799637501
M1,2027,5102,38,679,0.49779086892488955,0.4542467117303165,0.7391545370286975,0.3962989188481254
M1,2027,5102,39,679,0.5655375552282769,0.5382640099254035,0.6526917867878225,0.5377599663416084
M1,2027,5102,40,679,0.5463917525773195,0.5155021096366889,0.6830152220069396,0.48704043418221366
M1,2027,5102,41,679,0.5139911634756995,0.4717021311448556,0.7411329902719503,0.41093972070643403
M1,2027,5102,42,679,0.5478645066273933,0.5222854800765143,0.6466285228202551,0.5471614700562579
M1,2027,5102,43,679,0.5301914580265096,0.49803742733584466,0.6794075605751664,0.4883645357465534
M1,2027,5102,44,679,0.4845360824742268,0.44055350942348764,0.745232705844344,0.3917075007947757
M1,2027,5102,45,679,0.5817378497790869,0.5567163247100659,0.6160599396225279,0.5768598843713358
M1,2027,5102,46,679,0.5640648011782032,0.5449598983888466,0.6137048534950206,0.580568055068103
M1,2027,5102,47,679,0.5758468335787923,0.5655197031904436,0.613824413082561,0.5686252443092569
M1,2027,5102,48,679,0.572901325478645,0.5520321387155558,0.6204028337403846,0.5795950360328453
M1,2027,5102,49,679,0.5846833578792342,0.5666684530189353,0.6058486947605992,0.5977903500105882
M1,2027,5102,50,679,0.5832106038291606,0.5707786957979216,0.6070561801825426,0.5884473546784829
M1,2027,5102,51,679,0.572901325478645,0.5542701247138428,0.6243505497656444,0.5635073337709053
M1,2027,5102,52,679,0.5699558173784978,0.5563607545588682,0.6156787743712384,0.5726938862877667
M1,2027,5102,53,679,0.5508100147275405,0.540389865433568,0.619266036310849,0.5776666885415501
M1,2027,5102,54,679,0.5684830633284241,0.5435467162038798,0.6355238592633443,0.5401714129549084
M1,2027,5102,55,679,0.5552282768777614,0.5210100486810452,0.6676018366889153,0.5052623507123576
M1,2027,5102,56,679,0.5139911634756995,0.4756551653251666,0.7117066370413827,0.4269382301991785
M1,2027,5102,57,679,0.561119293078056,0.530125596179349,0.6352654943278331,0.5583574779039743
M1,2027,5102,58,679,0.5655375552282769,0.5360166964818127,0.6602268662956572,0.5326330234465215
M1,2027,5102,59,679,0.524300441826215,0.48214994748003376,0.7220061331636249,0.39582207923574314
M1,2027,5102,60,679,0.5360824742268041,0.5133064411757895,0.6559427159568172,0.512302282247214
M1,2027,5102,61,679,0.5272459499263623,0.4944937812412499,0.6758605434678616,0.4966457494024503
M1,2027,5102,62,679,0.49779086892488955,0.4659124519372967,0.7204924240949754,0.4151233399657869
M1,2027,5103,0,679,0.5684830633284241,0.5442807555036941,0.6400121884511041,0.5483342177308588
M1,2027,5103,1,679,0.5301914580265096,0.49778938075570367,0.6862365259118214,0.4736176994891993
M1,2027,5103,2,679,0.48306332842415317,0.4366094301894834,0.7440872477238589,0.40226262827201115
M1,2027,5103,3,679,0.5581737849779087,0.5304644606357387,0.6548942710452649,0.5256840425791613
M1,2027,5103,4,679,0.5537555228276878,0.5246918771769744,0.6890343087279568,0.48596562919075403
M1,2027,5103,5,679,0.5110456553755522,0.47113436054349744,0.7472429351225517,0.39008057209984437
M1,2027,5103,6,679,0.5508100147275405,0.526386816084598,0.6469888246463219,0.5331757340841736
M1,2027,5103,7,679,0.5257731958762887,0.49578825187580317,0.6891436102815159,0.48768739914448644
M1,2027,5103,8,679,0.49779086892488955,0.4613947725418557,0.7431654958863673,0.39682986514306584
M1,2027,5103,9,679,0.5861561119293078,0.5650580732097602,0.6193474852020505,0.5754175610280375
M1,2027,5103,10,679,0.5787923416789397,0.5591960607585812,0.6177480936225981,0.5691450150573184
M1,2027,5103,11,679,0.5743740795287187,0.5582870378295571,0.6146817793946203,0.5715831179413658
M1,2027,5103,12,679,0.572901325478645,0.5513534631556362,0.6227323002948677,0.575847221214205
M1,2027,5103,13,679,0.572901325478645,0.5520416351422611,0.6191066567386899,0.5845154194975701
M1,2027,5103,14,679,0.5787923416789397,0.5646320839058507,0.6123651387677452,0.5903289750048706
M1,2027,5103,15,679,0.5714285714285714,0.5488474681815978,0.6206346012004521,0.5775175383142962
M1,2027,5103,16,679,0.5655375552282769,0.5471650366466578,0.6236441331382001,0.5780829357837451
M1,2027,5103,17,679,0.5846833578792342,0.5692861865131835,0.6123392353484487,0.5889872861005835
M1,2027,5103,18,679,0.572901325478645,0.5503280474799461,0.6243554327379095,0.5716317759821175
M1,2027,5103,19,679,0.5743740795287187,0.5498937376563919,0.6208355384433041,0.572666096813662
M1,2027,5103,20,679,0.5699558173784978,0.5454127552395972,0.6234229629933395,0.5626676432472361
M1,2027,5103,21,679,0.5743740795287187,0.5505490995574823,0.6234807505523333,0.5721510657989902
M1,2027,5103,22,679,0.5640648011782032,0.5410516030457433,0.623576675800933,0.5696196688569851
M1,2027,5103,23,679,0.5581737849779087,0.5313102413425467,0.621923317175375,0.5716752602975375
M1,2027,5103,24,679,0.572901325478645,0.5495839027596038,0.6256324968606629,0.5707127132803658
M1,2027,5103,25,679,0.561119293078056,0.5365571429858539,0.6245217681896704,0.5700662129852618
M1,2027,5103,26,679,0.5625920471281296,0.5372820027791042,0.6212221704236889,0.5704520565939509
M1,2027,5103,27,679,0.5478645066273933,0.5211481804922043,0.6409835417553321,0.5486694463929508
M1,2027,5103,28,679,0.5301914580265096,0.49635771119358607,0.6765665155403393,0.4884563512580293
M1,2027,5103,29,679,0.5154639175257731,0.4764664232947815,0.7245393762576211,0.41295727059406767
M1,2027,5103,30,679,0.5375552282768777,0.5108339628731255,0.6587218385030665,0.5230179059205476
M1,2027,5103,31,679,0.5522827687776142,0.5237259941514203,0.67543253592258,0.509284068202706
M1,2027,5103,32,679,0.5051546391752577,0.46135242962166034,0.7402700925127923,0.41068046945384634
M1,2027,5103,33,679,0.5449189985272459,0.5189726023969209,0.649642123718676,0.540704356615556
M1,2027,5103,34,679,0.5257731958762887,0.49247425875039397,0.6832303725215929,0.4955579101627076
M1,2027,5103,35,679,0.5139911634756995,0.48034636705867484,0.733240824187276,0.4048653959801743
M1,2027,5103,36,679,0.5449189985272459,0.5184811751969297,0.6425342896681646,0.5388014098457506
M1,2027,5103,37,679,0.5346097201767305,0.5036722844724887,0.6850180917355028,0.4779256760985028
M1,2027,5103,38,679,0.4992636229749632,0.4516956027119028,0.7497754340802095,0.3837793854799269
M1,2027,5103,39,679,0.572901325478645,0.5469387887100043,0.6387267281714174,0.5478454673678043
M1,2027,5103,40,679,0.5346097201767305,0.5048256044956911,0.6865229477806892,0.48647032105960525
M1,2027,5103,41,679,0.5036818851251841,0.4585009328105174,0.7365872261713812,0.41758932736921833
M1,2027,5103,42,679,0.5567010309278351,0.5335975371135232,0.6454817364554694,0.5422994852012986
M1,2027,5103,43,679,0.5213549337260678,0.4882909301123287,0.6899100737385616,0.4851975007377417
M1,2027,5103,44,679,0.48748159057437407,0.44388531306369333,0.7426244351842793,0.39130945225918307
M1,2027,5103,45,679,0.5699558173784978,0.5480416482897594,0.620442118775511,0.5762051114488532
M1,2027,5103,46,679,0.5758468335787923,0.5552729478956776,0.6110640992911118,0.5809831524842323
M1,2027,5103,47,679,0.5655375552282769,0.5551652923162501,0.6163853561623633,0.5659893628269133
M1,2027,5103,48,679,0.5625920471281296,0.540861989743779,0.6247505548908012,0.5727371054470295
M1,2027,5103,49,679,0.5758468335787923,0.558053205556854,0.6099681487754097,0.593293360179099
M1,2027,5103,50,679,0.5891016200294551,0.5720473009120937,0.6075403724573498,0.5851589558285191
M1,2027,5103,51,679,0.5640648011782032,0.5457639682421845,0.6242695873238376,0.5681398786026819
M1,2027,5103,52,679,0.5581737849779087,0.5401842758842099,0.6179138558295408,0.583412357726323
M1,2027,5103,53,679,0.5552282768777614,0.5461997678383779,0.614438561719893,0.5881944793436167
M1,2027,5103,54,679,0.5773195876288659,0.5549333156290026,0.6246679647330508,0.5718905534505057
M1,2027,5103,55,679,0.5478645066273933,0.5156503874073745,0.6698870605326893,0.48440167082173957
M1,2027,5103,56,679,0.5139911634756995,0.4729458151000173,0.7134403695677447,0.4172700538115663
M1,2027,5103,57,679,0.5493372606774669,0.522650850395354,0.6469868307656146,0.5356610211203736
M1,2027,5103,58,679,0.5625920471281296,0.5372298295913542,0.6737316402226731,0.47722695712407703
M1,2027,5103,59,679,0.5272459499263623,0.48925827650679543,0.7181930817191836,0.4323393207981898
M1,2027,5103,60,679,0.5655375552282769,0.5463556698426594,0.6414169686707902,0.5251837530968871
M1,2027,5103,61,679,0.5331369661266568,0.5093503510644377,0.6629295094330988,0.5040450460555256
M1,2027,5103,62,679,0.4963181148748159,0.47315038118973657,0.7107383110869089,0.4232825638344354
M1,2027,5104,0,679,0.5478645066273933,0.525278658723205,0.6481760331211456,0.5270596171453761
M1,2027,5104,1,679,0.5066273932253313,0.47580708275253625,0.6962172910241912,0.47003995728077935
M1,2027,5104,2,679,0.4845360824742268,0.4395989379083005,0.7394621350277155,0.40832088629888913
M1,2027,5104,3,679,0.5449189985272459,0.5166420407767173,0.663266451483447,0.5140700870069326
M1,2027,5104,4,679,0.5375552282768777,0.5072903150151119,0.6936704552182393,0.49679201395301437
M1,2027,5104,5,679,0.5051546391752577,0.4694408197574351,0.751455227585183,0.3887826635239286
M1,2027,5104,6,679,0.5508100147275405,0.5260366918594767,0.6607223940966582,0.5047841903797157
M1,2027,5104,7,679,0.5331369661266568,0.501918636903157,0.6878573432762247,0.4783335425786316
M1,2027,5104,8,679,0.48748159057437407,0.4527065500999007,0.7491326839477921,0.37506665530340383
M1,2027,5104,9,679,0.5846833578792342,0.5640860006775472,0.6215628468498742,0.5746795993266265
M1,2027,5104,10,679,0.5714285714285714,0.5485015027349124,0.6175813333450958,0.5668472969030982
M1,2027,5104,11,679,0.5787923416789397,0.5623655197482145,0.6134048260320444,0.5741806243507674
M1,2027,5104,12,679,0.5817378497790869,0.5579059988662389,0.6191782103590832,0.5808269713684094
M1,2027,5104,13,679,0.5773195876288659,0.556474074553875,0.6223125935742009,0.5671301841185307
M1,2027,5104,14,679,0.5964653902798233,0.5806183770042035,0.6071997298056668,0.5958393556334723
M1,2027,5104,15,679,0.5743740795287187,0.5515338709845645,0.6254353236642959,0.570196815831216
M1,2027,5104,16,679,0.5773195876288659,0.5590241747750925,0.6220505188201418,0.5715211187602833
M1,2027,5104,17,679,0.5802650957290133,0.5644938063655823,0.6132065111082678,0.5900017195360086
M1,2027,5104,18,679,0.572901325478645,0.5510015117157975,0.6250243197704098,0.5702261465441608
M1,2027,5104,19,679,0.5773195876288659,0.5529300843208553,0.6212793851328879,0.5716405078359407
M1,2027,5104,20,679,0.5817378497790869,0.5585234707749149,0.6210322646048353,0.5648214866440849
M1,2027,5104,21,679,0.5743740795287187,0.5525431231456717,0.6254925931061842,0.5669474958500856
M1,2027,5104,22,679,0.5684830633284241,0.5449593542165367,0.6235786878307719,0.5702054374254806
M1,2027,5104,23,679,0.5522827687776142,0.5262316427307432,0.6246403550978789,0.5704021761744229
M1,2027,5104,24,679,0.5758468335787923,0.5546106858172484,0.6232314201754919,0.5724962447658934
M1,2027,5104,25,679,0.5684830633284241,0.5455172837316005,0.6220507091555926,0.569875650326731
M1,2027,5104,26,679,0.561119293078056,0.5359055250388729,0.6217005738936398,0.5688852467653822
M1,2027,5104,27,679,0.5625920471281296,0.5405871947631068,0.634516341235922,0.5449393390145775
M1,2027,5104,28,679,0.5169366715758469,0.47564459036381057,0.6807767145105244,0.5003210851260038
M1,2027,5104,29,679,0.5139911634756995,0.47406411204630794,0.7344303709812825,0.39812932396404876
M1,2027,5104,30,679,0.5434462444771723,0.5157976390444196,0.6516723871801668,0.5344747541818787
M1,2027,5104,31,679,0.5581737849779087,0.5298465864937045,0.69299545416688,0.4852821172019153
M1,2027,5104,32,679,0.5169366715758469,0.4757325365099403,0.7336001109348306,0.4209449835708396
M1,2027,5104,33,679,0.5596465390279823,0.5371931016473923,0.6520159659311944,0.5264597715176651
M1,2027,5104,34,679,0.5463917525773195,0.5197550259619225,0.6777615354057616,0.5033653498793542
M1,2027,5104,35,679,0.5154639175257731,0.4845162147793727,0.730708837970016,0.414335181523135
M1,2027,5104,36,679,0.5567010309278351,0.5299798263000949,0.6421218136317249,0.5393637075201488
M1,2027,5104,37,679,0.5346097201767305,0.5039895093564182,0.6859021339571002,0.4795979323263056
M1,2027,5104,38,679,0.49042709867452133,0.4459552951870384,0.7378279820896564,0.40146012934457215
M1,2027,5104,39,679,0.5522827687776142,0.5238936935151908,0.652470627923075,0.5397069153082467
M1,2027,5104,40,679,0.5346097201767305,0.5016106153376546,0.6824750813363403,0.5053038504973751
M1,2027,5104,41,679,0.49779086892488955,0.45422520429275715,0.7590762510434869,0.38379509780008847
M1,2027,5104,42,679,0.5449189985272459,0.5196340473112536,0.6419782470664852,0.5536302347061546
M1,2027,5104,43,679,0.5316642120765832,0.4995060242175398,0.678954903590486,0.4828441783530673
M1,2027,5104,44,679,0.4948453608247423,0.4554906610374445,0.7454059372638216,0.3808205181333361
M1,2027,5104,45,679,0.5743740795287187,0.5498937376563919,0.6174706681926402,0.5830360007619155
M1,2027,5104,46,679,0.5699558173784978,0.5507421339111305,0.6107761113080079,0.5739625066186959
M1,2027,5104,47,679,0.5684830633284241,0.558929021400153,0.6128667170107803,0.5754138405443427
M1,2027,5104,48,679,0.5787923416789397,0.5582340380595469,0.6180049618363205,0.5771708847919701
M1,2027,5104,49,679,0.5684830633284241,0.5499477774841366,0.6156473441573411,0.5810864528074076
M1,2027,5104,50,679,0.5773195876288659,0.5645979185401437,0.611158959029876,0.5850900993070771
M1,2027,5104,51,679,0.572901325478645,0.5542240623016067,0.6239822179254622,0.5680662863206493
M1,2027,5104,52,679,0.5596465390279823,0.5397523881498687,0.6247239941086439,0.5675308620394051
M1,2027,5104,53,679,0.5493372606774669,0.5381407088034234,0.6168374298510741,0.5833926998733147
M1,2027,5104,54,679,0.5508100147275405,0.5242834577674615,0.6355596021893098,0.54158706281186
M1,2027,5104,55,679,0.5419734904270986,0.5058967907977777,0.6739102785032522,0.4894443125930761
M1,2027,5104,56,679,0.5036818851251841,0.4655563068873896,0.708617722645775,0.42189917121444276
M1,2027,5104,57,679,0.5478645066273933,0.5214121828574234,0.6631959761892047,0.507595670313747
M1,2027,5104,58,679,0.5640648011782032,0.5364907479981956,0.6586127708911544,0.5206297311127445
M1,2027,5104,59,679,0.5301914580265096,0.48603676551728037,0.7022480120188358,0.4741688014427117
M1,2027,5104,60,679,0.5375552282768777,0.5109899151446659,0.6523100088113186,0.5271175585255241
M1,2027,5104,61,679,0.5508100147275405,0.5224255284341461,0.6626487696908184,0.5086076014177461
M1,2027,5104,62,679,0.5066273932253313,0.47719567581398326,0.7233358995552793,0.39979914562080154
M1,2027,5105,0,679,0.5331369661266568,0.5035572586295337,0.6493972320883193,0.5275831511035686
M1,2027,5105,1,679,0.5198821796759941,0.49272880997674906,0.6964593460572135,0.4665894660327517
M1,2027,5105,2,679,0.4845360824742268,0.4408732427201829,0.7379796151208948,0.40322063277983067
M1,2027,5105,3,679,0.561119293078056,0.5333537977957903,0.6543052766214239,0.5322247392384294
M1,2027,5105,4,679,0.5596465390279823,0.5322637167460612,0.6795063188219983,0.5034034365043241
M1,2027,5105,5,679,0.5022091310751104,0.46499205057732895,0.746346751922009,0.39997407582935546
M1,2027,5105,6,679,0.5478645066273933,0.5182272269458693,0.6565764804476315,0.5246819871164218
M1,2027,5105,7,679,0.5213549337260678,0.4865798759975576,0.7035019216902653,0.4500363845619244
M1,2027,5105,8,679,0.5007363770250368,0.46357650803553896,0.7429263222200003,0.38943579459964134
M1,2027,5105,9,679,0.5802650957290133,0.560198078920951,0.6207379950471058,0.5745014300537837
M1,2027,5105,10,679,0.5758468335787923,0.5566378066378066,0.6139280184423098,0.5749879921903949
M1,2027,5105,11,679,0.5846833578792342,0.5683623650882446,0.6158601498788165,0.570498783354829
M1,2027,5105,12,679,0.5773195876288659,0.5574461837530333,0.6219466647273135,0.5810730258402909
M1,2027,5105,13,679,0.5714285714285714,0.5527508917537521,0.6254079899090906,0.5694253910324854
M1,2027,5105,14,679,0.593519882179676,0.5777736158861386,0.6091697131542816,0.5929833754540703
M1,2027,5105,15,679,0.572901325478645,0.551285586597758,0.6253151716733014,0.5722334156917123
M1,2027,5105,16,679,0.5758468335787923,0.5554661282099509,0.6207724640005994,0.5783580964365425
M1,2027,5105,17,679,0.5743740795287187,0.5603146132692435,0.6139553643993496,0.5925251299735931
M1,2027,5105,18,679,0.5743740795287187,0.5531214823229746,0.6242551632850967,0.5708184543554535
M1,2027,5105,19,679,0.572901325478645,0.5494083040020734,0.6214417636131152,0.5721105929906559
M1,2027,5105,20,679,0.5758468335787923,0.5514133942640421,0.6208371691658149,0.5666501481784365
M1,2027,5105,21,679,0.5699558173784978,0.5475389701665353,0.626405719892617,0.569996431931933
M1,2027,5105,22,679,0.5596465390279823,0.5379414537642385,0.6261859431709211,0.5679824768133422
M1,2027,5105,23,679,0.5567010309278351,0.5312723219513338,0.6241329766601456,0.5681878945301518
M1,2027,5105,24,679,0.5699558173784978,0.5470105967181755,0.6232206067166377,0.5723634224466225
M1,2027,5105,25,679,0.5655375552282769,0.5412373002924183,0.6228670153728465,0.5707197303885977
M1,2027,5105,26,679,0.561119293078056,0.5378992229170484,0.6221346853407914,0.5694094699796863
M1,2027,5105,27,679,0.5434462444771723,0.5171252008411554,0.6431932876843942,0.5415642023440697
M1,2027,5105,28,679,0.5169366715758469,0.4877980122455342,0.6889940196749739,0.4594369892911447
M1,2027,5105,29,679,0.5095729013254786,0.4682812499081464,0.7286057212830293,0.40765308095466335
M1,2027,5105,30,679,0.5670103092783505,0.5433923316033606,0.6489622717138945,0.5295793932469078
M1,2027,5105,31,679,0.5449189985272459,0.5094680992636671,0.6867807058505001,0.480238453458195
M1,2027,5105,32,679,0.508100147275405,0.4694196541322089,0.7381009401997691,0.4237954155567986
M1,2027,5105,33,679,0.5699558173784978,0.5518300653594771,0.6489942492546845,0.5310026575610752
M1,2027,5105,34,679,0.5257731958762887,0.5003719710047033,0.6747240360732984,0.49562695604228374
M1,2027,5105,35,679,0.5169366715758469,0.48790452424106073,0.7347428665245405,0.40393294873559715
M1,2027,5105,36,679,0.5596465390279823,0.5330608040883427,0.642878608034707,0.5268272642683324
M1,2027,5105,37,679,0.5522827687776142,0.5204367409954003,0.6879455459925493,0.46802165225110853
M1,2027,5105,38,679,0.4889543446244477,0.4459620708748616,0.7427092022502545,0.39750278540122086
M1,2027,5105,39,679,0.5567010309278351,0.5297108122668456,0.6505993914095046,0.5388813060243288
M1,2027,5105,40,679,0.5699558173784978,0.5374205544064748,0.6656251575836202,0.5131428438831631
M1,2027,5105,41,679,0.49189985272459497,0.4453764039728952,0.7584276732183521,0.38563001754279885
M1,2027,5105,42,679,0.5670103092783505,0.5416872165042883,0.6368368697710698,0.5518587912949258
M1,2027,5105,43,679,0.5154639175257731,0.478544240210616,0.6960586048936984,0.46827231403190045
M1,2027,5105,44,679,0.49042709867452133,0.4460206080240787,0.741059596500797,0.3878846123215946
M1,2027,5105,45,679,0.5743740795287187,0.5524652295450259,0.6195216619564613,0.5773708074676016
M1,2027,5105,46,679,0.5758468335787923,0.556101850852156,0.6095540241526223,0.5795634179575542
M1,2027,5105,47,679,0.5787923416789397,0.5682599389365994,0.6103687673938819,0.5721439967755512
M1,2027,5105,48,679,0.5714285714285714,0.5500324365298301,0.6188045506624832,0.578921132864047
M1,2027,5105,49,679,0.5758468335787923,0.5568843129266817,0.6076203121835247,0.5959082857037276
M1,2027,5105,50,679,0.5773195876288659,0.5646861028749577,0.6089563056804645,0.5856244988835754
M1,2027,5105,51,679,0.5640648011782032,0.5440074906367041,0.6223161054421243,0.5738896502276435
M1,2027,5105,52,679,0.5625920471281296,0.547836008145652,0.6183676507230711,0.5751618550017051
M1,2027,5105,53,679,0.5522827687776142,0.541979706520892,0.6151316306376844,0.5865270282172711
M1,2027,5105,54,679,0.5625920471281296,0.5407147940088698,0.6363774344698143,0.5386514170379343
M1,2027,5105,55,679,0.5493372606774669,0.5143818934510188,0.6840390201125827,0.4704606957028334
M1,2027,5105,56,679,0.5198821796759941,0.48529934040906253,0.7053707894020123,0.42120520888994956
M1,2027,5105,57,679,0.5375552282768777,0.5155312156525013,0.6449860779017166,0.5530980351284454
M1,2027,5105,58,679,0.5522827687776142,0.5248761221196138,0.6783041931875324,0.5034452750237858
M1,2027,5105,59,679,0.5272459499263623,0.47963823545612916,0.7046434292912659,0.45238532715190594
M1,2027,5105,60,679,0.5419734904270986,0.5152308310536158,0.654011973554326,0.5216012436390192
M1,2027,5105,61,679,0.5360824742268041,0.5054440427524707,0.6551149203078561,0.5328765427382678
M1,2027,5105,62,679,0.5139911634756995,0.4858565422104265,0.7024279209580794,0.44307971961014636
M1,2028,5101,0,679,0.5478645066273933,0.5311759815760223,0.6373378311630904,0.5549122126054801
M1,2028,5101,1,679,0.5213549337260678,0.501174427175639,0.6703829983241077,0.5010045138020235
M1,2028,5101,2,679,0.47569955817378495,0.4595895510783523,0.7139596914288222,0.41296183912002
M1,2028,5101,3,679,0.5346097201767305,0.5161478317492069,0.6492463330325392,0.5412358923290219
M1,2028,5101,4,679,0.5287187039764359,0.5060841036651087,0.675365517149091,0.49430775153833795
M1,2028,5101,5,679,0.44624447717231225,0.4219183944999004,0.7332106884212312,0.39111863790143386
M1,2028,5101,6,679,0.5213549337260678,0.5065667141834599,0.6532489157258499,0.5427056980218676
M1,2028,5101,7,679,0.524300441826215,0.5128736481469496,0.6733746534111925,0.5043445689347947
M1,2028,5101,8,679,0.4786450662739323,0.46582830653777885,0.7279623495812619,0.4013769064645574
M1,2028,5101,9,679,0.5567010309278351,0.5426472140962815,0.6243687403087939,0.5914853785174005
M1,2028,5101,10,679,0.5670103092783505,0.5535029179107316,0.6222049295682794,0.5965637823708783
M1,2028,5101,11,679,0.5714285714285714,0.5599358442187923,0.6158335998720202,0.6072984448579523
M1,2028,5101,12,679,0.5655375552282769,0.552953413526842,0.621639091439205,0.5939271412266335
M1,2028,5101,13,679,0.5802650957290133,0.5685194929507758,0.6127884530836774,0.6027241834102034
M1,2028,5101,14,679,0.5787923416789397,0.5635919315295399,0.6137368268441733,0.6145839110844351
M1,2028,5101,15,679,0.5684830633284241,0.555005535807099,0.6223492529106069,0.5930752599083935
M1,2028,5101,16,679,0.5670103092783505,0.554129609403443,0.6204381912771135,0.6005279895859292
M1,2028,5101,17,679,0.5640648011782032,0.5521230481858044,0.6130703063311387,0.6143282212903999
M1,2028,5101,18,679,0.5581737849779087,0.5432267905888212,0.6246329067776937,0.5895833386751248
M1,2028,5101,19,679,0.5508100147275405,0.5358293075684379,0.6234553062599784,0.5877358039600253
M1,2028,5101,20,679,0.5537555228276878,0.5388688753715625,0.6224424840775435,0.5879164168647317
M1,2028,5101,21,679,0.5581737849779087,0.5446859903381642,0.6234614875206014,0.5891900523178798
M1,2028,5101,22,679,0.5463917525773195,0.5299736692997367,0.6241975337574163,0.5931654463988177
M1,2028,5101,23,679,0.5640648011782032,0.5499383152530367,0.6191299210943073,0.5885344751347856
M1,2028,5101,24,679,0.5508100147275405,0.5375498726124903,0.6275179878381988,0.5873607304378138
M1,2028,5101,25,679,0.5537555228276878,0.5399056681496127,0.6237882002858947,0.5904517348916282
M1,2028,5101,26,679,0.5581737849779087,0.5446332892116025,0.6238917057925015,0.5866143785150866
M1,2028,5101,27,679,0.5493372606774669,0.5290822014424499,0.6377183668787244,0.5678097647938787
M1,2028,5101,28,679,0.5154639175257731,0.5019557511306686,0.6727873461543197,0.4983419581035821
M1,2028,5101,29,679,0.4992636229749632,0.487060175276545,0.691488444739308,0.46078713036799945
M1,2028,5101,30,679,0.561119293078056,0.5427579823964701,0.6255374556744748,0.5681529232523594
M1,2028,5101,31,679,0.5419734904270986,0.5249218092735376,0.6664211756394783,0.5086097991198827
M1,2028,5101,32,679,0.49189985272459497,0.4749104623280156,0.7081520317756024,0.4347080380445352
M1,2028,5101,33,679,0.5449189985272459,0.5284406953170057,0.6391752884340567,0.5585604467741508
M1,2028,5101,34,679,0.5051546391752577,0.497758978479685,0.6795532687598721,0.5171523846115844
M1,2028,5101,35,679,0.49042709867452133,0.4839670912729722,0.7152081717008695,0.4387235915927892
M1,2028,5101,36,679,0.5463917525773195,0.5258882674921278,0.638926290601097,0.5556340655696258
M1,2028,5101,37,679,0.5184094256259205,0.4981390717676243,0.6703082988249887,0.49278639712642813
M1,2028,5101,38,679,0.48306332842415317,0.4616157659635921,0.7084251738568995,0.4151764632026004
M1,2028,5101,39,679,0.5567010309278351,0.5381710358633757,0.6325357773386502,0.5587152234135179
M1,2028,5101,40,679,0.5139911634756995,0.48589126957668205,0.6682181175529343,0.4984880747460328
M1,2028,5101,41,679,0.48306332842415317,0.4551447941796267,0.71954942124845,0.39639290876606476
M1,2028,5101,42,679,0.5463917525773195,0.5347423404322297,0.6414592033238404,0.5537147711930352
M1,2028,5101,43,679,0.5022091310751104,0.48680925737313885,0.6759399614339373,0.49823371385143667
M1,2028,5101,44,679,0.4683357879234168,0.4521447904889163,0.7252961350207126,0.39311342549452893
M1,2028,5101,45,679,0.5655375552282769,0.5502328009828009,0.6223906016797486,0.5965408630043241
M1,2028,5101,46,679,0.5640648011782032,0.5525272280309396,0.6153107662088565,0.6029995150053251
M1,2028,5101,47,679,0.5964653902798233,0.5883605122704424,0.5995704301678204,0.6237514353590633
M1,2028,5101,48,679,0.5655375552282769,0.5500577187343512,0.6222273079960968,0.5929731716968168
M1,2028,5101,49,679,0.5640648011782032,0.5533412638540754,0.6065157264778295,0.6140687624141593
M1,2028,5101,50,679,0.5891016200294551,0.5803279837924914,0.5946666208124652,0.6309125650825053
M1,2028,5101,51,679,0.5478645066273933,0.5336596279289587,0.6265889015350496,0.5899481154382938
M1,2028,5101,52,679,0.5596465390279823,0.5487159536835691,0.6160769215256897,0.5952660653362114
M1,2028,5101,53,679,0.5802650957290133,0.5729026542559194,0.5966894869337377,0.6278561410641486
M1,2028,5101,54,679,0.540500736377025,0.521296234629568,0.6368609213644696,0.5648760556201768
M1,2028,5101,55,679,0.5449189985272459,0.5276287334797973,0.6540346570280058,0.5177145847154822
M1,2028,5101,56,679,0.5287187039764359,0.5171757500893837,0.6711399632235866,0.47820355984974405
M1,2028,5101,57,679,0.5581737849779087,0.5382206763916975,0.6323139020330951,0.553592283511749
M1,2028,5101,58,679,0.5346097201767305,0.5113337581017205,0.645026731056563,0.5377327170058809
M1,2028,5101,59,679,0.5169366715758469,0.49610443585335096,0.6864170359011427,0.4319843518670337
M1,2028,5101,60,679,0.5360824742268041,0.5233885249487308,0.6405745263873917,0.5683183576868233
M1,2028,5101,61,679,0.5434462444771723,0.533984187672533,0.6481901596633605,0.555294600923579
M1,2028,5101,62,679,0.508100147275405,0.5014874343562444,0.6884593519441158,0.4548398978853424
M1,2028,5102,0,679,0.5449189985272459,0.5263792973878025,0.6420042958763457,0.5478907282849039
M1,2028,5102,1,679,0.5125184094256259,0.4916698286519209,0.6767208462742889,0.49030023129337263
M1,2028,5102,2,679,0.4801178203240059,0.4614597846693208,0.7151391869397157,0.4125321726340468
M1,2028,5102,3,679,0.524300441826215,0.5038849610891911,0.6472880529769215,0.5516350898813199
M1,2028,5102,4,679,0.5184094256259205,0.49491428296492623,0.6746926944763214,0.4991934416855173
M1,2028,5102,5,679,0.47717231222385864,0.4569107140229429,0.725586914063729,0.39493723603611
M1,2028,5102,6,679,0.5478645066273933,0.53131101983561,0.6409381130087534,0.5555129331245586
M1,2028,5102,7,679,0.5110456553755522,0.4989124830506879,0.680687085101285,0.4874529525035198
M1,2028,5102,8,679,0.47569955817378495,0.46225711432219574,0.727954777070103,0.40273135331392557
M1,2028,5102,9,679,0.5581737849779087,0.5431254570820275,0.625727859156999,0.5929286877851541
M1,2028,5102,10,679,0.5596465390279823,0.54532764990054,0.622793088715101,0.5949219123724512
M1,2028,5102,11,679,0.5758468335787923,0.5629798144156782,0.6140776258373472,0.6086195807892809
M1,2028,5102,12,679,0.5596465390279823,0.5438431894319642,0.6231714219996083,0.5896218006720444
M1,2028,5102,13,679,0.5684830633284241,0.5558888552676507,0.614668903737953,0.6042260012592617
M1,2028,5102,14,679,0.5817378497790869,0.5661333537712792,0.6104507832753641,0.6168199460081559
M1,2028,5102,15,679,0.5567010309278351,0.5422444758255969,0.6260773283436302,0.5822413892388227
M1,2028,5102,16,679,0.5684830633284241,0.5506645965691588,0.6199927630454346,0.5971268436096722
M1,2028,5102,17,679,0.5743740795287187,0.5623225660534297,0.6104346639058376,0.6141038090554104
M1,2028,5102,18,679,0.5596465390279823,0.5446031436339246,0.6250200723469345,0.5879515087698511
M1,2028,5102,19,679,0.5508100147275405,0.5364014364014363,0.6237485703075406,0.5892017920666586
M1,2028,5102,20,679,0.5508100147275405,0.5361076367173928,0.6232010563712057,0.5876306861155245
M1,2028,5102,21,679,0.5581737849779087,0.5428814052515712,0.6243936081741976,0.5886850592846321
M1,2028,5102,22,679,0.5567010309278351,0.5405793441274429,0.6222894768695593,0.5891525640119577
M1,2028,5102,23,679,0.5655375552282769,0.5509531730097552,0.6173705705750147,0.5902583032016047
M1,2028,5102,24,679,0.5522827687776142,0.5391524367150544,0.6277498535054773,0.5864645159140986
M1,2028,5102,25,679,0.5537555228276878,0.5419258884779151,0.6227508449545665,0.5891505066056978
M1,2028,5102,26,679,0.5581737849779087,0.5453046382533175,0.6214171161268878,0.5908978703853066
M1,2028,5102,27,679,0.5360824742268041,0.5130009598209915,0.6457453106086981,0.5606206079109906
M1,2028,5102,28,679,0.5390279823269514,0.522646655231561,0.6618508073955292,0.5117159110409643
M1,2028,5102,29,679,0.5036818851251841,0.4941289040498503,0.6891115617901307,0.46149507114063903
M1,2028,5102,30,679,0.5419734904270986,0.5224227138260634,0.6319887866547251,0.5718118737231214
M1,2028,5102,31,679,0.5625920471281296,0.5438217565258568,0.6527894986615089,0.5250776981492734
M1,2028,5102,32,679,0.4801178203240059,0.46590552214208203,0.7072939651089669,0.4376099138184272
M1,2028,5102,33,679,0.5714285714285714,0.5552530084493554,0.6267033649254617,0.5791098009946856
M1,2028,5102,34,679,0.5272459499263623,0.5193318361506769,0.6616908276511222,0.5392014986020929
M1,2028,5102,35,679,0.49337260677466865,0.48575863664082963,0.7093354037390893,0.44901383118391036
M1,2028,5102,36,679,0.5478645066273933,0.5308544608289975,0.6322929108397424,0.5696242504867602
M1,2028,5102,37,679,0.5228276877761414,0.5015389315309122,0.66336162572669,0.5002331990004317
M1,2028,5102,38,679,0.48306332842415317,0.4631291083196709,0.7019878299975431,0.43140122590894997
M1,2028,5102,39,679,0.5316642120765832,0.5137286585944729,0.6396866387444848,0.5511928703527021
M1,2028,5102,40,679,0.5390279823269514,0.5157999593747875,0.6624229759065673,0.49489125522421723
M1,2028,5102,41,679,0.48748159057437407,0.4623795413935385,0.7149578280011755,0.4064163587803961
M1,2028,5102,42,679,0.5596465390279823,0.5446083660272519,0.6273889448356558,0.5742790202543002
M1,2028,5102,43,679,0.5213549337260678,0.5052973513243378,0.6619232294968548,0.5257743450838587
M1,2028,5102,44,679,0.47717231222385864,0.4601068556113055,0.7164918364674423,0.4088254647560032
M1,2028,5102,45,679,0.5596465390279823,0.5473016931642458,0.6229453221819362,0.5925911821522656
M1,2028,5102,46,679,0.5596465390279823,0.548378909170488,0.6134684910567063,0.6067052307621524
M1,2028,5102,47,679,0.5964653902798233,0.5881662384219929,0.5989117308551327,0.6233445166894724
M1,2028,5102,48,679,0.5596465390279823,0.5441363290277552,0.6226347300590226,0.5936920144127065
M1,2028,5102,49,679,0.5699558173784978,0.559562037761558,0.6057145446758383,0.612930690619581
M1,2028,5102,50,679,0.5979381443298969,0.5880760816503643,0.590786047685831,0.6408331118468825
M1,2028,5102,51,679,0.5670103092783505,0.5514840069603418,0.6200975603444587,0.59470505694798
M1,2028,5102,52,679,0.5714285714285714,0.5596831766850607,0.6097434427100885,0.6128154743419708
M1,2028,5102,53,679,0.5817378497790869,0.5724021805749362,0.5984582305393443,0.6252094290182102
M1,2028,5102,54,679,0.5434462444771723,0.5264642401897304,0.6361924298162488,0.5632237424965413
M1,2028,5102,55,679,0.5360824742268041,0.517339788541741,0.6590587433553761,0.5050289007249594
M1,2028,5102,56,679,0.5139911634756995,0.5004506392449274,0.6832812777192322,0.46290783008706127
M1,2028,5102,57,679,0.5537555228276878,0.5371005905803229,0.616965718249158,0.5880844949659373
M1,2028,5102,58,679,0.5714285714285714,0.5488739228667525,0.6385562801088956,0.5449138531455606
M1,2028,5102,59,679,0.5036818851251841,0.48441202786527693,0.6916694240603426,0.43577469876125835
M1,2028,5102,60,679,0.5537555228276878,0.5367882064580103,0.6324231287297163,0.5636938224246211
M1,2028,5102,61,679,0.5301914580265096,0.5188202974864893,0.6560749493879492,0.5421655938864548
M1,2028,5102,62,679,0.508100147275405,0.5012589774961224,0.6778989055458681,0.4701281157760848
M1,2028,5103,0,679,0.5522827687776142,0.5306723012353914,0.6353571412972393,0.5635851069543553
M1,2028,5103,1,679,0.5184094256259205,0.4974868113919536,0.6679994168750316,0.49680795584675075
M1,2028,5103,2,679,0.48306332842415317,0.4671155718202682,0.710515735141483,0.4153849604708336
M1,2028,5103,3,679,0.5463917525773195,0.5286504801252071,0.6422699365287536,0.5394542865401569
M1,2028,5103,4,679,0.5213549337260678,0.49834573063258525,0.6759139446648652,0.4940643933254674
M1,2028,5103,5,679,0.4639175257731959,0.44019795980987597,0.7245850661805171,0.3841489490221198
M1,2028,5103,6,679,0.540500736377025,0.5255036498169047,0.6472444196556735,0.5553323466465857
M1,2028,5103,7,679,0.5095729013254786,0.49869247189541227,0.6798625244527221,0.4997037566660175
M1,2028,5103,8,679,0.47717231222385864,0.4634785512327553,0.727588624859418,0.39922114868619607
M1,2028,5103,9,679,0.5567010309278351,0.5411135077555058,0.6264869392313206,0.5915015406346488
M1,2028,5103,10,679,0.5655375552282769,0.5518420277040966,0.6211530701620764,0.5942230658128165
M1,2028,5103,11,679,0.5699558173784978,0.5569060396213681,0.6137577688790562,0.6119689489951845
M1,2028,5103,12,679,0.5758468335787923,0.5610455040602099,0.6186482404003438,0.5920506565084569
M1,2028,5103,13,679,0.5743740795287187,0.5621694580651466,0.6129438777691486,0.6073887556693225
M1,2028,5103,14,679,0.5787923416789397,0.5652589704372694,0.6117577001298826,0.617995497350392
M1,2028,5103,15,679,0.5552282768777614,0.542117354537821,0.6260123173205596,0.587102729428024
M1,2028,5103,16,679,0.5699558173784978,0.5547005296121332,0.6204700220008662,0.5999508237134195
M1,2028,5103,17,679,0.5787923416789397,0.5652285223933659,0.6108841789620263,0.6153097287029218
M1,2028,5103,18,679,0.5567010309278351,0.5429465688842325,0.6240563972665214,0.5887608576034272
M1,2028,5103,19,679,0.5508100147275405,0.5356567835868273,0.6227113795912494,0.5881341626185451
M1,2028,5103,20,679,0.5493372606774669,0.535088193312924,0.6249060208562196,0.5836318982310563
M1,2028,5103,21,679,0.5581737849779087,0.5439604865214612,0.6246542587152111,0.5887567153277772
M1,2028,5103,22,679,0.5463917525773195,0.530320596916428,0.625166646817998,0.5867955181953826
M1,2028,5103,23,679,0.5596465390279823,0.5460804349668685,0.6182282696065214,0.5911118388311707
M1,2028,5103,24,679,0.5567010309278351,0.543648319551934,0.6261342997622946,0.5869410002655301
M1,2028,5103,25,679,0.5537555228276878,0.538499479213635,0.6227351297817806,0.5909741446828289
M1,2028,5103,26,679,0.561119293078056,0.5482332949214077,0.621081206733594,0.5898108675390109
M1,2028,5103,27,679,0.5198821796759941,0.5014317791539729,0.648328902685414,0.5561427919948725
M1,2028,5103,28,679,0.5375552282768777,0.5181222294293666,0.6635474037922183,0.5172608320366872
M1,2028,5103,29,679,0.5095729013254786,0.4982153208059667,0.6931359639092293,0.4551663144796468
M1,2028,5103,30,679,0.5522827687776142,0.5353693730193657,0.6318506736511335,0.5695318716870803
M1,2028,5103,31,679,0.5699558173784978,0.5521679542680853,0.6424535313876283,0.549963874650287
M1,2028,5103,32,679,0.48600883652430044,0.46995846020236265,0.7047736971297566,0.4489416506882517
M1,2028,5103,33,679,0.5493372606774669,0.5343785472817731,0.6321029500906878,0.5723999842544328
M1,2028,5103,34,679,0.524300441826215,0.5166895749201252,0.6704248439888189,0.5123887062684476
M1,2028,5103,35,679,0.49189985272459497,0.4841379662923263,0.7132245278498912,0.44606844216351776
M1,2028,5103,36,679,0.5434462444771723,0.5230306445738325,0.6425753002094766,0.5485617406740781
M1,2028,5103,37,679,0.5169366715758469,0.4964981924492695,0.6671138703164717,0.49444830263929823
M1,2028,5103,38,679,0.47569955817378495,0.4543419517250381,0.7138160134230868,0.41076947685529674
M1,2028,5103,39,679,0.5360824742268041,0.5163509201445974,0.6351283577782416,0.5554451320636653
M1,2028,5103,40,679,0.5375552282768777,0.5107700381812327,0.6579938298077577,0.5155254998171537
M1,2028,5103,41,679,0.48600883652430044,0.4544813628474042,0.7163679261578024,0.4093285521390276
M1,2028,5103,42,679,0.5434462444771723,0.5282949593006392,0.6436949354076597,0.5612097468373402
M1,2028,5103,43,679,0.524300441826215,0.5108930961034437,0.6695980634842074,0.5054978044709768
M1,2028,5103,44,679,0.4653902798232695,0.4486699121526456,0.7248723515266874,0.39142623500564205
M1,2028,5103,45,679,0.5596465390279823,0.5450511044088936,0.623587345888232,0.5916098847260778
M1,2028,5103,46,679,0.5596465390279823,0.5480194493775947,0.6119316234548243,0.6083345906818756
M1,2028,5103,47,679,0.5861561119293078,0.5794818666026222,0.6050786103872207,0.6158828288198397
M1,2028,5103,48,679,0.5567010309278351,0.5417801644692221,0.6220683309089101,0.59769564771396
M1,2028,5103,49,679,0.5670103092783505,0.5569507132887415,0.6091550426209271,0.610439023968327
M1,2028,5103,50,679,0.5891016200294551,0.5804661055790846,0.5934138763284472,0.6340907932576734
M1,2028,5103,51,679,0.5537555228276878,0.5388006892910704,0.6247708350419998,0.5906731349537475
M1,2028,5103,52,679,0.5758468335787923,0.563778688220135,0.6106040005260785,0.6119638814867765
M1,2028,5103,53,679,0.5817378497790869,0.57298904305656,0.5979269531408712,0.6286071268323136
M1,2028,5103,54,679,0.5522827687776142,0.5360973391398853,0.6270282424997335,0.5815532236090943
M1,2028,5103,55,679,0.5478645066273933,0.5348347889430871,0.6529914461767551,0.5217343582111921
M1,2028,5103,56,679,0.5169366715758469,0.5041178725561725,0.6832942172380189,0.46436366861804435
M1,2028,5103,57,679,0.5493372606774669,0.5309178570663976,0.6316340524642914,0.5643108273150204
M1,2028,5103,58,679,0.5537555228276878,0.534769517194577,0.6437974808537381,0.5255047575532725
M1,2028,5103,59,679,0.5022091310751104,0.4808110233615789,0.6864981417145047,0.448183027645338
M1,2028,5103,60,679,0.5522827687776142,0.541314621696382,0.6377274631707763,0.5554244664059235
M1,2028,5103,61,679,0.5184094256259205,0.511146024717968,0.6597082885489723,0.5268779548523278
M1,2028,5103,62,679,0.5036818851251841,0.4963224966038037,0.6833681020452278,0.4596138090004618
M1,2028,5104,0,679,0.5434462444771723,0.5234524182533529,0.642126715565114,0.5530449209587855
M1,2028,5104,1,679,0.5198821796759941,0.503424130049517,0.6740638821965992,0.49416807939023416
M1,2028,5104,2,679,0.48306332842415317,0.46566578468477515,0.7111247151387808,0.41822245632856814
M1,2028,5104,3,679,0.5508100147275405,0.5342638402697498,0.6360305053276587,0.5531316656998546
M1,2028,5104,4,679,0.5301914580265096,0.5072359509648963,0.6679298873107458,0.5046782767047481
M1,2028,5104,5,679,0.4801178203240059,0.4617260201675786,0.727769797127447,0.38829123044687053
M1,2028,5104,6,679,0.5375552282768777,0.5216570644290565,0.6496007063032425,0.5399489184845375
M1,2028,5104,7,679,0.4992636229749632,0.4900923059043759,0.690409563448889,0.47829900371551115
M1,2028,5104,8,679,0.47128129602356406,0.4604023077758551,0.733506334021095,0.38765059214328695
M1,2028,5104,9,679,0.5522827687776142,0.5372996205133939,0.6301320699291834,0.5847651806629292
M1,2028,5104,10,679,0.5625920471281296,0.5487394146064223,0.6231891725963977,0.59236060544575
M1,2028,5104,11,679,0.5684830633284241,0.5556236979984626,0.6160226446495491,0.6066363194546475
M1,2028,5104,12,679,0.5625920471281296,0.548363254994432,0.6223986321547246,0.592460450614493
M1,2028,5104,13,679,0.5743740795287187,0.5625479273633365,0.6155882731233675,0.605416542173542
M1,2028,5104,14,679,0.5743740795287187,0.5603606568718507,0.6131339953425005,0.6136908606000114
M1,2028,5104,15,679,0.5522827687776142,0.53990214394317,0.6286565336852783,0.58472016092131
M1,2028,5104,16,679,0.5802650957290133,0.5653863375437904,0.6156111742988426,0.6018164801630933
M1,2028,5104,17,679,0.5684830633284241,0.5562238995359929,0.6114269709420309,0.6130731801065438
M1,2028,5104,18,679,0.5581737849779087,0.5444847020933977,0.6245075780047935,0.5869129175284566
M1,2028,5104,19,679,0.5478645066273933,0.5317532206119162,0.6242154684790104,0.5855129950261115
M1,2028,5104,20,679,0.5493372606774669,0.5355209455709015,0.6270262776751933,0.5819985254587842
M1,2028,5104,21,679,0.5596465390279823,0.5447639716943086,0.6244914312908681,0.5879482360971762
M1,2028,5104,22,679,0.5537555228276878,0.5377619959716147,0.6226129150223837,0.5892137048246007
M1,2028,5104,23,679,0.5596465390279823,0.5452885889167749,0.6189408717081719,0.5938410031642793
M1,2028,5104,24,679,0.5552282768777614,0.5424828183864329,0.6263915534969282,0.586082653423925
M1,2028,5104,25,679,0.5552282768777614,0.5437848541585919,0.6205588715460936,0.5925846905337538
M1,2028,5104,26,679,0.5581737849779087,0.546949819039817,0.6216198903383668,0.5885027564983341
M1,2028,5104,27,679,0.5493372606774669,0.5290822014424499,0.6365330060601059,0.5684072575371825
M1,2028,5104,28,679,0.5169366715758469,0.4962714623731572,0.6714497009108449,0.5101183757895753
M1,2028,5104,29,679,0.49779086892488955,0.4881007702286094,0.6924588533011382,0.4548954410941886
M1,2028,5104,30,679,0.5508100147275405,0.5297152691548274,0.639548624145616,0.5607243568100151
M1,2028,5104,31,679,0.5360824742268041,0.5185545321676915,0.6710635494106122,0.5076743503179606
M1,2028,5104,32,679,0.48159057437407954,0.4679430528422396,0.6971188160386458,0.4619005618905004
M1,2028,5104,33,679,0.5508100147275405,0.537460523884806,0.6341520575737918,0.5710064561602163
M1,2028,5104,34,679,0.5184094256259205,0.5084809531989299,0.6686197716814077,0.5348139678708699
M1,2028,5104,35,679,0.49189985272459497,0.48571358092539674,0.7133274289926127,0.4370165129783463
M1,2028,5104,36,679,0.5434462444771723,0.527745088170655,0.6357708478316292,0.5602802757983024
M1,2028,5104,37,679,0.5228276877761414,0.5007015567891009,0.6691700621495718,0.48673452685474644
M1,2028,5104,38,679,0.48600883652430044,0.46426478406099236,0.7048852087954534,0.42397455270946166
M1,2028,5104,39,679,0.5463917525773195,0.5292508199037826,0.640646649455989,0.5514084995836054
M1,2028,5104,40,679,0.5228276877761414,0.4978367435388391,0.6666729300336388,0.508001576682264
M1,2028,5104,41,679,0.47717231222385864,0.44476496199317234,0.7263848064179274,0.3894750003787644
M1,2028,5104,42,679,0.5419734904270986,0.5292081177282071,0.6425083320648224,0.5622036672809873
M1,2028,5104,43,679,0.5272459499263623,0.5152434863560743,0.666225051383909,0.5190326582934497
M1,2028,5104,44,679,0.46686303387334316,0.4512737874895145,0.7215548522869161,0.3958147565053163
M1,2028,5104,45,679,0.5567010309278351,0.5409277116710597,0.6221704452966555,0.5994324722785338
M1,2028,5104,46,679,0.561119293078056,0.5506489485375735,0.6149142442246425,0.6036537400813377
M1,2028,5104,47,679,0.5920471281296024,0.5839312723033654,0.5994723487058339,0.6266481400298752
M1,2028,5104,48,679,0.5655375552282769,0.5506419745477606,0.6196831292054439,0.5991132932823319
M1,2028,5104,49,679,0.5684830633284241,0.5601139039955587,0.6076396313963652,0.6154575999371775
M1,2028,5104,50,679,0.5920471281296024,0.5851365233664487,0.5931376696335199,0.6341398672691623
M1,2028,5104,51,679,0.561119293078056,0.548468215619692,0.6223211506373402,0.5909227257894657
M1,2028,5104,52,679,0.572901325478645,0.5595552748578968,0.6107081373020545,0.6044245762875704
M1,2028,5104,53,679,0.5773195876288659,0.5678198601000866,0.6006599492194551,0.6274447706884931
M1,2028,5104,54,679,0.5581737849779087,0.5420889200939151,0.6273843247295304,0.5718187754305465
M1,2028,5104,55,679,0.540500736377025,0.5239571002254885,0.6516946880517196,0.5274546753586721
M1,2028,5104,56,679,0.5301914580265096,0.5142468033137786,0.675651389803732,0.46650955824087265
M1,2028,5104,57,679,0.5463917525773195,0.5283306173664003,0.6339586568291303,0.5662783189866437
M1,2028,5104,58,679,0.5684830633284241,0.5454677322857755,0.638161651186634,0.5378447390075586
M1,2028,5104,59,679,0.5184094256259205,0.5030004946640875,0.6682798064290512,0.49181203207865387
M1,2028,5104,60,679,0.5360824742268041,0.5216486134099032,0.6493042924047745,0.5482731136615554
M1,2028,5104,61,679,0.524300441826215,0.5176084033962952,0.6538874057282054,0.5388923242028837
M1,2028,5104,62,679,0.5066273932253313,0.49740062643288446,0.677925693751786,0.471201691096992
M1,2028,5105,0,679,0.5463917525773195,0.5261501300631736,0.6377111505031234,0.5638002684931855
M1,2028,5105,1,679,0.524300441826215,0.5063431868645413,0.6678891902863541,0.5005841577167753
M1,2028,5105,2,679,0.4786450662739323,0.46225351989921115,0.712919712966426,0.41856379677198835
M1,2028,5105,3,679,0.5552282768777614,0.5349184511626247,0.6426806862689609,0.5528417314398418
M1,2028,5105,4,679,0.5449189985272459,0.5226900463710215,0.6697287910421748,0.4982631365974826
M1,2028,5105,5,679,0.4639175257731959,0.445613170132514,0.7296507585470033,0.39347782105060103
M1,2028,5105,6,679,0.5316642120765832,0.5151861538958313,0.6493127402439385,0.5462634474839437
M1,2028,5105,7,679,0.5066273932253313,0.4938647162503015,0.6865980963775441,0.4875164720603279
M1,2028,5105,8,679,0.48159057437407954,0.46963260409574115,0.7236797354007154,0.40571953874130806
M1,2028,5105,9,679,0.5537555228276878,0.5394013655047762,0.6284871564215168,0.5897926528679645
M1,2028,5105,10,679,0.5714285714285714,0.5586067146798797,0.619397051401974,0.6014765448307302
M1,2028,5105,11,679,0.5758468335787923,0.564115265464513,0.615177438979823,0.6101137292289127
M1,2028,5105,12,679,0.5655375552282769,0.55135674456221,0.6248785188649294,0.5887825893771802
M1,2028,5105,13,679,0.5714285714285714,0.5594886057680977,0.6172461936110425,0.6044437595534273
M1,2028,5105,14,679,0.5846833578792342,0.5708966910157639,0.6109990732352056,0.6169003562315986
M1,2028,5105,15,679,0.5655375552282769,0.5511775253437615,0.6242485034755474,0.5881636906892787
M1,2028,5105,16,679,0.5640648011782032,0.5508520426571033,0.6210872234889088,0.5965412510278666
M1,2028,5105,17,679,0.5773195876288659,0.5642270681848518,0.6098855135849895,0.6124277243188888
M1,2028,5105,18,679,0.5596465390279823,0.5449177495762775,0.6243423280773879,0.5886454800888073
M1,2028,5105,19,679,0.5596465390279823,0.5435888762935606,0.6198662241841275,0.5935240349087734
M1,2028,5105,20,679,0.5449189985272459,0.53070320103711,0.6253571526554793,0.583837335642318
M1,2028,5105,21,679,0.5522827687776142,0.5377525776401948,0.6255801146924057,0.5881508454486115
M1,2028,5105,22,679,0.5552282768777614,0.5401819440629275,0.6223833983179747,0.5902607986814352
M1,2028,5105,23,679,0.5625920471281296,0.5486359583735275,0.6193901017330181,0.5875966129229055
M1,2028,5105,24,679,0.5581737849779087,0.543101881879096,0.6257176697034723,0.5880710157743809
M1,2028,5105,25,679,0.5596465390279823,0.5472013891461558,0.6197620266184365,0.5929238083658749
M1,2028,5105,26,679,0.5567010309278351,0.5440063001808839,0.6232323727744669,0.5890173387441753
M1,2028,5105,27,679,0.5493372606774669,0.52733304112121,0.6355589004740975,0.5805804470782915
M1,2028,5105,28,679,0.524300441826215,0.5072375506278963,0.6698566732903468,0.5070394591117187
M1,2028,5105,29,679,0.5022091310751104,0.49008411311742234,0.6904422682277935,0.46235517261597964
M1,2028,5105,30,679,0.5346097201767305,0.5168709840853307,0.6450206698172223,0.5435606805243247
M1,2028,5105,31,679,0.5581737849779087,0.5338902237599645,0.6520067896907916,0.5313898021144499
M1,2028,5105,32,679,0.5007363770250368,0.48530319504406594,0.7012289565424153,0.43261772450613917
M1,2028,5105,33,679,0.5625920471281296,0.5451746031746032,0.6395217640015444,0.5650727617462653
M1,2028,5105,34,679,0.5110456553755522,0.5034613176463699,0.6776307162901438,0.520927053818958
M1,2028,5105,35,679,0.48748159057437407,0.4818771556703716,0.7128078519683523,0.4435943985444728
M1,2028,5105,36,679,0.524300441826215,0.5061406920172028,0.6440053761927123,0.5508664233770768
M1,2028,5105,37,679,0.5287187039764359,0.5075753890726724,0.6695506352168646,0.49350589374857257
M1,2028,5105,38,679,0.4845360824742268,0.46737125628224374,0.7038535178366044,0.42863629202588993
M1,2028,5105,39,679,0.5375552282768777,0.5183604675335959,0.640386470572938,0.5573504851250608
M1,2028,5105,40,679,0.5360824742268041,0.5080215539650693,0.6525335982332173,0.5176682155326978
M1,2028,5105,41,679,0.48306332842415317,0.4487778949051689,0.7236630771095166,0.3944617201877734
M1,2028,5105,42,679,0.5449189985272459,0.5319070142012243,0.6412299239187774,0.5657507912167876
M1,2028,5105,43,679,0.5213549337260678,0.509855823648883,0.6666571045176446,0.5112354155557797
M1,2028,5105,44,679,0.4742268041237113,0.45767351384998445,0.7202776959261943,0.3969345842286252
M1,2028,5105,45,679,0.5537555228276878,0.5375577643845894,0.6240590614361334,0.5924498117456745
M1,2028,5105,46,679,0.5743740795287187,0.5614084022490233,0.609093977991541,0.6093836511819767
M1,2028,5105,47,679,0.593519882179676,0.5849630995337978,0.5973253259339284,0.6246132734944304
M1,2028,5105,48,679,0.5581737849779087,0.5440405712933735,0.6234212553729365,0.5907111997780689
M1,2028,5105,49,679,0.572901325478645,0.5639689124233483,0.6023324700799361,0.6211716019309449
M1,2028,5105,50,679,0.5949926362297496,0.5839220670840078,0.5918577465726631,0.6340155483326162
M1,2028,5105,51,679,0.5655375552282769,0.5501523159988633,0.621151877805832,0.5918111331878505
M1,2028,5105,52,679,0.5670103092783505,0.55478690577896,0.6103700695007995,0.6067456629395538
M1,2028,5105,53,679,0.5832106038291606,0.5741209035444474,0.6018641235551005,0.6247061071524692
M1,2028,5105,54,679,0.5360824742268041,0.5196375255436934,0.6378682568910722,0.5598061236306879
M1,2028,5105,55,679,0.5169366715758469,0.5020637043518976,0.6702724719565466,0.49702350668281714
M1,2028,5105,56,679,0.5301914580265096,0.5166711251250525,0.6753311881655621,0.46677386876112664
M1,2028,5105,57,679,0.5493372606774669,0.5288787867449894,0.6337610761661066,0.5552669214714667
M1,2028,5105,58,679,0.5522827687776142,0.5325175307142876,0.6437536193406284,0.5308905056730249
M1,2028,5105,59,679,0.5198821796759941,0.4999772889984385,0.673060654650205,0.4807601837565534
M1,2028,5105,60,679,0.5463917525773195,0.535279617350642,0.641943627521286,0.5673127993505217
M1,2028,5105,61,679,0.5184094256259205,0.5085751216848777,0.6529252204566711,0.5523982607002407
M1,2028,5105,62,679,0.5051546391752577,0.49565647331456786,0.6772750358869472,0.4732280796120867
M1,2029,5101,0,679,0.5331369661266568,0.5205168561487349,0.6514745289254084,0.5425991992731485
M1,2029,5101,1,679,0.5390279823269514,0.5293844129182981,0.6791612940877456,0.5184870910710364
M1,2029,5101,2,679,0.49337260677466865,0.4781372323575467,0.7282242567795542,0.42451063606875444
M1,2029,5101,3,679,0.5684830633284241,0.5548047673881783,0.6401264717547286,0.5628428675953984
M1,2029,5101,4,679,0.5228276877761414,0.5115068952296994,0.6848257101293165,0.5003000529002851
M1,2029,5101,5,679,0.47128129602356406,0.45786208990194255,0.7468835932033929,0.38871960135215167
M1,2029,5101,6,679,0.5493372606774669,0.5372515334768309,0.6377305483256243,0.5710256003162466
M1,2029,5101,7,679,0.5287187039764359,0.5191752374205967,0.6713546690077072,0.5118990091910809
M1,2029,5101,8,679,0.4786450662739323,0.4709938255306144,0.7569444134546134,0.3835393985296631
M1,2029,5101,9,679,0.5743740795287187,0.5635868796783399,0.6106607478567356,0.5990272184843722
M1,2029,5101,10,679,0.5596465390279823,0.553121094706413,0.6149045261876748,0.5929903316560053
M1,2029,5101,11,679,0.5640648011782032,0.5535356973782448,0.6121924916756873,0.6013366001337719
M1,2029,5101,12,679,0.5640648011782032,0.5526653295306303,0.6118127197158881,0.602379979578227
M1,2029,5101,13,679,0.5655375552282769,0.5554091722383525,0.6100650282250237,0.6018120338487256
M1,2029,5101,14,679,0.5522827687776142,0.5426361020598716,0.6157732333367983,0.6044915540157676
M1,2029,5101,15,679,0.5640648011782032,0.55055526580094,0.6138038753322017,0.601148385072889
M1,2029,5101,16,679,0.5758468335787923,0.5633984799184957,0.6023395862951546,0.6071460088404501
M1,2029,5101,17,679,0.5655375552282769,0.5551483603665767,0.607986579762994,0.6116997862465287
M1,2029,5101,18,679,0.5640648011782032,0.5502959394361908,0.6101478993980453,0.6061947515628832
M1,2029,5101,19,679,0.5802650957290133,0.5665958641568398,0.6048076738752919,0.6136373060666379
M1,2029,5101,20,679,0.5758468335787923,0.5614243309246861,0.6124016331818739,0.6036733976692643
M1,2029,5101,21,679,0.5684830633284241,0.554841237418803,0.6083137628695048,0.6083547436276785
M1,2029,5101,22,679,0.5758468335787923,0.5616320572271895,0.6066427920370284,0.6125816184151415
M1,2029,5101,23,679,0.5684830633284241,0.5533341453026738,0.6102507419017348,0.6079667246662152
M1,2029,5101,24,679,0.5655375552282769,0.5530178376908338,0.6093860251475153,0.607545296969779
M1,2029,5101,25,679,0.5596465390279823,0.5447968189459894,0.6124475083926991,0.6079289558746698
M1,2029,5101,26,679,0.5625920471281296,0.5462728416544241,0.6146323655420621,0.6047362989423231
M1,2029,5101,27,679,0.5419734904270986,0.5279292612455657,0.6441683333383569,0.5696097378805403
M1,2029,5101,28,679,0.5184094256259205,0.5071094982684031,0.6735621856879416,0.508389301640652
M1,2029,5101,29,679,0.5198821796759941,0.5065122032271167,0.7028916486057512,0.4520216234784236
M1,2029,5101,30,679,0.5699558173784978,0.5602700160653858,0.6289098425624297,0.5721985351570922
M1,2029,5101,31,679,0.540500736377025,0.530493427732588,0.6619931900755822,0.5312405881386303
M1,2029,5101,32,679,0.4801178203240059,0.4701129338004275,0.7277198427950686,0.43443763992666645
M1,2029,5101,33,679,0.5449189985272459,0.5318433018070042,0.6394167756648057,0.5637239272303287
M1,2029,5101,34,679,0.5169366715758469,0.5065851556514747,0.6738820442702177,0.5245233119232808
M1,2029,5101,35,679,0.4801178203240059,0.47455597071634575,0.7572043736702564,0.4044945638285345
M1,2029,5101,36,679,0.540500736377025,0.5225614877734269,0.6509226155035275,0.5576961538417391
M1,2029,5101,37,679,0.5360824742268041,0.5232367986466346,0.6793737108647736,0.5205614557253209
M1,2029,5101,38,679,0.48600883652430044,0.4688210377014932,0.7310133815601754,0.4263902848262002
M1,2029,5101,39,679,0.540500736377025,0.5258452305069508,0.6378598996658915,0.5678842426378787
M1,2029,5101,40,679,0.5346097201767305,0.5198282879536458,0.6769460721245921,0.5182912601034685
M1,2029,5101,41,679,0.48600883652430044,0.46834949356945643,0.7309629817511091,0.43520750001353775
M1,2029,5101,42,679,0.5552282768777614,0.540641426229318,0.6340752168063387,0.5788975431479289
M1,2029,5101,43,679,0.5139911634756995,0.5053180702316149,0.6761193546920532,0.5135938651909013
M1,2029,5101,44,679,0.47128129602356406,0.465376748395522,0.7415688912190815,0.3973930144640776
M1,2029,5101,45,679,0.572901325478645,0.5614095499245211,0.6074023164249134,0.6055341763729348
M1,2029,5101,46,679,0.5817378497790869,0.5687081614159626,0.609527870815176,0.6016915921501517
M1,2029,5101,47,679,0.5743740795287187,0.5633365362244593,0.6044323567262629,0.6159376284181728
M1,2029,5101,48,679,0.5714285714285714,0.557755255113147,0.604890210507369,0.6136230785220484
M1,2029,5101,49,679,0.561119293078056,0.5491822067509256,0.6110051405096265,0.6050106391256659
M1,2029,5101,50,679,0.5802650957290133,0.5660193745300127,0.5991639898258737,0.6199131143688248
M1,2029,5101,51,679,0.5699558173784978,0.5576247382142128,0.6072593881297357,0.608580347915927
M1,2029,5101,52,679,0.5567010309278351,0.542073858044783,0.6097205137293539,0.6095955383520956
M1,2029,5101,53,679,0.5758468335787923,0.5636356073958433,0.5999472629339249,0.6131448069143188
M1,2029,5101,54,679,0.5419734904270986,0.5257150464317317,0.6408443739733745,0.5578355994181483
M1,2029,5101,55,679,0.5346097201767305,0.5241479368227238,0.670278506158729,0.5190717004489039
M1,2029,5101,56,679,0.5169366715758469,0.5086077537544806,0.6853162499037688,0.48200708838508444
M1,2029,5101,57,679,0.5655375552282769,0.5488680446992068,0.6282382102268961,0.5737319444666708
M1,2029,5101,58,679,0.5449189985272459,0.534370838263747,0.6589002522567236,0.5293216666654021
M1,2029,5101,59,679,0.49779086892488955,0.48848710238961857,0.7037897349632892,0.4582667974779533
M1,2029,5101,60,679,0.5434462444771723,0.5271083435802426,0.63897622814498,0.5746258352346544
M1,2029,5101,61,679,0.5316642120765832,0.5286920178972745,0.6339304637443686,0.5687595971756733
M1,2029,5101,62,679,0.48600883652430044,0.4803644407474777,0.7237639139256877,0.42791467079695145
M1,2029,5102,0,679,0.5331369661266568,0.519654040569867,0.6501931109203681,0.5413585597908763
M1,2029,5102,1,679,0.5449189985272459,0.5324692586779636,0.682273763576207,0.5031850255669316
M1,2029,5102,2,679,0.49337260677466865,0.4781502073034719,0.725086507855178,0.42673245515531005
M1,2029,5102,3,679,0.5508100147275405,0.5358693779725124,0.6367135508773253,0.567969046298018
M1,2029,5102,4,679,0.5228276877761414,0.510738390636176,0.6705228150637055,0.5351715942410833
M1,2029,5102,5,679,0.4683357879234168,0.4551306134517592,0.7450731975384419,0.3990244306331801
M1,2029,5102,6,679,0.5640648011782032,0.5528062646706715,0.6407156613420844,0.5581367933989084
M1,2029,5102,7,679,0.5139911634756995,0.5023557930471778,0.6845327558678976,0.4925981203398237
M1,2029,5102,8,679,0.48159057437407954,0.47406469233094617,0.7535876138176939,0.39522404884011914
M1,2029,5102,9,679,0.5670103092783505,0.5541198412731061,0.6087813973426819,0.6046054601092165
M1,2029,5102,10,679,0.5522827687776142,0.5435728884627404,0.6186276289781169,0.5872966508792025
M1,2029,5102,11,679,0.5699558173784978,0.5606278419282648,0.6103427050654421,0.5985410666897034
M1,2029,5102,12,679,0.5743740795287187,0.5630825802410527,0.6055570963292831,0.6084215631654832
M1,2029,5102,13,679,0.561119293078056,0.549313119317399,0.6097820145743233,0.6055513718691142
M1,2029,5102,14,679,0.5640648011782032,0.5536247497884327,0.6119128913345674,0.606761750272678
M1,2029,5102,15,679,0.5655375552282769,0.5525778028791664,0.6113744109912895,0.6015745926518664
M1,2029,5102,16,679,0.5773195876288659,0.5638499895718885,0.6052195334996321,0.6087251024746955
M1,2029,5102,17,679,0.5640648011782032,0.5548901473524066,0.6115906364085573,0.6025840599984436
M1,2029,5102,18,679,0.5670103092783505,0.5520611951086666,0.608768675569582,0.606394444273434
M1,2029,5102,19,679,0.5758468335787923,0.5612823609950195,0.6081920406165284,0.6102412325679158
M1,2029,5102,20,679,0.572901325478645,0.5585046306861743,0.6123303013890762,0.6048893002506939
M1,2029,5102,21,679,0.5684830633284241,0.5539450498313959,0.6084372284047207,0.6089668693654172
M1,2029,5102,22,679,0.572901325478645,0.5588114897161277,0.6065250203254823,0.608376585218619
M1,2029,5102,23,679,0.5625920471281296,0.5466820194192331,0.6120479341283638,0.6087166175195344
M1,2029,5102,24,679,0.561119293078056,0.5481995212029408,0.6121735413049915,0.6020488082418071
M1,2029,5102,25,679,0.5640648011782032,0.5516291614057934,0.6105682374100271,0.6070299103474951
M1,2029,5102,26,679,0.5670103092783505,0.5513497134348,0.6127456429253972,0.6052890149939848
M1,2029,5102,27,679,0.5449189985272459,0.5304193319118693,0.6382389522002617,0.5589928347626735
M1,2029,5102,28,679,0.5301914580265096,0.5210037163525536,0.6776339656430597,0.507631413850914
M1,2029,5102,29,679,0.5139911634756995,0.5025553664653281,0.6964801592705703,0.45290047663450356
M1,2029,5102,30,679,0.5773195876288659,0.5653175459846356,0.6207381910006673,0.5933217862566522
M1,2029,5102,31,679,0.5360824742268041,0.5248610996443784,0.67302022452997,0.5278914073198088
M1,2029,5102,32,679,0.5036818851251841,0.4919551523525493,0.7143428020387756,0.45980316688323913
M1,2029,5102,33,679,0.5522827687776142,0.5385200108681647,0.6381329410820541,0.5699162902063404
M1,2029,5102,34,679,0.5228276877761414,0.5131512557880019,0.6670685764045533,0.5304264783430268
M1,2029,5102,35,679,0.47569955817378495,0.46909548666474465,0.753780738660443,0.4027190471931382
M1,2029,5102,36,679,0.540500736377025,0.5253424606799129,0.6337591305221479,0.5921281400176996
M1,2029,5102,37,679,0.5301914580265096,0.5152169325334,0.6902550087586067,0.5050451313283624
M1,2029,5102,38,679,0.49337260677466865,0.47726975438834573,0.7165441193970384,0.4473730643079341
M1,2029,5102,39,679,0.5625920471281296,0.5500326315094776,0.630684887669399,0.583789107823652
M1,2029,5102,40,679,0.540500736377025,0.5241550080856421,0.6725158295943916,0.5071259136216411
M1,2029,5102,41,679,0.4948453608247423,0.47772719076423203,0.7210666063037291,0.4337576454561188
M1,2029,5102,42,679,0.5493372606774669,0.5337663620275046,0.637631931870254,0.5728014020207467
M1,2029,5102,43,679,0.5125184094256259,0.501971875130454,0.6660112153096824,0.5309450764957027
M1,2029,5102,44,679,0.47128129602356406,0.46535554353294895,0.743311820965979,0.39673388730512416
M1,2029,5102,45,679,0.5758468335787923,0.5632594507429346,0.6049537231188284,0.6064191876358928
M1,2029,5102,46,679,0.5773195876288659,0.5651757616437758,0.6091333444673288,0.5984639019354642
M1,2029,5102,47,679,0.5846833578792342,0.5730954923951359,0.5993397262644171,0.6164931355406388
M1,2029,5102,48,679,0.5552282768777614,0.5421708308066723,0.6110564513304799,0.6018903712437308
M1,2029,5102,49,679,0.5699558173784978,0.5573769039832248,0.600796617754078,0.6184884108399554
M1,2029,5102,50,679,0.5964653902798233,0.5820521394390807,0.5945562961263052,0.6213624042699138
M1,2029,5102,51,679,0.5714285714285714,0.5583529286854095,0.6080976150962847,0.6041921909431255
M1,2029,5102,52,679,0.5699558173784978,0.5567577109858095,0.600219680081411,0.6171418909788963
M1,2029,5102,53,679,0.5714285714285714,0.5596295335587904,0.6039547408452266,0.6127650779261821
M1,2029,5102,54,679,0.5493372606774669,0.5355658530702364,0.6373711662457513,0.5632919136787458
M1,2029,5102,55,679,0.5537555228276878,0.5421311929236127,0.6741323097113833,0.51300155993563
M1,2029,5102,56,679,0.5066273932253313,0.4988299724224501,0.6966139588817757,0.4766350558229848
M1,2029,5102,57,679,0.5714285714285714,0.5582545237113924,0.6295827181244459,0.5794679148523392
M1,2029,5102,58,679,0.5419734904270986,0.5280147783341719,0.6639549065935418,0.5496566488014103
M1,2029,5102,59,679,0.5139911634756995,0.4988566918169831,0.7131732571897521,0.42400574333478713
M1,2029,5102,60,679,0.540500736377025,0.5252094566825745,0.6508172566567675,0.5525916945640351
M1,2029,5102,61,679,0.5198821796759941,0.508798563490761,0.6523929339708742,0.5446257092163627
M1,2029,5102,62,679,0.46686303387334316,0.46114278634108125,0.7295116377728326,0.4299615293046522
M1,2029,5103,0,679,0.5493372606774669,0.5365545609095476,0.6347049171864899,0.5830630921648118
M1,2029,5103,1,679,0.540500736377025,0.5252346777237415,0.6770243221161467,0.5107314021813578
M1,2029,5103,2,679,0.49779086892488955,0.48421668232714743,0.7243865227795842,0.42552003205779626
M1,2029,5103,3,679,0.5596465390279823,0.5454255927011812,0.6415430716018087,0.5610441607232682
M1,2029,5103,4,679,0.5257731958762887,0.5131090005123926,0.6807670081706391,0.499277353026583
M1,2029,5103,5,679,0.48159057437407954,0.4699175783513133,0.739198697003946,0.41185682194408807
M1,2029,5103,6,679,0.5537555228276878,0.5423470492664425,0.6364242591633186,0.5654151598486588
M1,2029,5103,7,679,0.508100147275405,0.4982062620575334,0.6804068382385027,0.5103187207201757
M1,2029,5103,8,679,0.4639175257731959,0.45615327601040456,0.7575080231687984,0.38958554620502567
M1,2029,5103,9,679,0.5699558173784978,0.5551084715678065,0.6109512758623693,0.5977910877647777
M1,2029,5103,10,679,0.5625920471281296,0.5527659243010191,0.6171622207835427,0.5908332766175949
M1,2029,5103,11,679,0.5684830633284241,0.5584601939909958,0.6117970313169117,0.5991719864162033
M1,2029,5103,12,679,0.5640648011782032,0.5515353417043525,0.6107525150449357,0.6024521792535229
M1,2029,5103,13,679,0.5655375552282769,0.5558307893643436,0.6066760264984462,0.607139200456621
M1,2029,5103,14,679,0.561119293078056,0.5531806534951189,0.6126437536571092,0.6066486164737327
M1,2029,5103,15,679,0.5655375552282769,0.5546265676670619,0.6138630901327541,0.5974708259955637
M1,2029,5103,16,679,0.5655375552282769,0.5544930535028082,0.6054547402310968,0.6089064245286336
M1,2029,5103,17,679,0.5625920471281296,0.553526073411386,0.6120919811269145,0.6058963549098081
M1,2029,5103,18,679,0.5670103092783505,0.552839235416801,0.6094720969758434,0.6079413809728706
M1,2029,5103,19,679,0.5773195876288659,0.5635236272911919,0.6064219907123667,0.6128620316078772
M1,2029,5103,20,679,0.5758468335787923,0.5628273119105788,0.6136387487398858,0.6013872764477838
M1,2029,5103,21,679,0.5655375552282769,0.5519884346438086,0.6090371750064731,0.6072994934674686
M1,2029,5103,22,679,0.5714285714285714,0.5580318785472016,0.608489507252408,0.6092510996838181
M1,2029,5103,23,679,0.5655375552282769,0.5499001478650897,0.611813817442078,0.6090271136221057
M1,2029,5103,24,679,0.5640648011782032,0.5503719538662027,0.6106822013591632,0.6062286972817913
M1,2029,5103,25,679,0.5714285714285714,0.5553030875087811,0.6077384175801313,0.6136138582188714
M1,2029,5103,26,679,0.5670103092783505,0.5496611732627611,0.6144097068611757,0.6065658181418204
M1,2029,5103,27,679,0.561119293078056,0.5483640324309714,0.6360208406627441,0.5612726384534212
M1,2029,5103,28,679,0.540500736377025,0.5302537045409077,0.6657642676043756,0.5195645001256055
M1,2029,5103,29,679,0.5169366715758469,0.5049747959237176,0.7072742061911697,0.43740734479394616
M1,2029,5103,30,679,0.5596465390279823,0.5487408413630267,0.6369063657144735,0.5579001530405138
M1,2029,5103,31,679,0.5331369661266568,0.5233996672418578,0.6679406182755426,0.5384731462484698
M1,2029,5103,32,679,0.4948453608247423,0.47984368698334,0.7246368404296782,0.44265262678042855
M1,2029,5103,33,679,0.5419734904270986,0.532690614746265,0.6473449231598619,0.5667688649216336
M1,2029,5103,34,679,0.5198821796759941,0.5118526459989875,0.6696177927752482,0.5164795913293038
M1,2029,5103,35,679,0.49189985272459497,0.4867089672538153,0.7396419794245216,0.4232331347799243
M1,2029,5103,36,679,0.5463917525773195,0.530057408720702,0.6445481039814114,0.5646856479670327
M1,2029,5103,37,679,0.5390279823269514,0.5281248107955439,0.6715639012814972,0.5222093782208078
M1,2029,5103,38,679,0.48306332842415317,0.4647501670369205,0.7349815640340673,0.4201053263090503
M1,2029,5103,39,679,0.561119293078056,0.5510135363454972,0.6303536706715164,0.5747307682915958
M1,2029,5103,40,679,0.540500736377025,0.5254513951377653,0.6654774857813901,0.5285381453442367
M1,2029,5103,41,679,0.4948453608247423,0.4749356203037023,0.7122414047351115,0.4501795648084131
M1,2029,5103,42,679,0.5434462444771723,0.5314537145200761,0.644194037775579,0.5730367808037686
M1,2029,5103,43,679,0.5184094256259205,0.5058855545541954,0.6690141216293526,0.5160729200700418
M1,2029,5103,44,679,0.4653902798232695,0.45723165896143925,0.746034297263675,0.39070647656608243
M1,2029,5103,45,679,0.5625920471281296,0.5491372209750958,0.6145599881661659,0.6018830730127827
M1,2029,5103,46,679,0.5846833578792342,0.5707458748649961,0.6040132570688082,0.6041945983122844
M1,2029,5103,47,679,0.5758468335787923,0.563466395150552,0.6050294355457767,0.6110277452397125
M1,2029,5103,48,679,0.5670103092783505,0.553142238487066,0.6049209115958178,0.6102327846065585
M1,2029,5103,49,679,0.5802650957290133,0.5667206861096428,0.6011189155181834,0.6174024772858159
M1,2029,5103,50,679,0.5817378497790869,0.5696563678082515,0.5982413174301956,0.6184345318653951
M1,2029,5103,51,679,0.5670103092783505,0.5543660570380871,0.6090641522969343,0.6041155386269869
M1,2029,5103,52,679,0.5655375552282769,0.5516439126655417,0.603054535757635,0.6179665368107152
M1,2029,5103,53,679,0.5773195876288659,0.5620024107167687,0.6017976451955944,0.6128459322331384
M1,2029,5103,54,679,0.5552282768777614,0.5420533228470855,0.6357611452005749,0.5712317613659097
M1,2029,5103,55,679,0.5316642120765832,0.5211875226280989,0.6789565007798978,0.5068815113443911
M1,2029,5103,56,679,0.5184094256259205,0.5088685263795637,0.6953757992110301,0.45625132846875327
M1,2029,5103,57,679,0.561119293078056,0.5473195454555382,0.6207756054243388,0.5899316755172669
M1,2029,5103,58,679,0.5390279823269514,0.5279138488237727,0.6505101218446541,0.5266327000746592
M1,2029,5103,59,679,0.5287187039764359,0.5150740977415043,0.6992210616770479,0.46411507311342426
M1,2029,5103,60,679,0.5478645066273933,0.5341319750362794,0.6421004942836396,0.5625417200917562
M1,2029,5103,61,679,0.5198821796759941,0.5146757200017869,0.6517205890130926,0.5398758508718347
M1,2029,5103,62,679,0.4786450662739323,0.47457228447354166,0.7271429936076474,0.4278362654158139
M1,2029,5104,0,679,0.540500736377025,0.5202144598696323,0.6426795247025975,0.5576384810277814
M1,2029,5104,1,679,0.5198821796759941,0.5095426935049576,0.6846401126553279,0.5072948445201785
M1,2029,5104,2,679,0.49337260677466865,0.47955333374819364,0.7212461998606641,0.4310478558643337
M1,2029,5104,3,679,0.572901325478645,0.5590062274575694,0.640237973874026,0.5557148244770491
M1,2029,5104,4,679,0.5301914580265096,0.5188740750682183,0.6760031744420791,0.5161766530635571
M1,2029,5104,5,679,0.4639175257731959,0.45201770405114794,0.7457776997726691,0.4033011864016057
M1,2029,5104,6,679,0.5331369661266568,0.5161883269103386,0.6518153641729537,0.5456525317661984
M1,2029,5104,7,679,0.5169366715758469,0.5075341521095843,0.6869492511071583,0.4990054593813582
M1,2029,5104,8,679,0.4742268041237113,0.46488762047014476,0.7533688539740614,0.3845126402957608
M1,2029,5104,9,679,0.5684830633284241,0.5578925614759419,0.6131476100221473,0.5986156469262385
M1,2029,5104,10,679,0.5581737849779087,0.5493641467093988,0.6147996844704618,0.590489252657588
M1,2029,5104,11,679,0.5655375552282769,0.5566580215877253,0.6115016029579825,0.6002637668292544
M1,2029,5104,12,679,0.5684830633284241,0.5540360277237858,0.6089982339050704,0.608072025244068
M1,2029,5104,13,679,0.5567010309278351,0.5485433306599842,0.6116071612915691,0.6042404525825827
M1,2029,5104,14,679,0.5699558173784978,0.5597436820774467,0.6098230730890349,0.6018105939535258
M1,2029,5104,15,679,0.5640648011782032,0.5516990780565437,0.6140715719059395,0.597790852348599
M1,2029,5104,16,679,0.5714285714285714,0.5595198396267218,0.6045697334500932,0.6057251982476414
M1,2029,5104,17,679,0.5596465390279823,0.549229810497255,0.6112015906595165,0.6091356340157299
M1,2029,5104,18,679,0.5640648011782032,0.5507099649711847,0.6098604164523825,0.6053155851695747
M1,2029,5104,19,679,0.5802650957290133,0.5647588961053528,0.6063666505209652,0.6113854180527769
M1,2029,5104,20,679,0.572901325478645,0.5588059555294348,0.6131777923570642,0.604587307689184
M1,2029,5104,21,679,0.572901325478645,0.5590943883669107,0.6080402198613831,0.6078359813127806
M1,2029,5104,22,679,0.5670103092783505,0.5515448768722986,0.6106344225304818,0.6076805599511057
M1,2029,5104,23,679,0.5714285714285714,0.5566443199551832,0.6078764470582155,0.6144775048018474
M1,2029,5104,24,679,0.5670103092783505,0.5521687299078482,0.6093128689610028,0.6073725306043173
M1,2029,5104,25,679,0.5670103092783505,0.5515908340159513,0.6110644243953857,0.6058804628903606
M1,2029,5104,26,679,0.561119293078056,0.543635532790163,0.6148979916663865,0.6060674463000291
M1,2029,5104,27,679,0.5625920471281296,0.5517802634647162,0.6284542244822007,0.5698275519697615
M1,2029,5104,28,679,0.5390279823269514,0.5276707458283485,0.666360438352832,0.524001361290696
M1,2029,5104,29,679,0.5051546391752577,0.4920498471631624,0.7089205265089058,0.4356624580731935
M1,2029,5104,30,679,0.5640648011782032,0.5514746800222593,0.632295922212994,0.5648281343167463
M1,2029,5104,31,679,0.5287187039764359,0.5186904637765472,0.6863873742290378,0.510847603762789
M1,2029,5104,32,679,0.4889543446244477,0.47759648497104845,0.7153071426458668,0.46069714546326
M1,2029,5104,33,679,0.5684830633284241,0.5537287920796976,0.6297629813996962,0.5726790859937537
M1,2029,5104,34,679,0.5125184094256259,0.5043706649316351,0.6645785327644166,0.5430043445004141
M1,2029,5104,35,679,0.48748159057437407,0.48036682169285727,0.7424650067828366,0.4215052053571626
M1,2029,5104,36,679,0.5390279823269514,0.5238701937464573,0.6431664688422156,0.5765864498569042
M1,2029,5104,37,679,0.5390279823269514,0.5259402735891394,0.6775846316291236,0.5166753250696275
M1,2029,5104,38,679,0.4992636229749632,0.48289589993908577,0.7190526509671218,0.4367757733261113
M1,2029,5104,39,679,0.5537555228276878,0.5378477559334249,0.6463678078026414,0.5640647160510269
M1,2029,5104,40,679,0.540500736377025,0.5235468074543587,0.6591142280814574,0.555351341607742
M1,2029,5104,41,679,0.49779086892488955,0.47137273827293397,0.7201961717830315,0.4254120225628401
M1,2029,5104,42,679,0.5360824742268041,0.522012605012298,0.6420222883371963,0.5815238728962673
M1,2029,5104,43,679,0.5449189985272459,0.5348727609065955,0.6574859771444099,0.524508280416227
M1,2029,5104,44,679,0.4639175257731959,0.455188891759162,0.7479236042113298,0.3873937618581732
M1,2029,5104,45,679,0.5743740795287187,0.5617745574609618,0.6044176337645226,0.6092562661453977
M1,2029,5104,46,679,0.5758468335787923,0.5653622028817892,0.6088271694962862,0.6018680663179719
M1,2029,5104,47,679,0.5817378497790869,0.5697297718926708,0.5992681141366664,0.6175332876856278
M1,2029,5104,48,679,0.5640648011782032,0.5501317717156367,0.6057796944399119,0.61365829174127
M1,2029,5104,49,679,0.5817378497790869,0.5675604005670901,0.6038049364212862,0.612434028791543
M1,2029,5104,50,679,0.5891016200294551,0.5738797130293759,0.5990510141814405,0.6193350953038811
M1,2029,5104,51,679,0.5596465390279823,0.544601860497034,0.6124372101760578,0.6023603738438478
M1,2029,5104,52,679,0.5699558173784978,0.5567765023699753,0.6021991330850458,0.6148973982861844
M1,2029,5104,53,679,0.5714285714285714,0.5559426487693915,0.6060389065689823,0.6130688696299154
M1,2029,5104,54,679,0.5596465390279823,0.5434788344731083,0.6367731060563904,0.5635028796160931
M1,2029,5104,55,679,0.5346097201767305,0.5227310403195484,0.6695000272085109,0.5106928930939032
M1,2029,5104,56,679,0.5110456553755522,0.50256786181111,0.6943395991476365,0.4652009822118273
M1,2029,5104,57,679,0.5699558173784978,0.5552153467896843,0.624905602087504,0.577367111569106
M1,2029,5104,58,679,0.540500736377025,0.5292836359825298,0.6558248643847031,0.5487810966730714
M1,2029,5104,59,679,0.5125184094256259,0.5004283025192748,0.6894466084083858,0.49308683739255804
M1,2029,5104,60,679,0.5301914580265096,0.5159360408360091,0.6520147342262282,0.5479551940206185
M1,2029,5104,61,679,0.5125184094256259,0.5057379801091995,0.6487028481156204,0.5565673813042651
M1,2029,5104,62,679,0.4786450662739323,0.4744000386427082,0.7120549625474328,0.4557355673493434
M1,2029,5105,0,679,0.5346097201767305,0.5169161478425528,0.6501205944523369,0.5583844385795428
M1,2029,5105,1,679,0.524300441826215,0.5129434773348062,0.6871955780551079,0.5026331666373676
M1,2029,5105,2,679,0.4963181148748159,0.48211860443920496,0.7208351825140362,0.4399540740930598
M1,2029,5105,3,679,0.5640648011782032,0.5477206607198672,0.6397324570061005,0.5601103176817188
M1,2029,5105,4,679,0.5331369661266568,0.523617674904334,0.6724155634992779,0.5185261724765491
M1,2029,5105,5,679,0.47717231222385864,0.4668558101807396,0.7472425053370719,0.40160139480705115
M1,2029,5105,6,679,0.5449189985272459,0.5295782230073529,0.6457235102098715,0.5591039703429966
M1,2029,5105,7,679,0.5095729013254786,0.5009794245476483,0.6866418516293541,0.4921796593064081
M1,2029,5105,8,679,0.4801178203240059,0.4732971538319797,0.7466988103774229,0.4010910971879211
M1,2029,5105,9,679,0.5655375552282769,0.5540462719381899,0.611973255477703,0.5983934685515668
M1,2029,5105,10,679,0.561119293078056,0.5522124833130526,0.611858467334149,0.5953588307232132
M1,2029,5105,11,679,0.5640648011782032,0.5545559234084152,0.6158329897144582,0.5952618402143389
M1,2029,5105,12,679,0.5625920471281296,0.5517518574326904,0.6095778465446562,0.6026262735247836
M1,2029,5105,13,679,0.561119293078056,0.5506490758191978,0.6113083462651945,0.607843939281516
M1,2029,5105,14,679,0.5655375552282769,0.556182140475874,0.6105807341953441,0.6077795011699728
M1,2029,5105,15,679,0.5625920471281296,0.5492365965014491,0.6105535183985209,0.6061356316951974
M1,2029,5105,16,679,0.5596465390279823,0.5492236569516904,0.6111243296090914,0.6037992836492737
M1,2029,5105,17,679,0.5640648011782032,0.5533868992514602,0.6102236148535064,0.6047705764801716
M1,2029,5105,18,679,0.5655375552282769,0.5523236181995022,0.6078088928743736,0.608524639839048
M1,2029,5105,19,679,0.5699558173784978,0.5569934012583038,0.6080168924117475,0.6103157455972406
M1,2029,5105,20,679,0.5758468335787923,0.5626852095703867,0.6111204252854011,0.6054648381890532
M1,2029,5105,21,679,0.5670103092783505,0.5540741793954639,0.6081472995618307,0.6082216580947777
M1,2029,5105,22,679,0.5758468335787923,0.5629530856450615,0.6076023614634821,0.610239633881317
M1,2029,5105,23,679,0.5714285714285714,0.5564285417445871,0.6096811466171393,0.6131686953023434
M1,2029,5105,24,679,0.5684830633284241,0.555859570213421,0.6083753371449387,0.6071555220870167
M1,2029,5105,25,679,0.5640648011782032,0.5491364634582792,0.6117997568029367,0.6082148133945202
M1,2029,5105,26,679,0.5655375552282769,0.5497141349511774,0.6142237756143438,0.6067844144095039
M1,2029,5105,27,679,0.5640648011782032,0.5523514246705732,0.6270906200552899,0.5798797761486775
M1,2029,5105,28,679,0.524300441826215,0.5166002241824651,0.6791987708373344,0.49391480734597265
M1,2029,5105,29,679,0.5095729013254786,0.4969983125008527,0.7056450957489997,0.4473958874049351
M1,2029,5105,30,679,0.5817378497790869,0.5718780612807588,0.6249650565794888,0.5806967304015105
M1,2029,5105,31,679,0.5375552282768777,0.5284762564920975,0.6635286047593835,0.537206773276568
M1,2029,5105,32,679,0.5036818851251841,0.49578402622045886,0.714661684386509,0.4551463915882651
M1,2029,5105,33,679,0.5316642120765832,0.5124299139224513,0.6511143987370169,0.5555870891303148
M1,2029,5105,34,679,0.5095729013254786,0.4999102064221298,0.6725291302304205,0.5254919844634521
M1,2029,5105,35,679,0.4992636229749632,0.49516419162510605,0.7410413277649563,0.42009174229319923
M1,2029,5105,36,679,0.5419734904270986,0.5248196984980487,0.6428458240755528,0.5648909653450003
M1,2029,5105,37,679,0.540500736377025,0.5236638817690852,0.6827141877828887,0.5112566328739235
M1,2029,5105,38,679,0.49337260677466865,0.4748619836284028,0.7291025487769159,0.43259190431000394
M1,2029,5105,39,679,0.5522827687776142,0.5375397942271007,0.6339038156620357,0.5781652457052504
M1,2029,5105,40,679,0.5139911634756995,0.5005986839981882,0.6775523065555078,0.5165267873999025
M1,2029,5105,41,679,0.4698085419734904,0.45014116099504653,0.7394192181033835,0.4084899939771581
M1,2029,5105,42,679,0.5596465390279823,0.5456608718649022,0.633980971153425,0.5776955774634391
M1,2029,5105,43,679,0.5213549337260678,0.5096575310457068,0.666047436038419,0.5211586656122236
M1,2029,5105,44,679,0.4698085419734904,0.4613590069882304,0.7427425074208643,0.3987074781901242
M1,2029,5105,45,679,0.5684830633284241,0.5561036584480704,0.609827141874142,0.5945717941182382
M1,2029,5105,46,679,0.5699558173784978,0.5588714361761791,0.6066684040826621,0.6044956509510743
M1,2029,5105,47,679,0.5817378497790869,0.5694978663340119,0.6020023909250661,0.6141666518253253
M1,2029,5105,48,679,0.5581737849779087,0.542430874372266,0.6081747929284429,0.6075318298815656
M1,2029,5105,49,679,0.5670103092783505,0.5529181044727994,0.6039707443412169,0.614293085567479
M1,2029,5105,50,679,0.5802650957290133,0.5637407360708332,0.6005208975963283,0.6185546311980858
M1,2029,5105,51,679,0.5699558173784978,0.5546308403859891,0.6043192173226768,0.6092998286811964
M1,2029,5105,52,679,0.5640648011782032,0.5477520059134704,0.608484346622571,0.6081479694910656
M1,2029,5105,53,679,0.5684830633284241,0.5536360204986128,0.6032882289788157,0.6136388677600202
M1,2029,5105,54,679,0.5493372606774669,0.534626079671293,0.6390183052275774,0.5669670508020741
M1,2029,5105,55,679,0.5360824742268041,0.527712109272393,0.6899645311842962,0.49126023122999407
M1,2029,5105,56,679,0.5184094256259205,0.5111275423259092,0.691904264253966,0.4669171291197077
M1,2029,5105,57,679,0.540500736377025,0.5238706228281208,0.6372122834813788,0.5729020867047895
M1,2029,5105,58,679,0.5316642120765832,0.5178174318365042,0.6657827577727884,0.5368327929226728
M1,2029,5105,59,679,0.5331369661266568,0.5183736788708565,0.6861086145416451,0.49730320105851034
M1,2029,5105,60,679,0.5287187039764359,0.5140012591581818,0.6554912667123488,0.5503005254304631
M1,2029,5105,61,679,0.5139911634756995,0.5081779779360425,0.6453362919708415,0.5630087486961175
M1,2029,5105,62,679,0.48600883652430044,0.4801624051856984,0.7050073314046649,0.47285164431198845
M1,2030,5101,0,679,0.5625920471281296,0.5551646352467212,0.633015217306161,0.5619455800431423
M1,2030,5101,1,679,0.5228276877761414,0.5132032489004986,0.6904739931730529,0.48146383973422474
M1,2030,5101,2,679,0.49337260677466865,0.48115533946563716,0.744704123910116,0.3985995718668127
M1,2030,5101,3,679,0.5817378497790869,0.5762043383259166,0.6428007197968212,0.5461681463632808
M1,2030,5101,4,679,0.5198821796759941,0.5141913873312155,0.6913419278758264,0.47930787476206826
M1,2030,5101,5,679,0.4963181148748159,0.48316940874344483,0.7293477587522569,0.4239199563375835
M1,2030,5101,6,679,0.5478645066273933,0.5344315294694407,0.6563163199331694,0.55381118349216
M1,2030,5101,7,679,0.5419734904270986,0.5302832695365826,0.6816187608707285,0.5211324157596317
M1,2030,5101,8,679,0.48748159057437407,0.47542577110007134,0.7594098423515749,0.3831296663632161
M1,2030,5101,9,679,0.5787923416789397,0.5707258348225824,0.6139475678221291,0.6033823879643702
M1,2030,5101,10,679,0.5817378497790869,0.570255868380392,0.6143058045974361,0.6035621105724076
M1,2030,5101,11,679,0.5861561119293078,0.5741443923262105,0.612164601134973,0.6094017858051498
M1,2030,5101,12,679,0.5670103092783505,0.5598313869748408,0.6199935933627155,0.5927500389507627
M1,2030,5101,13,679,0.5876288659793815,0.5750344376881638,0.6088620076650021,0.6114756985582258
M1,2030,5101,14,679,0.5817378497790869,0.5680052808766133,0.6127747836274496,0.616017120149002
M1,2030,5101,15,679,0.5787923416789397,0.5693771127945486,0.6112151594067182,0.6054342713148865
M1,2030,5101,16,679,0.5670103092783505,0.5588224600449084,0.6174905194800803,0.5981801917462111
M1,2030,5101,17,679,0.5655375552282769,0.5558185759734313,0.6165227507719762,0.6123090772141767
M1,2030,5101,18,679,0.572901325478645,0.5627719097136931,0.614873188453149,0.5998073045568098
M1,2030,5101,19,679,0.5743740795287187,0.5641447246541822,0.617963836057899,0.5942755036368802
M1,2030,5101,20,679,0.5743740795287187,0.564781295938867,0.6157126146669065,0.5945306112459582
M1,2030,5101,21,679,0.5743740795287187,0.5657674199480935,0.6144319807833529,0.5998046022269165
M1,2030,5101,22,679,0.5832106038291606,0.5723639900424204,0.6115527111757135,0.604563597211887
M1,2030,5101,23,679,0.5787923416789397,0.5651269405737934,0.6130756322782767,0.6023322717567186
M1,2030,5101,24,679,0.5743740795287187,0.564749087658644,0.6133869729266778,0.600126995162521
M1,2030,5101,25,679,0.5832106038291606,0.5743379794546287,0.6123709679527732,0.6020134923431673
M1,2030,5101,26,679,0.5787923416789397,0.5681793341639889,0.6120988649805796,0.6015173476549996
M1,2030,5101,27,679,0.5596465390279823,0.552398500412496,0.6345262672307741,0.5699972594648686
M1,2030,5101,28,679,0.5390279823269514,0.5305697154816449,0.6873803899152992,0.5021589146940286
M1,2030,5101,29,679,0.5110456553755522,0.4984174244413917,0.7499118482636422,0.41075206383516955
M1,2030,5101,30,679,0.561119293078056,0.5529209274071074,0.633425366215748,0.5800312833085179
M1,2030,5101,31,679,0.5508100147275405,0.5408196096474016,0.6875448429487941,0.4958723297854694
M1,2030,5101,32,679,0.5095729013254786,0.49734615420889927,0.7366573731792166,0.43357966789360725
M1,2030,5101,33,679,0.5478645066273933,0.5379668731590063,0.6383514592810828,0.5912356904894652
M1,2030,5101,34,679,0.5125184094256259,0.5005590460159329,0.7027903983756263,0.5112568896336053
M1,2030,5101,35,679,0.49042709867452133,0.47600148330371456,0.7593258587706598,0.4156152482014523
M1,2030,5101,36,679,0.5596465390279823,0.5499389844580904,0.6333612532564747,0.5659187425427948
M1,2030,5101,37,679,0.5198821796759941,0.5126746146476725,0.6903385734830233,0.4692397852950538
M1,2030,5101,38,679,0.48600883652430044,0.4709513177609428,0.7513718014042577,0.39074219717098524
M1,2030,5101,39,679,0.5640648011782032,0.5543117265262077,0.6356710578933555,0.5643162869376693
M1,2030,5101,40,679,0.524300441826215,0.5142490241012408,0.6812056039894804,0.4888320044319243
M1,2030,5101,41,679,0.5007363770250368,0.4849270906595968,0.7283754308594168,0.41939101890142505
M1,2030,5101,42,679,0.5581737849779087,0.5451246775345545,0.6306959028754916,0.5803683462092852
M1,2030,5101,43,679,0.5449189985272459,0.5335931900843194,0.6829060943953594,0.5118332583173374
M1,2030,5101,44,679,0.4992636229749632,0.4846462989966277,0.7485353932859972,0.39889656046166255
M1,2030,5101,45,679,0.5743740795287187,0.5640887070652202,0.6108601070468661,0.6070989210994884
M1,2030,5101,46,679,0.593519882179676,0.5811416625929292,0.6072622702644921,0.6087696759297955
M1,2030,5101,47,679,0.5964653902798233,0.5852397718278337,0.6074807603071294,0.616224466913727
M1,2030,5101,48,679,0.5773195876288659,0.5671970207144659,0.6116314926712784,0.6069499319541753
M1,2030,5101,49,679,0.5670103092783505,0.555601264095851,0.6178725780987775,0.6088623343469848
M1,2030,5101,50,679,0.5861561119293078,0.5724478019095582,0.6081867609968593,0.618819838374797
M1,2030,5101,51,679,0.572901325478645,0.5643227702664028,0.611571517494536,0.6060745376429703
M1,2030,5101,52,679,0.5743740795287187,0.5665631848823718,0.6114380625632093,0.5985676340004419
M1,2030,5101,53,679,0.5891016200294551,0.5794338217936845,0.6016537541844532,0.6215672253168678
M1,2030,5101,54,679,0.5360824742268041,0.530115965805772,0.6389235262052652,0.5612277978110785
M1,2030,5101,55,679,0.5346097201767305,0.5222515334990462,0.6868379191771171,0.5001459244106108
M1,2030,5101,56,679,0.5022091310751104,0.48835922787193975,0.7312585512431276,0.448544939086737
M1,2030,5101,57,679,0.5758468335787923,0.5682285461379492,0.6320554358179685,0.5689969398832588
M1,2030,5101,58,679,0.5567010309278351,0.5434159081679233,0.656381932489124,0.5348391027090887
M1,2030,5101,59,679,0.5184094256259205,0.5029576495875382,0.7174767781822601,0.46048241623981134
M1,2030,5101,60,679,0.5640648011782032,0.5534662646827662,0.6385873917144599,0.5807086362931352
M1,2030,5101,61,679,0.5419734904270986,0.5306845749284594,0.6750076354340004,0.5335421144042843
M1,2030,5101,62,679,0.5257731958762887,0.5169503670164323,0.7265079264173803,0.44351054771440485
M1,2030,5102,0,679,0.5434462444771723,0.535805594860318,0.6385398315531867,0.5560356527479718
M1,2030,5102,1,679,0.5110456553755522,0.50190119362458,0.6884762002854705,0.4872251143960816
M1,2030,5102,2,679,0.49189985272459497,0.47996210570696696,0.7421976359278534,0.414277625084114
M1,2030,5102,3,679,0.5714285714285714,0.5667603830484189,0.631244953738221,0.5799201261892131
M1,2030,5102,4,679,0.5360824742268041,0.5251238450557725,0.677150683326644,0.5114328968302936
M1,2030,5102,5,679,0.49189985272459497,0.4761364693839568,0.739781022971614,0.3935179043855795
M1,2030,5102,6,679,0.5419734904270986,0.5335859484102521,0.6478847589382192,0.5654542471729338
M1,2030,5102,7,679,0.5287187039764359,0.5193631802139336,0.7000484884180271,0.4964801155093789
M1,2030,5102,8,679,0.5051546391752577,0.4924162266146952,0.7462446258810729,0.40117053740988984
M1,2030,5102,9,679,0.5743740795287187,0.5662065375749573,0.6146199802411323,0.6026160531054304
M1,2030,5102,10,679,0.5743740795287187,0.5629156019619936,0.6170884232545636,0.5989314598143295
M1,2030,5102,11,679,0.5846833578792342,0.5703837895866881,0.6149617668806365,0.6116637544092489
M1,2030,5102,12,679,0.5832106038291606,0.572615557835762,0.6077269815643687,0.6092951648250564
M1,2030,5102,13,679,0.5787923416789397,0.5676752961126933,0.6071862151766736,0.6181459138854672
M1,2030,5102,14,679,0.5861561119293078,0.5742130877854849,0.6159398572873297,0.6112703181227809
M1,2030,5102,15,679,0.5773195876288659,0.5696026162514023,0.6138125998633248,0.5985928987768182
M1,2030,5102,16,679,0.5670103092783505,0.5587612180089485,0.6137778012408424,0.6037716831320733
M1,2030,5102,17,679,0.5684830633284241,0.5594387939466064,0.6132583425041502,0.616389155351641
M1,2030,5102,18,679,0.572901325478645,0.5628486515470004,0.6141101482251607,0.5994717584484974
M1,2030,5102,19,679,0.5758468335787923,0.5655056309274967,0.6159634974638387,0.59718450869307
M1,2030,5102,20,679,0.572901325478645,0.5630582460623811,0.6154392458641126,0.5955729567603814
M1,2030,5102,21,679,0.572901325478645,0.5638644416606173,0.6141094014114413,0.599695726037557
M1,2030,5102,22,679,0.5817378497790869,0.5712727579881421,0.6140653490581288,0.5999402405834324
M1,2030,5102,23,679,0.5773195876288659,0.5626950817597542,0.6155464686069292,0.5996695400301373
M1,2030,5102,24,679,0.572901325478645,0.5650144250460206,0.6130895274464968,0.6013567774953922
M1,2030,5102,25,679,0.5817378497790869,0.5725157719360618,0.6129641027706888,0.6011865926346757
M1,2030,5102,26,679,0.5758468335787923,0.5663606492574648,0.6118878662059515,0.6024543491019605
M1,2030,5102,27,679,0.5537555228276878,0.5457531463863143,0.6272026120475185,0.5803300623196121
M1,2030,5102,28,679,0.5346097201767305,0.5234210391670602,0.6933546666500319,0.48493616694627656
M1,2030,5102,29,679,0.5184094256259205,0.5055465125849271,0.742352383235944,0.40898292754650956
M1,2030,5102,30,679,0.5876288659793815,0.5789376007649573,0.6209800513090897,0.5967946247540439
M1,2030,5102,31,679,0.5537555228276878,0.5448190291880044,0.6656074913901678,0.5315322459793069
M1,2030,5102,32,679,0.5036818851251841,0.4883971722365136,0.7382949390757242,0.443349062818684
M1,2030,5102,33,679,0.5596465390279823,0.5504254885636437,0.6471075721315502,0.5685648676912092
M1,2030,5102,34,679,0.5360824742268041,0.5233150355689216,0.674380417227394,0.5461824683031453
M1,2030,5102,35,679,0.4992636229749632,0.4849210358556153,0.7673591469717658,0.4058059250006082
M1,2030,5102,36,679,0.5449189985272459,0.5395525124200261,0.6275766389183864,0.5829689706615295
M1,2030,5102,37,679,0.5316642120765832,0.5212885095525682,0.6839378340737634,0.4940621429227766
M1,2030,5102,38,679,0.4948453608247423,0.4794959507602171,0.7450942688776573,0.4050895344593345
M1,2030,5102,39,679,0.5714285714285714,0.5620380254110839,0.61921993049413,0.5941560380242077
M1,2030,5102,40,679,0.5360824742268041,0.5260984712192207,0.6698554784322873,0.4970185735700808
M1,2030,5102,41,679,0.5036818851251841,0.4913068143357485,0.7079854037212167,0.4476028267851259
M1,2030,5102,42,679,0.5463917525773195,0.5354440275454027,0.6420585552397814,0.5762172270851501
M1,2030,5102,43,679,0.5257731958762887,0.5135264683441453,0.6747872085257026,0.5382702720593531
M1,2030,5102,44,679,0.5184094256259205,0.5036433275208106,0.7313804646874387,0.4256008998756954
M1,2030,5102,45,679,0.5802650957290133,0.5712572779672489,0.6123990118942485,0.6007644440567333
M1,2030,5102,46,679,0.5905743740795287,0.5806980399371704,0.6103800610256476,0.6062359469304899
M1,2030,5102,47,679,0.5979381443298969,0.5866800551428251,0.6086111922854001,0.6094252950250314
M1,2030,5102,48,679,0.5846833578792342,0.5743374716761762,0.6084379235142636,0.6038670573026156
M1,2030,5102,49,679,0.5773195876288659,0.5660083941008716,0.6049646352457544,0.6218015848540036
M1,2030,5102,50,679,0.5964653902798233,0.5793449906635013,0.6050914396066904,0.6201947656785457
M1,2030,5102,51,679,0.5758468335787923,0.5663772769515816,0.6110965798283887,0.6030723346645077
M1,2030,5102,52,679,0.5758468335787923,0.5707566182508337,0.6135740362228456,0.6008137720467067
M1,2030,5102,53,679,0.5832106038291606,0.5752252049494884,0.6075178580098018,0.6111700666968359
M1,2030,5102,54,679,0.5567010309278351,0.5503693497060793,0.6380697264060357,0.565192490308672
M1,2030,5102,55,679,0.5287187039764359,0.516474587088369,0.7005361505127093,0.47149262026729316
M1,2030,5102,56,679,0.4963181148748159,0.4780995647539733,0.7522229702158424,0.40470395177335805
M1,2030,5102,57,679,0.5861561119293078,0.575374575915452,0.6218415096906921,0.5812246963376484
M1,2030,5102,58,679,0.5434462444771723,0.5317086736780079,0.6641992343060222,0.5421142752405063
M1,2030,5102,59,679,0.5139911634756995,0.49944384533474406,0.7234945975584204,0.44505125323744404
M1,2030,5102,60,679,0.5537555228276878,0.5467235806986888,0.6379123800633055,0.5714697960894883
M1,2030,5102,61,679,0.524300441826215,0.5063620461416622,0.6741507273710529,0.5393108799056064
M1,2030,5102,62,679,0.5257731958762887,0.5171890532967645,0.7205417520738315,0.44297610833384904
M1,2030,5103,0,679,0.5508100147275405,0.544220545202441,0.634085688526044,0.5793961359786146
M1,2030,5103,1,679,0.5257731958762887,0.5170905552273786,0.68609678501672,0.4850917012361727
M1,2030,5103,2,679,0.48600883652430044,0.4758981274471533,0.7487237196037099,0.3895249510403128
M1,2030,5103,3,679,0.5714285714285714,0.5649212310383257,0.6382759568090818,0.5567268487690693
M1,2030,5103,4,679,0.5154639175257731,0.507679599747934,0.684081181971595,0.504345651843299
M1,2030,5103,5,679,0.4963181148748159,0.4836173552991304,0.7228607496957189,0.43045874443748994
M1,2030,5103,6,679,0.5478645066273933,0.5377492531051726,0.644322178193501,0.5725080647542143
M1,2030,5103,7,679,0.5360824742268041,0.526737288664296,0.6753094842621785,0.5398862899313484
M1,2030,5103,8,679,0.4992636229749632,0.48827863462592347,0.7588614140896454,0.38350443621533714
M1,2030,5103,9,679,0.5787923416789397,0.5714871154421504,0.6132399163734228,0.6014492354146467
M1,2030,5103,10,679,0.5832106038291606,0.5711939953688967,0.6161839458131299,0.601302992959797
M1,2030,5103,11,679,0.5876288659793815,0.5746827396521654,0.6142790526897812,0.6143588177052308
M1,2030,5103,12,679,0.5773195876288659,0.5671380397545581,0.6172918825683257,0.6000589685014858
M1,2030,5103,13,679,0.572901325478645,0.5616137663388118,0.6183721123370225,0.6021482550232683
M1,2030,5103,14,679,0.5832106038291606,0.5692869717844882,0.614806202620224,0.6123752572053611
M1,2030,5103,15,679,0.5846833578792342,0.5756472713434035,0.6091808171528604,0.6074612288267786
M1,2030,5103,16,679,0.5655375552282769,0.5580924441162445,0.6154788589442426,0.6027834593976303
M1,2030,5103,17,679,0.5743740795287187,0.5645304171961194,0.6116949501550251,0.6146491997026778
M1,2030,5103,18,679,0.5743740795287187,0.5651606436121822,0.615654497680327,0.596553907624154
M1,2030,5103,19,679,0.5787923416789397,0.568373243960419,0.6159600572926658,0.5955238710989962
M1,2030,5103,20,679,0.5699558173784978,0.5610267250121881,0.6170987215150965,0.5925187908769475
M1,2030,5103,21,679,0.5743740795287187,0.5650742342394812,0.6144504058606846,0.6007853447558813
M1,2030,5103,22,679,0.5802650957290133,0.5693376637245596,0.613181296258682,0.6031748431961778
M1,2030,5103,23,679,0.5787923416789397,0.5655323659926692,0.6123344693250614,0.601572562362434
M1,2030,5103,24,679,0.5758468335787923,0.5673518800997555,0.6126020275528196,0.6005346185320936
M1,2030,5103,25,679,0.5802650957290133,0.5697515320009897,0.6139517315445312,0.6010379661724217
M1,2030,5103,26,679,0.5787923416789397,0.5692260435906112,0.6110526040657279,0.6056932973600287
M1,2030,5103,27,679,0.5478645066273933,0.5394828817530448,0.6341152794889569,0.5744945429232189
M1,2030,5103,28,679,0.5390279823269514,0.5276685408121152,0.6896120093444661,0.4932379475639429
M1,2030,5103,29,679,0.5125184094256259,0.499325933167573,0.7520508128211495,0.4093347463098916
M1,2030,5103,30,679,0.572901325478645,0.5634846818465437,0.6245150814746371,0.5858392645522843
M1,2030,5103,31,679,0.5493372606774669,0.5369998254976263,0.6806028531164765,0.49863139183787075
M1,2030,5103,32,679,0.5169366715758469,0.5041260864480593,0.7161590361498592,0.4322180073741226
M1,2030,5103,33,679,0.5493372606774669,0.5390606807162468,0.6481662111271814,0.57058129020224
M1,2030,5103,34,679,0.5184094256259205,0.5081699346405228,0.6876364950973963,0.5263035550422411
M1,2030,5103,35,679,0.5110456553755522,0.495089160588979,0.7546236623457149,0.42122266672529884
M1,2030,5103,36,679,0.5419734904270986,0.5361929584116184,0.6474939054961759,0.544208188586266
M1,2030,5103,37,679,0.5301914580265096,0.5204675394355095,0.6769550713725575,0.5019780491141803
M1,2030,5103,38,679,0.4845360824742268,0.47097964691949656,0.7525998860246479,0.39711856918348665
M1,2030,5103,39,679,0.5817378497790869,0.5730890386818221,0.6205315660350629,0.5788932115399866
M1,2030,5103,40,679,0.5478645066273933,0.5408178343643792,0.6716052496336696,0.5046219948379527
M1,2030,5103,41,679,0.48159057437407954,0.4688741973781452,0.7137049535544526,0.4469736007031893
M1,2030,5103,42,679,0.5625920471281296,0.5527591779747775,0.6320374334156952,0.5881427205205657
M1,2030,5103,43,679,0.5301914580265096,0.5203698128355663,0.6779332250049434,0.5302279279383173
M1,2030,5103,44,679,0.4963181148748159,0.48336466760488117,0.7467373013276941,0.39967288762676484
M1,2030,5103,45,679,0.5743740795287187,0.5648166385911237,0.6136302294453746,0.6041332913439764
M1,2030,5103,46,679,0.5905743740795287,0.577194238436064,0.6075861672589635,0.6058572198346216
M1,2030,5103,47,679,0.5861561119293078,0.575701252841201,0.6096249358380139,0.6110410088309112
M1,2030,5103,48,679,0.5699558173784978,0.5577995820967708,0.6148468120371997,0.6031377418631657
M1,2030,5103,49,679,0.5684830633284241,0.5587065191160755,0.6097475461036362,0.6217270475509818
M1,2030,5103,50,679,0.5891016200294551,0.5745896059181119,0.6099400363193169,0.616255722398335
M1,2030,5103,51,679,0.5773195876288659,0.569163935872575,0.6073848724101886,0.6122354405093465
M1,2030,5103,52,679,0.5743740795287187,0.5653249169092098,0.6119830717657733,0.6073726230523959
M1,2030,5103,53,679,0.5920471281296024,0.5844013197204687,0.6014465228798463,0.6211679482836767
M1,2030,5103,54,679,0.5552282768777614,0.5495255112169942,0.6336444178719584,0.5722649900036364
M1,2030,5103,55,679,0.5331369661266568,0.5240519327979368,0.6938147902795949,0.4785680312288814
M1,2030,5103,56,679,0.4948453608247423,0.47836944559841876,0.7397458127127832,0.4275892974948568
M1,2030,5103,57,679,0.5684830633284241,0.5623676186528437,0.6176640686081154,0.5892662656934138
M1,2030,5103,58,679,0.540500736377025,0.5305003858740859,0.6650992435058894,0.5211920226215166
M1,2030,5103,59,679,0.5184094256259205,0.5091780214910823,0.7088831283250859,0.4689348869435476
M1,2030,5103,60,679,0.5522827687776142,0.5442009109232674,0.6424306098465014,0.5595925730993249
M1,2030,5103,61,679,0.5434462444771723,0.533085130514217,0.6723723797805179,0.529264059875263
M1,2030,5103,62,679,0.5198821796759941,0.5116681929181929,0.7187104714329359,0.44799077265837395
M1,2030,5104,0,679,0.5331369661266568,0.5275144362786655,0.6441913111264295,0.5588327853569284
M1,2030,5104,1,679,0.5036818851251841,0.49240638688403615,0.6945608870753133,0.48537899993312683
M1,2030,5104,2,679,0.49189985272459497,0.4809611035953747,0.7423271034927887,0.3914727382662554
M1,2030,5104,3,679,0.5655375552282769,0.5584529138142882,0.6402268843596393,0.5517401540770679
M1,2030,5104,4,679,0.5449189985272459,0.5349624909731957,0.6715071357797628,0.5214660060841272
M1,2030,5104,5,679,0.49337260677466865,0.48021912603309613,0.7381670557302649,0.41158253448129983
M1,2030,5104,6,679,0.5625920471281296,0.5522874289238348,0.6505371125000742,0.552972467302679
M1,2030,5104,7,679,0.5360824742268041,0.5276929819175352,0.669754912141321,0.532717502087298
M1,2030,5104,8,679,0.49042709867452133,0.47692422024212067,0.7558136000153944,0.382891560618069
M1,2030,5104,9,679,0.5832106038291606,0.5742757266225902,0.615209583637465,0.6020233938075716
M1,2030,5104,10,679,0.5699558173784978,0.5592571926738783,0.6153369775927997,0.6036827822185834
M1,2030,5104,11,679,0.5876288659793815,0.5743908988980949,0.6116100950866104,0.613181436990197
M1,2030,5104,12,679,0.5802650957290133,0.569688046621678,0.6108280960168684,0.6102054075688368
M1,2030,5104,13,679,0.5802650957290133,0.5677476886108799,0.620469416934717,0.6001731682659815
M1,2030,5104,14,679,0.5787923416789397,0.5670125672570661,0.6162744614793556,0.6106074004450094
M1,2030,5104,15,679,0.5802650957290133,0.57141812234625,0.6125552842560854,0.6072903895422294
M1,2030,5104,16,679,0.5596465390279823,0.5532095367895504,0.6164984383972826,0.6011839414739932
M1,2030,5104,17,679,0.5640648011782032,0.5557203892327436,0.616050782452978,0.6085993852324236
M1,2030,5104,18,679,0.572901325478645,0.5642511274613182,0.6144119455905656,0.5990561799015682
M1,2030,5104,19,679,0.5773195876288659,0.5675399605889966,0.6163328014786008,0.5959658504232449
M1,2030,5104,20,679,0.5699558173784978,0.5599045196390224,0.6176035220299975,0.5937764606420597
M1,2030,5104,21,679,0.5684830633284241,0.5589925338218854,0.6150696313609431,0.6000519700180228
M1,2030,5104,22,679,0.5773195876288659,0.5673575760598046,0.6150717295936703,0.5979618816522496
M1,2030,5104,23,679,0.5743740795287187,0.5617453305432845,0.6153862054990563,0.5993952488496225
M1,2030,5104,24,679,0.5758468335787923,0.5668340198720664,0.6110685832897237,0.6041747543700633
M1,2030,5104,25,679,0.5787923416789397,0.5685925388019769,0.6139416879863205,0.6001921896188028
M1,2030,5104,26,679,0.5743740795287187,0.5626493177980593,0.6128765126040125,0.6012618257584844
M1,2030,5104,27,679,0.5434462444771723,0.5363950957399796,0.6229039588408196,0.5907089156962608
M1,2030,5104,28,679,0.5287187039764359,0.5179904372179415,0.6942473833664528,0.48910227520071986
M1,2030,5104,29,679,0.5125184094256259,0.49808969370142264,0.7383245423502002,0.42132698773515537
M1,2030,5104,30,679,0.572901325478645,0.5639380683005135,0.6217184005982745,0.5786364549896165
M1,2030,5104,31,679,0.5375552282768777,0.5277767056419571,0.6841875677475697,0.5217877922897245
M1,2030,5104,32,679,0.508100147275405,0.49179403947124256,0.7282721405308447,0.45438031287706315
M1,2030,5104,33,679,0.5640648011782032,0.5551221553302569,0.6420917000747746,0.5703983902913535
M1,2030,5104,34,679,0.5301914580265096,0.5189724421938431,0.6802496281349606,0.5400582554281689
M1,2030,5104,35,679,0.49779086892488955,0.48424916045587263,0.7555015937305866,0.4189068651420475
M1,2030,5104,36,679,0.5463917525773195,0.5399294036169476,0.6359197913678651,0.564729331831324
M1,2030,5104,37,679,0.5198821796759941,0.5086337886094429,0.6838913055819861,0.49151228268571784
M1,2030,5104,38,679,0.49042709867452133,0.47709388121021,0.7412428664748553,0.4159694036215074
M1,2030,5104,39,679,0.5773195876288659,0.568276498632307,0.632092456337454,0.5803777440664659
M1,2030,5104,40,679,0.5110456553755522,0.49755814562778755,0.6827472786094022,0.5246938580127386
M1,2030,5104,41,679,0.48159057437407954,0.46671543374162794,0.7382316598353225,0.4085589185768449
M1,2030,5104,42,679,0.561119293078056,0.5496691758891463,0.6262024818797526,0.5960192211030256
M1,2030,5104,43,679,0.5581737849779087,0.5492120817422023,0.6634830535116533,0.545325603397188
M1,2030,5104,44,679,0.5036818851251841,0.4895118334998511,0.7410629169359825,0.4056760380006863
M1,2030,5104,45,679,0.5832106038291606,0.5737033907898533,0.6079648432482325,0.6075436417304356
M1,2030,5104,46,679,0.5949926362297496,0.5831222768928366,0.6108904257965369,0.5999546672923369
M1,2030,5104,47,679,0.5979381443298969,0.5883763484499194,0.6020590547960532,0.6218600060014396
M1,2030,5104,48,679,0.5743740795287187,0.5642717420445493,0.6135338725239609,0.6055634116174873
M1,2030,5104,49,679,0.5802650957290133,0.5666105744043254,0.6145734490719741,0.6081471097961033
M1,2030,5104,50,679,0.5832106038291606,0.5699057598810663,0.6139295357930994,0.6106111911226942
M1,2030,5104,51,679,0.572901325478645,0.5641479618807428,0.6113074624661318,0.6061205885035517
M1,2030,5104,52,679,0.5758468335787923,0.5676804739993934,0.60787076719204,0.6090083769057247
M1,2030,5104,53,679,0.5920471281296024,0.5829531854434221,0.6019275284129495,0.6202944163291023
M1,2030,5104,54,679,0.5567010309278351,0.5496005426843782,0.6280144923565489,0.5748255450127375
M1,2030,5104,55,679,0.540500736377025,0.5307643581678263,0.6895387453823975,0.4935125474812236
M1,2030,5104,56,679,0.5022091310751104,0.4823237830023622,0.7424466232049096,0.4307537350986078
M1,2030,5104,57,679,0.572901325478645,0.5640308490166847,0.6248560706496414,0.581005193548665
M1,2030,5104,58,679,0.540500736377025,0.5285858938965815,0.6566647360532027,0.5440886584929864
M1,2030,5104,59,679,0.5316642120765832,0.5187806141486765,0.6920983835462267,0.4980005450422544
M1,2030,5104,60,679,0.5670103092783505,0.5564193343907833,0.6385456649079063,0.5791550036007319
M1,2030,5104,61,679,0.5301914580265096,0.520448007021221,0.6745693436076259,0.5386867397059304
M1,2030,5104,62,679,0.5228276877761414,0.5108710604822216,0.7165746413862583,0.4605705725611411
M1,2030,5105,0,679,0.5655375552282769,0.5578587210660912,0.6347066822389089,0.5645983561678878
M1,2030,5105,1,679,0.5110456553755522,0.5041877034987481,0.691084546680303,0.4841911140511226
M1,2030,5105,2,679,0.4801178203240059,0.4670630232937423,0.7507860871890508,0.39759427279709814
M1,2030,5105,3,679,0.5537555228276878,0.5472742902465065,0.6364409657790489,0.561409920632753
M1,2030,5105,4,679,0.5287187039764359,0.5187834444912528,0.6798271772304937,0.5076055326594467
M1,2030,5105,5,679,0.5110456553755522,0.5026836791542674,0.7271293695571672,0.40001660116263077
M1,2030,5105,6,679,0.540500736377025,0.5328929440032708,0.64466381145419,0.5673194537912134
M1,2030,5105,7,679,0.5463917525773195,0.5351235319400537,0.6875944042109249,0.502616102388067
M1,2030,5105,8,679,0.4786450662739323,0.46696658544406233,0.7697008967355705,0.3840031667172754
M1,2030,5105,9,679,0.5802650957290133,0.5719331132987564,0.6128187728647982,0.6037809230623485
M1,2030,5105,10,679,0.593519882179676,0.5819249690315066,0.6112212929353447,0.6095439529546055
M1,2030,5105,11,679,0.5920471281296024,0.5789357556024223,0.6119212658310499,0.6141543571757668
M1,2030,5105,12,679,0.5758468335787923,0.568108356549523,0.6144151913224334,0.6062741511424515
M1,2030,5105,13,679,0.5861561119293078,0.5748369477520151,0.6125653405867199,0.6057445087766218
M1,2030,5105,14,679,0.5832106038291606,0.5702240387526492,0.6135402624227864,0.608418759091008
M1,2030,5105,15,679,0.572901325478645,0.5641241298529358,0.61255730734658,0.6043161104985538
M1,2030,5105,16,679,0.5699558173784978,0.5605860831443354,0.613800753242664,0.6069743663248713
M1,2030,5105,17,679,0.5714285714285714,0.5612077823107217,0.6142309665767715,0.6136639366757661
M1,2030,5105,18,679,0.5802650957290133,0.5713554572235592,0.612432309339956,0.5987023005961828
M1,2030,5105,19,679,0.5773195876288659,0.5659781731410324,0.6151291773666865,0.5977559584567169
M1,2030,5105,20,679,0.572901325478645,0.5639039711710196,0.6156587131507969,0.5947747015298895
M1,2030,5105,21,679,0.5743740795287187,0.5658344697839168,0.614202372674914,0.6003784221423557
M1,2030,5105,22,679,0.5773195876288659,0.5662327322298825,0.6159546274324229,0.5993389006552697
M1,2030,5105,23,679,0.5832106038291606,0.569999524556649,0.6109867916279232,0.6017729410461671
M1,2030,5105,24,679,0.5758468335787923,0.5672881191217457,0.6117962915697224,0.6027278690000064
M1,2030,5105,25,679,0.5787923416789397,0.5696477883851689,0.6130673872616926,0.6027836566665841
M1,2030,5105,26,679,0.5773195876288659,0.5670573666818973,0.6119667746795997,0.6015676818871295
M1,2030,5105,27,679,0.5640648011782032,0.557853722912335,0.6269550592102253,0.5832129014770294
M1,2030,5105,28,679,0.5301914580265096,0.5208394608169559,0.6985124230867633,0.4856698286206133
M1,2030,5105,29,679,0.5095729013254786,0.4954122519834794,0.7512094359378576,0.40997362372000373
M1,2030,5105,30,679,0.572901325478645,0.5644809996621377,0.6199701094179687,0.5961734313236539
M1,2030,5105,31,679,0.5287187039764359,0.515225369111257,0.6825774715162692,0.5103816043670673
M1,2030,5105,32,679,0.5154639175257731,0.4978435641412219,0.7241243732124787,0.4611239738305662
M1,2030,5105,33,679,0.5449189985272459,0.5369419959980113,0.6538397944772366,0.5657686098097471
M1,2030,5105,34,679,0.5184094256259205,0.5070973576596414,0.6847821878974322,0.526736049935297
M1,2030,5105,35,679,0.5110456553755522,0.4945120198803156,0.7511009717022723,0.4252760546177759
M1,2030,5105,36,679,0.561119293078056,0.5535014026353741,0.6265981027497107,0.5726630360880229
M1,2030,5105,37,679,0.5066273932253313,0.4948076461819856,0.6978294758320908,0.4834767411964762
M1,2030,5105,38,679,0.47569955817378495,0.4609657923828469,0.7514625492564708,0.3963950842714989
M1,2030,5105,39,679,0.5743740795287187,0.5630293988136129,0.6232151001121229,0.5761541508528317
M1,2030,5105,40,679,0.5346097201767305,0.5204762151550263,0.6695748917176902,0.531086703084592
M1,2030,5105,41,679,0.4963181148748159,0.48451568514477417,0.7330961488351906,0.41424684011061597
M1,2030,5105,42,679,0.5596465390279823,0.551113543700234,0.6332605940472219,0.5942506479823133
M1,2030,5105,43,679,0.5301914580265096,0.5206251421239463,0.6780575444271708,0.5240425199555658
M1,2030,5105,44,679,0.5125184094256259,0.49676556725710563,0.7359832169512761,0.40518021414621164
M1,2030,5105,45,679,0.5891016200294551,0.5793656336937208,0.6077430615632278,0.6084672831006431
M1,2030,5105,46,679,0.5846833578792342,0.571318813135108,0.6101030314091554,0.6067557421253931
M1,2030,5105,47,679,0.6067746686303387,0.5965943867841366,0.6027906512476734,0.617298386937545
M1,2030,5105,48,679,0.5846833578792342,0.5751181254000802,0.6065157206402612,0.6093918900070165
M1,2030,5105,49,679,0.5832106038291606,0.5698202826836694,0.6115185948025671,0.6121334880369707
M1,2030,5105,50,679,0.5802650957290133,0.5628998253662333,0.6112376650320763,0.6172427768683534
M1,2030,5105,51,679,0.572901325478645,0.5669239290532851,0.6068773536513585,0.6179169049865498
M1,2030,5105,52,679,0.5743740795287187,0.5654344036239649,0.6150109964986613,0.6016930075921412
M1,2030,5105,53,679,0.5802650957290133,0.570957194775279,0.6062720202908074,0.6115064544566496
M1,2030,5105,54,679,0.5463917525773195,0.5388356035208854,0.6363227495564276,0.5649146668119709
M1,2030,5105,55,679,0.5287187039764359,0.5183781907514393,0.7074142264995027,0.45465033769564217
M1,2030,5105,56,679,0.5051546391752577,0.4900047625376573,0.7526531026140404,0.41330562591832326
M1,2030,5105,57,679,0.5743740795287187,0.5658660214263411,0.6151340031922302,0.5814381841429673
M1,2030,5105,58,679,0.5493372606774669,0.5410925411126369,0.6696077581270102,0.5266524241775392
M1,2030,5105,59,679,0.5316642120765832,0.5185180144932467,0.7145472074994633,0.4770795705903264
M1,2030,5105,60,679,0.5390279823269514,0.5297692749497276,0.6560020183428398,0.5546534858905139
M1,2030,5105,61,679,0.5198821796759941,0.510539391307343,0.6877717603113234,0.529094231586097
M1,2030,5105,62,679,0.5287187039764359,0.5176909262639051,0.7070132822720046,0.4782895793732451
M2,2026,5101,0,679,0.5449189985272459,0.5146233535321686,0.6465023246447011,0.5727583058190812
M2,2026,5101,1,679,0.5493372606774669,0.5188662178387428,0.6936869783236457,0.4844395311252595
M2,2026,5101,2,679,0.5022091310751104,0.4747675966681417,0.7429388168326885,0.4421879994139232
M2,2026,5101,3,679,0.561119293078056,0.5366067510580912,0.6618894534363838,0.5559833216464874
M2,2026,5101,4,679,0.524300441826215,0.49276389386682307,0.7110128585079106,0.44714021845913415
M2,2026,5101,5,679,0.49189985272459497,0.4632972276452837,0.7274544340652991,0.38564483452790577
M2,2026,5101,6,679,0.561119293078056,0.5429436182280164,0.6474865066417012,0.5500907146867807
M2,2026,5101,7,679,0.5287187039764359,0.5141877961211672,0.6658616554930213,0.4948398794823406
M2,2026,5101,8,679,0.4786450662739323,0.45608304329773997,0.7230211218081096,0.37578285029298214
M2,2026,5101,9,679,0.5920471281296024,0.5732955029510503,0.6251770431321219,0.6146969785245722
M2,2026,5101,10,679,0.5949926362297496,0.572375227399968,0.6313275954026362,0.6165450313120298
M2,2026,5101,11,679,0.5920471281296024,0.5701975991489953,0.6242533501495493,0.6247195405091232
M2,2026,5101,12,679,0.6023564064801178,0.5799639796634317,0.6217319103992038,0.6166580205581812
M2,2026,5101,13,679,0.5994108983799705,0.5768921346208413,0.6215447392835884,0.6234708347464294
M2,2026,5101,14,679,0.5949926362297496,0.5736981545641945,0.6258083159907752,0.6352440118011004
M2,2026,5101,15,679,0.5920471281296024,0.5689246624456665,0.6258778860669073,0.615962499380033
M2,2026,5101,16,679,0.5832106038291606,0.5639627671359388,0.6267646801313701,0.6154840077155284
M2,2026,5101,17,679,0.5920471281296024,0.5693536695904255,0.6271344351531479,0.6246982997129371
M2,2026,5101,18,679,0.6067746686303387,0.5877091736068943,0.6238990478952784,0.6090343595993731
M2,2026,5101,19,679,0.5979381443298969,0.5794009408362435,0.6294281541511131,0.6014651784537619
M2,2026,5101,20,679,0.5802650957290133,0.5601476411606023,0.6342369571701241,0.5922000723527524
M2,2026,5101,21,679,0.6008836524300442,0.5811663451567352,0.6254753275323159,0.6083782683542307
M2,2026,5101,22,679,0.593519882179676,0.5737450650147585,0.6257836953222489,0.6070964441718136
M2,2026,5101,23,679,0.593519882179676,0.5716473942554574,0.6252266957543912,0.6001260596333243
M2,2026,5101,24,679,0.6023564064801178,0.5831764276460895,0.6229302495805785,0.6094333098196498
M2,2026,5101,25,679,0.5905743740795287,0.5708416075512078,0.6224348725907406,0.6081597609370657
M2,2026,5101,26,679,0.5905743740795287,0.5707094492940127,0.6219396096748877,0.6061719999616837
M2,2026,5101,27,679,0.5596465390279823,0.531630119997831,0.653507837798002,0.5601120274198528
M2,2026,5101,28,679,0.5095729013254786,0.48164060072098946,0.7106589863463599,0.4749088888610592
M2,2026,5101,29,679,0.49042709867452133,0.46089747168537754,0.7698304332979298,0.4241947540699216
M2,2026,5101,30,679,0.5758468335787923,0.5458973080271152,0.6475312014567132,0.5655348511559598
M2,2026,5101,31,679,0.5390279823269514,0.5147214133370501,0.6801161371467742,0.5092519657712725
M2,2026,5101,32,679,0.4992636229749632,0.480550363635997,0.7370877594677443,0.41187223441921816
M2,2026,5101,33,679,0.572901325478645,0.5570677825210983,0.6277605101619799,0.5888400244912674
M2,2026,5101,34,679,0.5022091310751104,0.49075289950342293,0.6681994082123611,0.5012445333235022
M2,2026,5101,35,679,0.4580265095729013,0.44286713192349836,0.7190766909731681,0.3956942567310108
M2,2026,5101,36,679,0.561119293078056,0.5354769782189137,0.6514279793657154,0.5455977780316742
M2,2026,5101,37,679,0.5449189985272459,0.5185254768507357,0.7039219637419233,0.4686090794460057
M2,2026,5101,38,679,0.4948453608247423,0.47380488257681236,0.746059138026083,0.41267839745415613
M2,2026,5101,39,679,0.561119293078056,0.5320169472645433,0.6593281529920617,0.5475246458896134
M2,2026,5101,40,679,0.5272459499263623,0.5009076071105638,0.6962785495881304,0.4577236712256427
M2,2026,5101,41,679,0.49779086892488955,0.4714954959915435,0.7246165093204585,0.3825426154781541
M2,2026,5101,42,679,0.572901325478645,0.5547390128415441,0.6261753486208782,0.5844623958802959
M2,2026,5101,43,679,0.5095729013254786,0.49958151211838525,0.6628390190264262,0.5086683924927425
M2,2026,5101,44,679,0.4683357879234168,0.44931616028646776,0.7107133988910993,0.3884163569232911
M2,2026,5101,45,679,0.605301914580265,0.5860292742521453,0.6230056010658506,0.6148147338159696
M2,2026,5101,46,679,0.5979381443298969,0.5774987615585374,0.6327352153140069,0.6063012323344257
M2,2026,5101,47,679,0.5994108983799705,0.5819907705712375,0.6296802633860326,0.6166991315361804
M2,2026,5101,48,679,0.6023564064801178,0.5803529440674811,0.6223153920737212,0.6159225371705588
M2,2026,5101,49,679,0.5920471281296024,0.5717155569225573,0.6301570520660839,0.6118914790326997
M2,2026,5101,50,679,0.6097201767304861,0.5914782703582684,0.6209869628802315,0.6328014913611207
M2,2026,5101,51,679,0.5905743740795287,0.5697578258898035,0.6253711495202842,0.6120475933154238
M2,2026,5101,52,679,0.6111929307805597,0.5964561705620153,0.6176123762604765,0.6142087834588846
M2,2026,5101,53,679,0.6170839469808542,0.5986523522552034,0.6121675615282578,0.6232546809667877
M2,2026,5101,54,679,0.5434462444771723,0.5175580179040724,0.6628373907618389,0.5434792391911196
M2,2026,5101,55,679,0.5257731958762887,0.5037554787174439,0.7017852571821704,0.4827897789623706
M2,2026,5101,56,679,0.5154639175257731,0.49435860011681093,0.7505824135750839,0.41584225056990215
M2,2026,5101,57,679,0.5743740795287187,0.5486506547467427,0.6574267949113438,0.5519525898179687
M2,2026,5101,58,679,0.5390279823269514,0.5107123129236971,0.6823805825831437,0.4926737169415192
M2,2026,5101,59,679,0.48748159057437407,0.464433551198257,0.7198111793912387,0.39024751174273
M2,2026,5101,60,679,0.561119293078056,0.5450819100072275,0.6343269462481865,0.5773588563835937
M2,2026,5101,61,679,0.524300441826215,0.5172354339171898,0.6563422677926006,0.4967490683499543
M2,2026,5101,62,679,0.4727540500736377,0.45964985821360915,0.6979389498792095,0.3975993210715179
M2,2026,5102,0,679,0.5552282768777614,0.523935884847646,0.6496080376526042,0.5547749280415666
M2,2026,5102,1,679,0.5301914580265096,0.49905443393815485,0.7048038288138928,0.4651313611719244
M2,2026,5102,2,679,0.4889543446244477,0.4559316094266851,0.7586339021729791,0.4232760326740705
M2,2026,5102,3,679,0.5655375552282769,0.5357581019492462,0.6527163572225374,0.5604431885984907
M2,2026,5102,4,679,0.5287187039764359,0.4997484610478803,0.6772437867693416,0.5199132828752399
M2,2026,5102,5,679,0.49042709867452133,0.46376702774533,0.7241666348149043,0.3933942590231878
M2,2026,5102,6,679,0.5493372606774669,0.5313879231229127,0.6432904875857841,0.5588141619391022
M2,2026,5102,7,679,0.5213549337260678,0.5061899696722194,0.6698584916489816,0.4800207789578417
M2,2026,5102,8,679,0.46097201767304863,0.4378272704826074,0.7150893514874407,0.3967386318792827
M2,2026,5102,9,679,0.6038291605301914,0.5837562980241953,0.6224928204195138,0.6156672624638088
M2,2026,5102,10,679,0.5876288659793815,0.5653049074617017,0.6340039970685175,0.6096519100834339
M2,2026,5102,11,679,0.5964653902798233,0.5719170766789814,0.6252291767209198,0.6251469082916437
M2,2026,5102,12,679,0.5964653902798233,0.5736370563296826,0.6219034407381105,0.6181660887066588
M2,2026,5102,13,679,0.6126656848306333,0.5900192777595743,0.6177883868013812,0.6311125690820271
M2,2026,5102,14,679,0.5949926362297496,0.5734941245650518,0.6295624253763893,0.6309794466923001
M2,2026,5102,15,679,0.5949926362297496,0.5765058224547681,0.6246554472090042,0.6120233268744111
M2,2026,5102,16,679,0.5846833578792342,0.5661188661188661,0.6252833212203235,0.6130810696642417
M2,2026,5102,17,679,0.5891016200294551,0.5691188230821908,0.6280925783694932,0.6210622351032624
M2,2026,5102,18,679,0.605301914580265,0.5860590872468625,0.625223429700763,0.6090037490808612
M2,2026,5102,19,679,0.5905743740795287,0.5703777189419204,0.630380555394823,0.6010762101441793
M2,2026,5102,20,679,0.5743740795287187,0.5531413571509726,0.6334620023555011,0.5940410954311187
M2,2026,5102,21,679,0.6038291605301914,0.585661773697666,0.6219790760696549,0.6099199871282165
M2,2026,5102,22,679,0.5949926362297496,0.5766784349592153,0.6283482722005367,0.599616028102613
M2,2026,5102,23,679,0.5876288659793815,0.5657219054514737,0.6249439180862921,0.6022827468816848
M2,2026,5102,24,679,0.605301914580265,0.5860476979850349,0.6244786694887284,0.6079455907630296
M2,2026,5102,25,679,0.5905743740795287,0.5709282117950849,0.6246806071064434,0.6067047128993405
M2,2026,5102,26,679,0.5861561119293078,0.5668117106942987,0.6242095257466952,0.6062975301641026
M2,2026,5102,27,679,0.5508100147275405,0.5257186803717943,0.6577844182591727,0.5540609028338166
M2,2026,5102,28,679,0.5316642120765832,0.5071012189945204,0.6943307928686114,0.5020426801180132
M2,2026,5102,29,679,0.4963181148748159,0.4629371494143313,0.7746248811439491,0.4186391926393465
M2,2026,5102,30,679,0.5714285714285714,0.5424661822885126,0.6522779141680306,0.5652625187040293
M2,2026,5102,31,679,0.5346097201767305,0.5020938464837206,0.6900622612948972,0.5073801411357353
M2,2026,5102,32,679,0.49042709867452133,0.470006926147277,0.737201800973145,0.4269239930969825
M2,2026,5102,33,679,0.5640648011782032,0.5480710729462533,0.6398670944400319,0.5800542193272757
M2,2026,5102,34,679,0.5198821796759941,0.5062115306427388,0.6636712036050296,0.5041321604323801
M2,2026,5102,35,679,0.4801178203240059,0.4657746155491893,0.7063026208545744,0.41252686798206256
M2,2026,5102,36,679,0.5596465390279823,0.5332562527636646,0.6479346059997935,0.5776770070613898
M2,2026,5102,37,679,0.5346097201767305,0.505140305456511,0.7048585716859933,0.47280510364862116
M2,2026,5102,38,679,0.4963181148748159,0.47364575890451144,0.74238919107921,0.42038202961618615
M2,2026,5102,39,679,0.5670103092783505,0.5427491656904391,0.6573739573030303,0.5436435953788602
M2,2026,5102,40,679,0.524300441826215,0.4991564357160406,0.6943917946673283,0.46473035070899243
M2,2026,5102,41,679,0.5007363770250368,0.47705497343603037,0.708681743103731,0.3994347502689443
M2,2026,5102,42,679,0.5552282768777614,0.5385369042233419,0.6233670780207518,0.5926412149313219
M2,2026,5102,43,679,0.5095729013254786,0.4968098424409104,0.6681864289717752,0.4905394210934987
M2,2026,5102,44,679,0.4653902798232695,0.4458466144175006,0.7094617237135307,0.410441338852017
M2,2026,5102,45,679,0.6023564064801178,0.5833398914778425,0.6257323560158178,0.6110035432590086
M2,2026,5102,46,679,0.6008836524300442,0.5814820637103157,0.6274793787978711,0.6158634119216523
M2,2026,5102,47,679,0.5949926362297496,0.5780092268978051,0.6239062791720406,0.6188794762252667
M2,2026,5102,48,679,0.5979381443298969,0.5769346214576048,0.6238406719927935,0.6143119224327176
M2,2026,5102,49,679,0.6023564064801178,0.5854346078850663,0.6139952124745224,0.6262722720573498
M2,2026,5102,50,679,0.6038291605301914,0.5835429813568895,0.6179990319642121,0.6273084283599379
M2,2026,5102,51,679,0.5920471281296024,0.5741792759858563,0.6211896036615779,0.6137171650069259
M2,2026,5102,52,679,0.5979381443298969,0.5824367686354794,0.6189437693805161,0.6137159743881316
M2,2026,5102,53,679,0.6067746686303387,0.5891202260732246,0.6183581743087614,0.6198203042852225
M2,2026,5102,54,679,0.5670103092783505,0.5449364027460142,0.6554905089477026,0.545730353776942
M2,2026,5102,55,679,0.5301914580265096,0.5054048607190474,0.7207489486822148,0.46165390234311054
M2,2026,5102,56,679,0.5036818851251841,0.4860609260334724,0.7616966999683183,0.41298467330986605
M2,2026,5102,57,679,0.5567010309278351,0.5239554347246654,0.6545625949423864,0.5558093393387515
M2,2026,5102,58,679,0.5331369661266568,0.505625072059791,0.6840737997081038,0.5027649307012537
M2,2026,5102,59,679,0.5007363770250368,0.4766482178683429,0.7023101197514513,0.4152583438964832
M2,2026,5102,60,679,0.5463917525773195,0.5351543796407197,0.6448234407030957,0.5538679124456852
M2,2026,5102,61,679,0.5272459499263623,0.5159906730379504,0.6515807362605265,0.5303080014152078
M2,2026,5102,62,679,0.4698085419734904,0.4544597999732135,0.6932068966625365,0.4211640482515523
M2,2026,5103,0,679,0.5493372606774669,0.52160609845017,0.6560001967362347,0.5666355545281024
M2,2026,5103,1,679,0.5301914580265096,0.5011602081096395,0.7011463357045127,0.4815049259144415
M2,2026,5103,2,679,0.49337260677466865,0.4594685794963935,0.7544220639872796,0.43532664382941694
M2,2026,5103,3,679,0.5758468335787923,0.5546926438208372,0.656803225843299,0.5437253112786186
M2,2026,5103,4,679,0.5228276877761414,0.4928422720878014,0.687558207490834,0.4982970456282595
M2,2026,5103,5,679,0.4963181148748159,0.47315921939448047,0.7245098056164687,0.38810474820491814
M2,2026,5103,6,679,0.5640648011782032,0.5478672352699535,0.6436323222206337,0.5556180208645661
M2,2026,5103,7,679,0.5154639175257731,0.5021302566675027,0.6687867406410041,0.49856212644912457
M2,2026,5103,8,679,0.4801178203240059,0.45730718751662436,0.7212898732767892,0.37560501406663194
M2,2026,5103,9,679,0.5979381443298969,0.5789825654086107,0.6226048415556923,0.6149069783539545
M2,2026,5103,10,679,0.5832106038291606,0.5594333266083142,0.6334838035224288,0.6149964317126091
M2,2026,5103,11,679,0.6023564064801178,0.5781659520048146,0.619396188495261,0.63311924037312
M2,2026,5103,12,679,0.6097201767304861,0.5876085017458164,0.6198308060113039,0.6197347189617364
M2,2026,5103,13,679,0.6023564064801178,0.5810719478190067,0.6195628356424453,0.626170264535534
M2,2026,5103,14,679,0.5876288659793815,0.5674678080970216,0.6246432997121727,0.6373647281140534
M2,2026,5103,15,679,0.593519882179676,0.5736232351689023,0.6283461899443122,0.6110789295028295
M2,2026,5103,16,679,0.6008836524300442,0.5824072151860733,0.6243676690491731,0.6147829448718091
M2,2026,5103,17,679,0.593519882179676,0.5739904320607923,0.6276627696271497,0.6222229675326886
M2,2026,5103,18,679,0.6038291605301914,0.5846206286760668,0.6248979212521454,0.6067915346788059
M2,2026,5103,19,679,0.5964653902798233,0.5763271314836631,0.62892100783353,0.6006454610192694
M2,2026,5103,20,679,0.5817378497790869,0.5600809837187422,0.6284733606455779,0.59809860494376
M2,2026,5103,21,679,0.6023564064801178,0.5831334462155761,0.6250863701807382,0.6091460357365713
M2,2026,5103,22,679,0.5979381443298969,0.5805160073200687,0.6252109793745892,0.6043181084042853
M2,2026,5103,23,679,0.5876288659793815,0.5660940197473937,0.6252614934990438,0.6018823274857916
M2,2026,5103,24,679,0.5964653902798233,0.5772937844385793,0.6241823077552975,0.6085676531414203
M2,2026,5103,25,679,0.5949926362297496,0.5742683396905941,0.6224228779021349,0.6063545326508955
M2,2026,5103,26,679,0.5891016200294551,0.5694277874672669,0.622979347984991,0.6084307959222205
M2,2026,5103,27,679,0.5655375552282769,0.5415957679475228,0.6431164670850813,0.5774205551109438
M2,2026,5103,28,679,0.5596465390279823,0.5302429884907803,0.6999031626818282,0.5016161151463857
M2,2026,5103,29,679,0.5022091310751104,0.4697373902724021,0.7753515127656737,0.4301352536299478
M2,2026,5103,30,679,0.572901325478645,0.5453183274582148,0.6454563512410612,0.5782968728002532
M2,2026,5103,31,679,0.5625920471281296,0.5362830059476383,0.6589664002010854,0.5542140207429677
M2,2026,5103,32,679,0.5036818851251841,0.48172118038020284,0.7272421733444675,0.42483346681651923
M2,2026,5103,33,679,0.5508100147275405,0.5331209556339321,0.6418756734201237,0.5687660819920547
M2,2026,5103,34,679,0.5154639175257731,0.5072066784432161,0.673662616332255,0.49881129300620125
M2,2026,5103,35,679,0.45508100147275404,0.4380144762377048,0.7141533238986104,0.39944062774339956
M2,2026,5103,36,679,0.5508100147275405,0.5216449430959014,0.6507400510632413,0.552062375234532
M2,2026,5103,37,679,0.5213549337260678,0.4912553528458611,0.697398936406151,0.48241666676730016
M2,2026,5103,38,679,0.48600883652430044,0.4644333505025292,0.756845048188461,0.3934554980282352
M2,2026,5103,39,679,0.5552282768777614,0.5287398423305351,0.6550495802522233,0.555651796056683
M2,2026,5103,40,679,0.5360824742268041,0.5083200232900832,0.6800477030043749,0.48280700949646843
M2,2026,5103,41,679,0.5095729013254786,0.48578642703248376,0.7136460400031487,0.4031416521528981
M2,2026,5103,42,679,0.5758468335787923,0.5560513004122026,0.6316321385319349,0.5665916011352177
M2,2026,5103,43,679,0.5213549337260678,0.503916968074818,0.6640706377238342,0.5111797303120764
M2,2026,5103,44,679,0.4580265095729013,0.43702589807852965,0.7197228198725626,0.3845099118826197
M2,2026,5103,45,679,0.5994108983799705,0.5786235658914354,0.6255165370337566,0.6119944903752794
M2,2026,5103,46,679,0.5861561119293078,0.5672041363870342,0.6332407609089133,0.6042255875435804
M2,2026,5103,47,679,0.5994108983799705,0.5824349837440747,0.6282924462620043,0.6136839799766557
M2,2026,5103,48,679,0.5964653902798233,0.5743481890841435,0.6262418435274765,0.61069893025066
M2,2026,5103,49,679,0.5964653902798233,0.5763234139791736,0.6187067976844153,0.6220023735419495
M2,2026,5103,50,679,0.6126656848306333,0.5935376147156636,0.6171390287830482,0.6308891468815465
M2,2026,5103,51,679,0.5920471281296024,0.5721834074215915,0.6241873835209367,0.6138018691923919
M2,2026,5103,52,679,0.5994108983799705,0.5831401727701602,0.6178241738821867,0.6160057362273031
M2,2026,5103,53,679,0.6185567010309279,0.6000595118227862,0.614310936522238,0.623995419844595
M2,2026,5103,54,679,0.5552282768777614,0.532069442276738,0.6466230470275668,0.5761453954053555
M2,2026,5103,55,679,0.5346097201767305,0.5149164091845554,0.6930250520207569,0.4990833136890016
M2,2026,5103,56,679,0.5007363770250368,0.480879739734012,0.7482175364190594,0.4204641062355352
M2,2026,5103,57,679,0.561119293078056,0.5320930501413266,0.6592139236530253,0.5502579685569579
M2,2026,5103,58,679,0.5522827687776142,0.5299495880442695,0.675517778311457,0.46382432639408083
M2,2026,5103,59,679,0.4889543446244477,0.46362875940930365,0.7280463901991697,0.3864603114656483
M2,2026,5103,60,679,0.5567010309278351,0.5422695897015755,0.6520851479626545,0.5543123255340477
M2,2026,5103,61,679,0.524300441826215,0.5148235072250179,0.6628741276545096,0.49775048375626635
M2,2026,5103,62,679,0.46686303387334316,0.4509759321279272,0.6850153544207209,0.4403573272945108
M2,2026,5104,0,679,0.540500736377025,0.5064113627222755,0.6630381515608972,0.5496764428281147
M2,2026,5104,1,679,0.540500736377025,0.5146827024316537,0.6910999403918088,0.4845767540501738
M2,2026,5104,2,679,0.4963181148748159,0.46375296977035807,0.7432943259273959,0.43688991758845386
M2,2026,5104,3,679,0.561119293078056,0.5326217063430203,0.6598071435765419,0.5431141974045328
M2,2026,5104,4,679,0.5346097201767305,0.5034328858693563,0.6877722125253551,0.4873556559011426
M2,2026,5104,5,679,0.4948453608247423,0.4706604137848882,0.7204706390801164,0.4023333331962764
M2,2026,5104,6,679,0.5567010309278351,0.5386478907182841,0.6480853111210206,0.553911413509941
M2,2026,5104,7,679,0.5139911634756995,0.49986145177434527,0.666688134528927,0.4959094081367364
M2,2026,5104,8,679,0.4727540500736377,0.44568994346064406,0.7162659218718623,0.39247404981613676
M2,2026,5104,9,679,0.6023564064801178,0.5792417132431449,0.6245702994501819,0.6134963880575458
M2,2026,5104,10,679,0.5876288659793815,0.5655745658647784,0.6360802206489229,0.6106307244698541
M2,2026,5104,11,679,0.6082474226804123,0.5856942066378047,0.6161798721999588,0.6334976200091301
M2,2026,5104,12,679,0.5964653902798233,0.5745962186298484,0.6242050294365201,0.6162085417788075
M2,2026,5104,13,679,0.5979381443298969,0.5766945744245853,0.6242298921007822,0.6199941746289189
M2,2026,5104,14,679,0.5920471281296024,0.5721324683788027,0.6278551794994562,0.6301956382055282
M2,2026,5104,15,679,0.5920471281296024,0.5701244950948157,0.6281446043802467,0.6083698734914297
M2,2026,5104,16,679,0.5979381443298969,0.5773300773300774,0.6261485222513089,0.6169887455238575
M2,2026,5104,17,679,0.5920471281296024,0.5721941992433796,0.6260868979834667,0.6241172081345032
M2,2026,5104,18,679,0.6023564064801178,0.5829379877173749,0.6253724453946101,0.6068534765100626
M2,2026,5104,19,679,0.5964653902798233,0.5762732030671038,0.6265611629905686,0.6013179780767528
M2,2026,5104,20,679,0.5861561119293078,0.565731567222868,0.6315914834019712,0.5968357315849647
M2,2026,5104,21,679,0.5979381443298969,0.5776563166578581,0.6242534760083998,0.6096639251574897
M2,2026,5104,22,679,0.5905743740795287,0.5726447117770415,0.6269809982694126,0.6048371659172403
M2,2026,5104,23,679,0.5817378497790869,0.5597729833533154,0.6287186267800816,0.5988742848168206
M2,2026,5104,24,679,0.6008836524300442,0.5812205527603027,0.6242768609339429,0.6084305373308815
M2,2026,5104,25,679,0.5949926362297496,0.5742391775939669,0.6226861087800125,0.607698891531319
M2,2026,5104,26,679,0.5905743740795287,0.5713203656381577,0.6263226354947322,0.6027132944709563
M2,2026,5104,27,679,0.5758468335787923,0.5531470219651422,0.636890045168298,0.5705279834805231
M2,2026,5104,28,679,0.5257731958762887,0.49968299333472443,0.7164157391779553,0.4801691410577462
M2,2026,5104,29,679,0.49042709867452133,0.45973713899674984,0.7782624840560823,0.4223475404095331
M2,2026,5104,30,679,0.5596465390279823,0.5319417593741277,0.6626167552811759,0.5525159171888955
M2,2026,5104,31,679,0.5346097201767305,0.5057308144017293,0.7046922648514845,0.49282609060265326
M2,2026,5104,32,679,0.508100147275405,0.4883581767151507,0.719338043383014,0.4550771046176587
M2,2026,5104,33,679,0.5449189985272459,0.5296999296385957,0.6462728602808951,0.5621889660816936
M2,2026,5104,34,679,0.5390279823269514,0.5322449298951645,0.6640287636832741,0.5051524239907372
M2,2026,5104,35,679,0.4727540500736377,0.45545239074650834,0.7060649224690029,0.40317864857279934
M2,2026,5104,36,679,0.561119293078056,0.5339409562207444,0.6459498605821199,0.5615579623089489
M2,2026,5104,37,679,0.5316642120765832,0.5045706298154111,0.7083093231222942,0.4699245952014248
M2,2026,5104,38,679,0.4963181148748159,0.47430255955405143,0.7425233421515295,0.41986047946891253
M2,2026,5104,39,679,0.572901325478645,0.548301925023219,0.6571498843724668,0.558764849435127
M2,2026,5104,40,679,0.5375552282768777,0.5061453041707344,0.68750525609383,0.48156649549378555
M2,2026,5104,41,679,0.5066273932253313,0.48257355229740256,0.7186580498501197,0.38128804273902056
M2,2026,5104,42,679,0.5625920471281296,0.5477267889286278,0.6351107869390535,0.5832856170261357
M2,2026,5104,43,679,0.5198821796759941,0.5034498267694232,0.6724020580216605,0.47254157177478073
M2,2026,5104,44,679,0.46244477172312226,0.44155480984340045,0.7196320536298147,0.37664177352038675
M2,2026,5104,45,679,0.6023564064801178,0.5852154552298074,0.6229771306965944,0.6146199392872128
M2,2026,5104,46,679,0.5964653902798233,0.5767638640262639,0.625623211725471,0.6141626251254776
M2,2026,5104,47,679,0.5891016200294551,0.5700475476847537,0.627265002704685,0.6200593230363705
M2,2026,5104,48,679,0.6067746686303387,0.5859305036557456,0.6212903343920153,0.6167145764996649
M2,2026,5104,49,679,0.5979381443298969,0.577498683503491,0.6187763406136602,0.6233903313025966
M2,2026,5104,50,679,0.6170839469808542,0.5960081100208489,0.6160354228012692,0.6331726619058977
M2,2026,5104,51,679,0.5920471281296024,0.5719585333687927,0.6253573647611096,0.6096221347386765
M2,2026,5104,52,679,0.5994108983799705,0.585729091274806,0.6168090391448742,0.6194807047580044
M2,2026,5104,53,679,0.6111929307805597,0.5927533175337094,0.6182789115210521,0.6203558927996625
M2,2026,5104,54,679,0.561119293078056,0.534547091197942,0.6470203954007735,0.5617086962794643
M2,2026,5104,55,679,0.5198821796759941,0.49742872532799814,0.7041659946381958,0.48099547442868457
M2,2026,5104,56,679,0.5110456553755522,0.4906643181770082,0.7498902195902741,0.42679666798309995
M2,2026,5104,57,679,0.572901325478645,0.5463208148475716,0.6586875631549397,0.5495475011005811
M2,2026,5104,58,679,0.5375552282768777,0.5158756318250917,0.6898432341081931,0.4841177807148065
M2,2026,5104,59,679,0.5110456553755522,0.49201048823471877,0.6978937065302887,0.4478480489275553
M2,2026,5104,60,679,0.5449189985272459,0.5341722520499234,0.6455143705690732,0.5639344198022814
M2,2026,5104,61,679,0.5198821796759941,0.5118949380265866,0.6567247870744416,0.5166651942056593
M2,2026,5104,62,679,0.4801178203240059,0.46435817962600423,0.689752137801433,0.4210390431496436
M2,2026,5105,0,679,0.5596465390279823,0.5310257787612113,0.6569894403438681,0.5520716724201054
M2,2026,5105,1,679,0.5419734904270986,0.5133656703864996,0.707097214872953,0.45752905971042257
M2,2026,5105,2,679,0.5051546391752577,0.4754150702426564,0.7409566356656477,0.4459586357181153
M2,2026,5105,3,679,0.5743740795287187,0.547786367522883,0.6600942531372908,0.5436067376112401
M2,2026,5105,4,679,0.540500736377025,0.5112156390598391,0.6839776389158175,0.4848421436763417
M2,2026,5105,5,679,0.49042709867452133,0.4715947529438195,0.7242865219426963,0.3947792586695529
M2,2026,5105,6,679,0.5552282768777614,0.5377721741218184,0.6360030159551722,0.5716082960961041
M2,2026,5105,7,679,0.5213549337260678,0.5092706860491812,0.6696913503494459,0.4791241839295693
M2,2026,5105,8,679,0.4580265095729013,0.432497239422614,0.7141215295828495,0.4054546255095087
M2,2026,5105,9,679,0.5949926362297496,0.574397596575749,0.6272209958229571,0.6145132620947152
M2,2026,5105,10,679,0.6038291605301914,0.5803493627624804,0.6254657357272765,0.61695368517032
M2,2026,5105,11,679,0.5964653902798233,0.571882390744339,0.6262547925048795,0.623888915708185
M2,2026,5105,12,679,0.6008836524300442,0.5787643364930432,0.625554459281979,0.6145685543139504
M2,2026,5105,13,679,0.5920471281296024,0.5711855758121964,0.6283440790269441,0.6149869818273211
M2,2026,5105,14,679,0.6023564064801178,0.5816805595935374,0.6227683852452768,0.6366347445883768
M2,2026,5105,15,679,0.5964653902798233,0.5747294356456751,0.6212753579788601,0.6178498677857721
M2,2026,5105,16,679,0.5861561119293078,0.5662622592813182,0.6270301294607687,0.6178294327775287
M2,2026,5105,17,679,0.6023564064801178,0.5806760746884664,0.6235377454309997,0.6231509816020504
M2,2026,5105,18,679,0.6023564064801178,0.5829730298902491,0.6240970174588581,0.6082792371844356
M2,2026,5105,19,679,0.6023564064801178,0.5837909115432354,0.626505498067971,0.6053615467934907
M2,2026,5105,20,679,0.5817378497790869,0.56039184035196,0.6340143411737127,0.5947257409957613
M2,2026,5105,21,679,0.5994108983799705,0.5794284380649621,0.6255170174700171,0.6079601081652387
M2,2026,5105,22,679,0.5949926362297496,0.5770008275031971,0.6266003419399613,0.6030700427779323
M2,2026,5105,23,679,0.5861561119293078,0.5635513820054295,0.6264515263693673,0.59994320639696
M2,2026,5105,24,679,0.6038291605301914,0.5839316529422434,0.6224780147223129,0.6095758013925411
M2,2026,5105,25,679,0.6023564064801178,0.5836677997107399,0.6187041050511712,0.6113416526806815
M2,2026,5105,26,679,0.5876288659793815,0.5678825166425187,0.6247064107384351,0.6047222214872419
M2,2026,5105,27,679,0.5743740795287187,0.5491495688538598,0.6404841842681214,0.5858758777986599
M2,2026,5105,28,679,0.5198821796759941,0.49310253208582067,0.7219717740485876,0.4754971447935579
M2,2026,5105,29,679,0.48748159057437407,0.4546769648084047,0.7771175724943888,0.42715423637031075
M2,2026,5105,30,679,0.5522827687776142,0.525616948088278,0.6579284823125171,0.5537582632565209
M2,2026,5105,31,679,0.5552282768777614,0.525767717311424,0.6850488204975367,0.5075458596625718
M2,2026,5105,32,679,0.5110456553755522,0.4931473957617748,0.718780506714981,0.44845782053837285
M2,2026,5105,33,679,0.5522827687776142,0.535612334525378,0.6486656079411682,0.5504710253060411
M2,2026,5105,34,679,0.5036818851251841,0.49395882755015885,0.6798887053979163,0.49196114734055724
M2,2026,5105,35,679,0.4698085419734904,0.4530379941635838,0.7023660672255223,0.42246027952732285
M2,2026,5105,36,679,0.561119293078056,0.5338513898513898,0.6478422105048999,0.5599103225529696
M2,2026,5105,37,679,0.5331369661266568,0.5073487831848912,0.6990051469237534,0.4850649973069846
M2,2026,5105,38,679,0.4948453608247423,0.4709699125801424,0.7437518705368393,0.41956784182497425
M2,2026,5105,39,679,0.5508100147275405,0.5258813503561159,0.6531661285611421,0.5564307110116183
M2,2026,5105,40,679,0.5463917525773195,0.5208274546847916,0.6815061841999484,0.49447708866606577
M2,2026,5105,41,679,0.47569955817378495,0.44942020948793004,0.7321377144426942,0.3921533119923217
M2,2026,5105,42,679,0.5449189985272459,0.5264711539265615,0.6395315653226161,0.5780310495912193
M2,2026,5105,43,679,0.5007363770250368,0.48480079753867666,0.6701045521097436,0.4636777172754323
M2,2026,5105,44,679,0.4683357879234168,0.4486891795741886,0.7061547676049206,0.3999358917332233
M2,2026,5105,45,679,0.593519882179676,0.5743543482024179,0.6295169507632024,0.6112092223566021
M2,2026,5105,46,679,0.5994108983799705,0.5812030524771674,0.6276252147726528,0.616153374144365
M2,2026,5105,47,679,0.6023564064801178,0.5846952718736882,0.6205848436775193,0.6223502533548607
M2,2026,5105,48,679,0.5920471281296024,0.5725480604842519,0.6247397987761799,0.6130557223499389
M2,2026,5105,49,679,0.5994108983799705,0.5775671686835144,0.6226400313171968,0.6201385055967206
M2,2026,5105,50,679,0.6008836524300442,0.5773521875998261,0.6186660342960891,0.6322732184284378
M2,2026,5105,51,679,0.5832106038291606,0.5638185636013512,0.6207773570240158,0.6177774224989548
M2,2026,5105,52,679,0.5964653902798233,0.5805176910568437,0.6213462908638419,0.6148298781043451
M2,2026,5105,53,679,0.6200294550810015,0.6044213579243682,0.6104141616636944,0.6288847526945246
M2,2026,5105,54,679,0.5552282768777614,0.5318471629741756,0.6580515035122237,0.5392580684638
M2,2026,5105,55,679,0.524300441826215,0.5010417176113856,0.7141166526456645,0.47173256281421233
M2,2026,5105,56,679,0.5110456553755522,0.48956988325778206,0.7630594833829442,0.4188190705287429
M2,2026,5105,57,679,0.5699558173784978,0.5411943876966374,0.6574826465044528,0.5443442141140811
M2,2026,5105,58,679,0.5508100147275405,0.527392980631506,0.6813942128147749,0.4985786586274078
M2,2026,5105,59,679,0.5154639175257731,0.49444476591701986,0.6989167425699192,0.4475813127944451
M2,2026,5105,60,679,0.5449189985272459,0.5282455562426691,0.6530743832309046,0.552788255536208
M2,2026,5105,61,679,0.5125184094256259,0.5019397205466481,0.6638976194853284,0.5165576761306097
M2,2026,5105,62,679,0.4845360824742268,0.4649179188189566,0.6804565183368453,0.4479476120711629
M2,2027,5101,0,679,0.5684830633284241,0.5634459063592301,0.629749959408798,0.5599597430233754
M2,2027,5101,1,679,0.524300441826215,0.5128462633838766,0.6876190975637605,0.47550548023583605
M2,2027,5101,2,679,0.4727540500736377,0.46272813677526997,0.7278837730809059,0.43145750219378515
M2,2027,5101,3,679,0.5522827687776142,0.5483014025201934,0.6576383431416022,0.5260176477564088
M2,2027,5101,4,679,0.508100147275405,0.5019022147200662,0.6866952358403507,0.46838950305983235
M2,2027,5101,5,679,0.4477172312223859,0.4374288610861501,0.7277049849986679,0.34985895569180125
M2,2027,5101,6,679,0.5493372606774669,0.5468842785570565,0.6326115420403642,0.5599312095124495
M2,2027,5101,7,679,0.49189985272459497,0.4945019467274768,0.6751854456796562,0.48372971468512244
M2,2027,5101,8,679,0.44477172312223856,0.4422721712495168,0.7204743889057583,0.36620869562343394
M2,2027,5101,9,679,0.5920471281296024,0.5769202170202408,0.6313134814572791,0.5976442669674669
M2,2027,5101,10,679,0.5964653902798233,0.5798944922321545,0.6357524003476914,0.5949429173076057
M2,2027,5101,11,679,0.5994108983799705,0.5805490072816806,0.6384355538635788,0.6084835444919157
M2,2027,5101,12,679,0.5846833578792342,0.5692497965422094,0.632604449592388,0.5986391659792571
M2,2027,5101,13,679,0.5949926362297496,0.5796701267626344,0.6304552186834619,0.598474481407498
M2,2027,5101,14,679,0.5994108983799705,0.5814067034186475,0.6349039262980881,0.6098123668180374
M2,2027,5101,15,679,0.5920471281296024,0.5783861205522858,0.6293805919269398,0.5991061732487271
M2,2027,5101,16,679,0.5920471281296024,0.5762240417825194,0.6378978082638601,0.5962353509664025
M2,2027,5101,17,679,0.5876288659793815,0.5738194204434613,0.643196719340618,0.5931383500159729
M2,2027,5101,18,679,0.5994108983799705,0.5854343661387158,0.6259332706984434,0.5962881842949623
M2,2027,5101,19,679,0.605301914580265,0.5928914107740083,0.6276875055766773,0.5917311993559968
M2,2027,5101,20,679,0.5979381443298969,0.5869215514686416,0.6317219817585727,0.5901971890939434
M2,2027,5101,21,679,0.6008836524300442,0.5867254292386247,0.6274831097940633,0.5964666902438732
M2,2027,5101,22,679,0.6023564064801178,0.586138371211851,0.6294943862793547,0.5970115566498687
M2,2027,5101,23,679,0.593519882179676,0.5790368731045629,0.6327090406014045,0.5934983126021826
M2,2027,5101,24,679,0.5994108983799705,0.5840465938589263,0.6285910128844855,0.5959304918104577
M2,2027,5101,25,679,0.5964653902798233,0.5806860839603889,0.6295653461356577,0.5970864145809517
M2,2027,5101,26,679,0.5920471281296024,0.5796639016881289,0.6341694081215865,0.5924684946886676
M2,2027,5101,27,679,0.5581737849779087,0.5485592562223858,0.6454231630193292,0.5578440526925231
M2,2027,5101,28,679,0.5287187039764359,0.5156544003375979,0.6942017769471184,0.4729818708974222
M2,2027,5101,29,679,0.4845360824742268,0.4658285387559786,0.7519835697401956,0.42407937614153396
M2,2027,5101,30,679,0.5567010309278351,0.548080114550738,0.6350663043394005,0.5724510152015566
M2,2027,5101,31,679,0.5125184094256259,0.5018487899363384,0.6804774137809104,0.4922091276757607
M2,2027,5101,32,679,0.4653902798232695,0.46063519562133975,0.7147389823277324,0.37494467206134297
M2,2027,5101,33,679,0.5655375552282769,0.561970648173096,0.6349485946904226,0.5629390935052441
M2,2027,5101,34,679,0.49779086892488955,0.4955276500016788,0.6721032963453933,0.4804765044799488
M2,2027,5101,35,679,0.44477172312223856,0.4391654423414859,0.721498665099467,0.3911711811353275
M2,2027,5101,36,679,0.5478645066273933,0.5408612304524362,0.6446018876488676,0.5407143266861429
M2,2027,5101,37,679,0.5154639175257731,0.5070320756394538,0.6954667676399312,0.4697187010261787
M2,2027,5101,38,679,0.4742268041237113,0.46247717844020586,0.7350914990296245,0.4068636259672448
M2,2027,5101,39,679,0.5567010309278351,0.5458261987789196,0.6447486354693749,0.5451915687694048
M2,2027,5101,40,679,0.5198821796759941,0.5089579882032712,0.6863527062934699,0.4527247880553623
M2,2027,5101,41,679,0.44035346097201766,0.4278805135247009,0.727338247012144,0.3382088794364174
M2,2027,5101,42,679,0.5625920471281296,0.5606586866208719,0.6236869078321555,0.5862619407846918
M2,2027,5101,43,679,0.4653902798232695,0.46540369066143805,0.685122306967519,0.4680082217053666
M2,2027,5101,44,679,0.42415316642120765,0.4239303205372592,0.7248435001792893,0.36436741069792455
M2,2027,5101,45,679,0.593519882179676,0.57808471918154,0.6326050024057172,0.5963062643150346
M2,2027,5101,46,679,0.6067746686303387,0.5907126658571574,0.6372996460706741,0.5941989882570331
M2,2027,5101,47,679,0.6111929307805597,0.5948098241790482,0.6445816196995034,0.6085069933911613
M2,2027,5101,48,679,0.6008836524300442,0.5861217243463257,0.6276963674003843,0.5942290833820418
M2,2027,5101,49,679,0.5979381443298969,0.582641875564694,0.6327400694715082,0.6061865949170036
M2,2027,5101,50,679,0.614138438880707,0.5956512831693739,0.6376751086322127,0.6057008207386384
M2,2027,5101,51,679,0.593519882179676,0.5796754398769182,0.631795141588079,0.5981092156529763
M2,2027,5101,52,679,0.6156111929307806,0.6015533189964879,0.6317135861502832,0.6002056928191979
M2,2027,5101,53,679,0.6097201767304861,0.5936658568379689,0.6419888691364929,0.599057251356825
M2,2027,5101,54,679,0.5581737849779087,0.5469988014790493,0.6385818925714984,0.5551226285196942
M2,2027,5101,55,679,0.5110456553755522,0.4989376599546091,0.6980186030378398,0.4894495773786156
M2,2027,5101,56,679,0.5051546391752577,0.4887792938788149,0.7447095672450466,0.4198177472253562
M2,2027,5101,57,679,0.5493372606774669,0.5408988202271607,0.6518154599002957,0.5333095185818119
M2,2027,5101,58,679,0.5139911634756995,0.49949662725836197,0.6891709572041684,0.46179086580577133
M2,2027,5101,59,679,0.4683357879234168,0.4581743211249826,0.716266331401419,0.3649371766009534
M2,2027,5101,60,679,0.5802650957290133,0.5765741067918404,0.6228600857403562,0.5798040268639473
M2,2027,5101,61,679,0.5110456553755522,0.5163845328010158,0.6572036706514668,0.4922296837469584
M2,2027,5101,62,679,0.4580265095729013,0.4528626785280845,0.7136004769266617,0.38912449944577937
M2,2027,5102,0,679,0.5434462444771723,0.5366100110059346,0.6509783529568139,0.5402322361956375
M2,2027,5102,1,679,0.4992636229749632,0.4888867821177263,0.6956512425670919,0.47631743234911894
M2,2027,5102,2,679,0.47717231222385864,0.4644836568081412,0.7330518799212614,0.4207859907242098
M2,2027,5102,3,679,0.5552282768777614,0.5429459951100702,0.6549865680476528,0.5490920341266033
M2,2027,5102,4,679,0.4992636229749632,0.48828893247439853,0.6857518637347116,0.492786957617354
M2,2027,5102,5,679,0.4477172312223859,0.43484806291823835,0.7195525256058253,0.3554527100485204
M2,2027,5102,6,679,0.5478645066273933,0.5468936139112287,0.6369410138988706,0.56131110786246
M2,2027,5102,7,679,0.48748159057437407,0.49209662045256386,0.6739483691850713,0.4887128908662075
M2,2027,5102,8,679,0.45066273932253315,0.45401023536227475,0.7063500113752348,0.41052634016060713
M2,2027,5102,9,679,0.5949926362297496,0.5785057077478529,0.6291007222237397,0.5995242434276407
M2,2027,5102,10,679,0.605301914580265,0.5891228629922097,0.6269076299772698,0.6010150587622365
M2,2027,5102,11,679,0.6023564064801178,0.5828080838116521,0.6401772674650437,0.6093151937798207
M2,2027,5102,12,679,0.6023564064801178,0.5864695494978458,0.6239679083996212,0.600853342264418
M2,2027,5102,13,679,0.593519882179676,0.5774791213630573,0.6309004602446296,0.6035890643233622
M2,2027,5102,14,679,0.5876288659793815,0.568641818679845,0.6450195610084309,0.5981790232966218
M2,2027,5102,15,679,0.5949926362297496,0.5797857002553344,0.6307386888934516,0.5944165569964817
M2,2027,5102,16,679,0.5949926362297496,0.5808632456398962,0.636578253864013,0.592782463308322
M2,2027,5102,17,679,0.5787923416789397,0.5646213837794594,0.6512782969162285,0.5881120553955477
M2,2027,5102,18,679,0.6008836524300442,0.5869618263319051,0.6261275013873082,0.5970662825586
M2,2027,5102,19,679,0.6008836524300442,0.5872606898485895,0.6292102011647597,0.5929921706542445
M2,2027,5102,20,679,0.5979381443298969,0.5874918369494379,0.6291062117325189,0.5931619433761085
M2,2027,5102,21,679,0.605301914580265,0.5894087938205586,0.62703695432427,0.596590885237049
M2,2027,5102,22,679,0.5994108983799705,0.5839006216121323,0.6283792137485189,0.592818230544683
M2,2027,5102,23,679,0.5949926362297496,0.5798917503985135,0.6292951962470306,0.5949939964152278
M2,2027,5102,24,679,0.6008836524300442,0.587463609916145,0.6289761249464285,0.595007811579372
M2,2027,5102,25,679,0.6008836524300442,0.5865358630161261,0.6285983245046219,0.5968006815996638
M2,2027,5102,26,679,0.593519882179676,0.5802324546527882,0.6343866516458795,0.5920217451815496
M2,2027,5102,27,679,0.5537555228276878,0.5477188945204654,0.6519258447177982,0.5428083254268253
M2,2027,5102,28,679,0.5316642120765832,0.5209392077576224,0.6878084101232759,0.4869633524460846
M2,2027,5102,29,679,0.49042709867452133,0.4739743464068953,0.7578320757147139,0.41547436271817173
M2,2027,5102,30,679,0.5670103092783505,0.5533001498158805,0.6460190423941226,0.5545221187583522
M2,2027,5102,31,679,0.5213549337260678,0.509840744016405,0.6818865017748722,0.48954594643842525
M2,2027,5102,32,679,0.46244477172312226,0.45567977537286997,0.7167276681479017,0.38497628557105673
M2,2027,5102,33,679,0.5552282768777614,0.554328613012926,0.6292974166078315,0.5939823744826855
M2,2027,5102,34,679,0.5198821796759941,0.5202661031801493,0.6596426007191106,0.5158169457051621
M2,2027,5102,35,679,0.4683357879234168,0.46089538163655797,0.7128961277420637,0.4039646043054768
M2,2027,5102,36,679,0.561119293078056,0.5556587387573303,0.6335916687708365,0.5877956360796129
M2,2027,5102,37,679,0.5051546391752577,0.49097838793181936,0.696698266930538,0.46292232763098595
M2,2027,5102,38,679,0.4742268041237113,0.46452688088668215,0.7198344457000274,0.43638470741797314
M2,2027,5102,39,679,0.5537555228276878,0.5441022403363601,0.6438786204196567,0.5481587503990643
M2,2027,5102,40,679,0.49779086892488955,0.4867886254742818,0.6894824973832876,0.4580871016804615
M2,2027,5102,41,679,0.4536082474226804,0.4519441663965028,0.7152085252687752,0.3856431352493544
M2,2027,5102,42,679,0.5714285714285714,0.5704692280934459,0.6209869329681804,0.5958400821711152
M2,2027,5102,43,679,0.47717231222385864,0.477219862443669,0.691258163510963,0.4495176057828011
M2,2027,5102,44,679,0.40942562592047127,0.4097449048621205,0.7206932316604173,0.39091332890578295
M2,2027,5102,45,679,0.6008836524300442,0.5860146583118488,0.6302341702058143,0.5990346604960333
M2,2027,5102,46,679,0.6023564064801178,0.5874075390798659,0.6336552750028461,0.5999579529995064
M2,2027,5102,47,679,0.6082474226804123,0.5922321317973492,0.6493306587476266,0.6030870268154258
M2,2027,5102,48,679,0.5949926362297496,0.5775114138540686,0.6303542428848845,0.5956077226086237
M2,2027,5102,49,679,0.6082474226804123,0.5909524025009186,0.630500051208027,0.6075447680055363
M2,2027,5102,50,679,0.6008836524300442,0.5810696331203993,0.6425400677854428,0.6026741762848326
M2,2027,5102,51,679,0.5891016200294551,0.573830644639457,0.6324652977649874,0.5978303619388268
M2,2027,5102,52,679,0.6038291605301914,0.5890450628489164,0.6336539377168984,0.5991699805011502
M2,2027,5102,53,679,0.6097201767304861,0.5934522288342886,0.6462051244740633,0.5947831147519553
M2,2027,5102,54,679,0.5581737849779087,0.549389007061357,0.6422640774316746,0.5488137027302673
M2,2027,5102,55,679,0.5301914580265096,0.5188719477491976,0.6962124457327712,0.47727759404630393
M2,2027,5102,56,679,0.49189985272459497,0.47937441643323997,0.7622712918383032,0.4054617139558621
M2,2027,5102,57,679,0.5670103092783505,0.5532261302912386,0.6252955038522937,0.5929440773465137
M2,2027,5102,58,679,0.5228276877761414,0.5102088460543963,0.6852202513124876,0.4818926912631473
M2,2027,5102,59,679,0.4683357879234168,0.4519116950028299,0.7162281656870961,0.35455008511460673
M2,2027,5102,60,679,0.5758468335787923,0.5731630294674782,0.6329725402268815,0.5642945638338305
M2,2027,5102,61,679,0.49189985272459497,0.490908697850149,0.6737299543724495,0.4835851607306467
M2,2027,5102,62,679,0.43888070692194403,0.43710902870395607,0.7103107986157,0.41297477557534684
M2,2027,5103,0,679,0.5640648011782032,0.5554171724278856,0.645342552170311,0.5563574350284919
M2,2027,5103,1,679,0.5110456553755522,0.4986008587832296,0.6954500453768844,0.46510330581308645
M2,2027,5103,2,679,0.47717231222385864,0.46498239949063835,0.7305909415627438,0.4184414704351526
M2,2027,5103,3,679,0.5743740795287187,0.5647012793009272,0.6488209985010052,0.5472928382169031
M2,2027,5103,4,679,0.5139911634756995,0.50690901165382,0.6804941497381025,0.47839604086241044
M2,2027,5103,5,679,0.43004418262150224,0.42475235708318415,0.7275104226656971,0.3539512893214128
M2,2027,5103,6,679,0.5434462444771723,0.5405270161175817,0.6428676187465399,0.5603608722564735
M2,2027,5103,7,679,0.4992636229749632,0.500988803699647,0.6623802512708574,0.5017907305771048
M2,2027,5103,8,679,0.4374079528718704,0.43943862078170937,0.7218786085433215,0.36568685423442066
M2,2027,5103,9,679,0.5979381443298969,0.5833790136441781,0.6315213089838997,0.593834248721161
M2,2027,5103,10,679,0.5994108983799705,0.584756352283784,0.6340016458452362,0.5978098251302344
M2,2027,5103,11,679,0.6008836524300442,0.5800464783025243,0.6410239313417753,0.6098217499044203
M2,2027,5103,12,679,0.5949926362297496,0.5812115434756632,0.6267152027019871,0.597220660664593
M2,2027,5103,13,679,0.5758468335787923,0.5580465106647727,0.6331116044029748,0.5998216310095382
M2,2027,5103,14,679,0.6038291605301914,0.5861799080118342,0.636189636715382,0.6070507086760654
M2,2027,5103,15,679,0.5964653902798233,0.582705918650218,0.629830175936661,0.5993976577498477
M2,2027,5103,16,679,0.5994108983799705,0.5828698337775389,0.6340529612746962,0.5999638454749856
M2,2027,5103,17,679,0.5876288659793815,0.5733948388988184,0.6433518754979473,0.594899698600213
M2,2027,5103,18,679,0.6038291605301914,0.5891164569069749,0.6261255294742921,0.5956075878839464
M2,2027,5103,19,679,0.5979381443298969,0.5827553801366997,0.6253717190562713,0.5957467133434159
M2,2027,5103,20,679,0.5994108983799705,0.5875330262782062,0.6278464282384151,0.5949162831825741
M2,2027,5103,21,679,0.5979381443298969,0.583292681415059,0.6287585146648368,0.5971103298605568
M2,2027,5103,22,679,0.6067746686303387,0.5903149143013462,0.6294415191540135,0.594690204995065
M2,2027,5103,23,679,0.5861561119293078,0.5717757491727703,0.6333017679307177,0.5940431214840364
M2,2027,5103,24,679,0.6008836524300442,0.5870205321185713,0.6274524367083857,0.5965504711595243
M2,2027,5103,25,679,0.6008836524300442,0.585492795041802,0.6300221748309915,0.5944238806300999
M2,2027,5103,26,679,0.5891016200294551,0.5769264386138742,0.6374724114064089,0.590832439779285
M2,2027,5103,27,679,0.561119293078056,0.554271159588526,0.6339090599929461,0.5752923859928827
M2,2027,5103,28,679,0.5331369661266568,0.517672044694192,0.685034273211489,0.4942809649358693
M2,2027,5103,29,679,0.49337260677466865,0.47572210019795047,0.7524059933880467,0.4252441081301945
M2,2027,5103,30,679,0.5581737849779087,0.5507927294437627,0.6480653480419529,0.5439325172245045
M2,2027,5103,31,679,0.5301914580265096,0.5211997323940323,0.6663053693011162,0.5242806102588108
M2,2027,5103,32,679,0.4742268041237113,0.46491184832768995,0.7073540594291616,0.39757234722155343
M2,2027,5103,33,679,0.5596465390279823,0.5566142784042797,0.6421341090209354,0.5520646906987978
M2,2027,5103,34,679,0.5022091310751104,0.5004551644416457,0.679296604290451,0.4778408705730276
M2,2027,5103,35,679,0.45066273932253315,0.4428653526573979,0.7254560664625337,0.36305747113163295
M2,2027,5103,36,679,0.5567010309278351,0.5516635620671916,0.6453695510992772,0.5442390551784476
M2,2027,5103,37,679,0.5139911634756995,0.5077863535648222,0.687497421879656,0.4794324794305011
M2,2027,5103,38,679,0.46686303387334316,0.45609027939682395,0.7428723671782175,0.3936626870171427
M2,2027,5103,39,679,0.5625920471281296,0.5536424052045988,0.6440822751383367,0.5566806547985421
M2,2027,5103,40,679,0.5022091310751104,0.49347930810423246,0.6903157957084751,0.4590367712795105
M2,2027,5103,41,679,0.45949926362297494,0.44427743140173837,0.7012305421005819,0.3913344118085218
M2,2027,5103,42,679,0.5581737849779087,0.5547291182869659,0.6342518502113921,0.5630737302451302
M2,2027,5103,43,679,0.49779086892488955,0.4984744485522963,0.6729911762195062,0.4889245330284437
M2,2027,5103,44,679,0.40795287187039764,0.4042777686398499,0.7334365849335169,0.3511907195540892
M2,2027,5103,45,679,0.593519882179676,0.5794910387430072,0.6304503257917199,0.5966709502175844
M2,2027,5103,46,679,0.5994108983799705,0.5852988635337069,0.6326875359214985,0.6017551566726449
M2,2027,5103,47,679,0.6067746686303387,0.5919875970323482,0.6500189847728465,0.6038786603864075
M2,2027,5103,48,679,0.614138438880707,0.60015438446811,0.6224126359324392,0.5993394246630007
M2,2027,5103,49,679,0.5994108983799705,0.5827868228125297,0.6334536859932985,0.5998717109618286
M2,2027,5103,50,679,0.6200294550810015,0.6023556283291577,0.6351784321099564,0.6139109333704644
M2,2027,5103,51,679,0.5994108983799705,0.5853609402523896,0.6355027477853604,0.5942948693614997
M2,2027,5103,52,679,0.593519882179676,0.5788673518229422,0.6346913762664935,0.5958149893137998
M2,2027,5103,53,679,0.6097201767304861,0.594581143494187,0.6449593327972429,0.5959353738308178
M2,2027,5103,54,679,0.5581737849779087,0.5511089345777354,0.6379403608449253,0.5702280423478505
M2,2027,5103,55,679,0.5228276877761414,0.5167430742588586,0.692080524756912,0.48570033022068315
M2,2027,5103,56,679,0.49189985272459497,0.4783192406080845,0.7469696276361707,0.41836150155362795
M2,2027,5103,57,679,0.5508100147275405,0.5391360417372117,0.6506429592665938,0.555973231490681
M2,2027,5103,58,679,0.5198821796759941,0.5139425799566232,0.6818272495787695,0.45566036938856364
M2,2027,5103,59,679,0.45066273932253315,0.4405027897215398,0.7297570619605953,0.34577607568345264
M2,2027,5103,60,679,0.5640648011782032,0.5619822462727685,0.6377115215617883,0.5575460136697282
M2,2027,5103,61,679,0.49189985272459497,0.49198055229722726,0.6811938023137063,0.46251914000689914
M2,2027,5103,62,679,0.43888070692194403,0.43321678644265027,0.7034501377849761,0.41974294598254946
M2,2027,5104,0,679,0.5463917525773195,0.5388385036995703,0.6487336124955994,0.5482165858300144
M2,2027,5104,1,679,0.508100147275405,0.5006998725320287,0.6895276319690937,0.47987733432507984
M2,2027,5104,2,679,0.4698085419734904,0.45836072005823003,0.7231399029581115,0.42259448711725034
M2,2027,5104,3,679,0.5596465390279823,0.5486267400486733,0.6557651348905816,0.5231128673131984
M2,2027,5104,4,679,0.48748159057437407,0.47744672465631355,0.6948556511804176,0.45201605059316124
M2,2027,5104,5,679,0.4329896907216495,0.42670325561839406,0.7201059338841066,0.377982171205962
M2,2027,5104,6,679,0.5625920471281296,0.5580644596933624,0.6483348539546242,0.5539299830460389
M2,2027,5104,7,679,0.49042709867452133,0.4902809972520762,0.6767216539655062,0.46711591896697274
M2,2027,5104,8,679,0.43888070692194403,0.4394259659693708,0.7218168378534654,0.36586629080980354
M2,2027,5104,9,679,0.5832106038291606,0.5678862755696822,0.6372386510751384,0.5913365255605728
M2,2027,5104,10,679,0.5920471281296024,0.5776597235820545,0.6346800848731938,0.5986103756730755
M2,2027,5104,11,679,0.6038291605301914,0.5847595035006107,0.6383679983191005,0.6128087526790545
M2,2027,5104,12,679,0.605301914580265,0.5900827591582304,0.625647860967358,0.6005486512886851
M2,2027,5104,13,679,0.593519882179676,0.5778442273135669,0.6401772762872333,0.5906146653141776
M2,2027,5104,14,679,0.5920471281296024,0.5722272266557273,0.6419379397326962,0.5982031770805784
M2,2027,5104,15,679,0.605301914580265,0.5910845050084822,0.6273523262305534,0.5984661761794505
M2,2027,5104,16,679,0.5949926362297496,0.5786261203525271,0.6335331937174734,0.5989176344593748
M2,2027,5104,17,679,0.5861561119293078,0.5709200839635623,0.6449507829981455,0.5960915639125138
M2,2027,5104,18,679,0.5994108983799705,0.5861715810472982,0.6264940434861078,0.5957715340854131
M2,2027,5104,19,679,0.5994108983799705,0.5847036106538835,0.6274964003569949,0.5939474383412153
M2,2027,5104,20,679,0.5979381443298969,0.585661859755409,0.6313768738938361,0.5897120469597374
M2,2027,5104,21,679,0.6023564064801178,0.586827819241766,0.6275060639904595,0.5963758442400342
M2,2027,5104,22,679,0.605301914580265,0.5878556819567452,0.6281339557778326,0.6001907700716076
M2,2027,5104,23,679,0.5891016200294551,0.5750379168455545,0.6308674183790743,0.5967561528075402
M2,2027,5104,24,679,0.5994108983799705,0.5851309838344633,0.6282905240561018,0.5968385157136588
M2,2027,5104,25,679,0.5979381443298969,0.5842911941047906,0.6311957856780124,0.5933104735953598
M2,2027,5104,26,679,0.593519882179676,0.5803731940915176,0.6363139867080329,0.5901484052858499
M2,2027,5104,27,679,0.5434462444771723,0.535954056480996,0.6421678922137737,0.5611543563585498
M2,2027,5104,28,679,0.5508100147275405,0.5380161460959589,0.6848617631267202,0.5038016055743564
M2,2027,5104,29,679,0.49189985272459497,0.4707442892116259,0.7554536681945967,0.4093564580755718
M2,2027,5104,30,679,0.5478645066273933,0.5366690653723863,0.67013188162942,0.5279714754983287
M2,2027,5104,31,679,0.5095729013254786,0.49993838576924265,0.6957677813227644,0.4805836668929498
M2,2027,5104,32,679,0.4580265095729013,0.4537565996009105,0.7150696693139154,0.39773918865823465
M2,2027,5104,33,679,0.5699558173784978,0.570641234635931,0.6336324502205112,0.5669432840927794
M2,2027,5104,34,679,0.508100147275405,0.5088482675099206,0.6805334626443256,0.48209055757656094
M2,2027,5104,35,679,0.45066273932253315,0.4456717759040425,0.7132340214696654,0.3923794310719024
M2,2027,5104,36,679,0.5743740795287187,0.5659864358022433,0.6314815479455534,0.5678514757231863
M2,2027,5104,37,679,0.5110456553755522,0.5005087221157568,0.6973238602083105,0.46730301325285195
M2,2027,5104,38,679,0.48748159057437407,0.4786843168942997,0.7262661009588017,0.41541227952562404
M2,2027,5104,39,679,0.5449189985272459,0.5364825198708217,0.6525332272623354,0.5491360675723198
M2,2027,5104,40,679,0.5213549337260678,0.5103754779355465,0.6726771674512588,0.5174741594725932
M2,2027,5104,41,679,0.44477172312223856,0.4349909760305112,0.722964767042948,0.3521425280933547
M2,2027,5104,42,679,0.5508100147275405,0.5500453156433046,0.6241068924737433,0.5919702838226621
M2,2027,5104,43,679,0.4963181148748159,0.4991925571522917,0.6829930261457792,0.465798433108235
M2,2027,5104,44,679,0.4212076583210604,0.42136291888928024,0.7282073981236991,0.3539256378608447
M2,2027,5104,45,679,0.5920471281296024,0.5766677911532498,0.6307247067761877,0.5990760321301277
M2,2027,5104,46,679,0.5964653902798233,0.5820382575701726,0.6379664867721355,0.5933874808609263
M2,2027,5104,47,679,0.605301914580265,0.5896738534288888,0.6466966906949241,0.611001491304146
M2,2027,5104,48,679,0.5964653902798233,0.5790727000791812,0.6270052588302011,0.6008444342868603
M2,2027,5104,49,679,0.5802650957290133,0.5658745526022414,0.6393347839894807,0.6004266227318812
M2,2027,5104,50,679,0.6111929307805597,0.5927849550276949,0.6344662166923416,0.613052324352038
M2,2027,5104,51,679,0.5817378497790869,0.5659097001852401,0.6338610858910214,0.597334664960998
M2,2027,5104,52,679,0.5964653902798233,0.5796288154332313,0.6375774298746562,0.5993866030986127
M2,2027,5104,53,679,0.6082474226804123,0.5924118968437573,0.6465406084271348,0.5954430853627329
M2,2027,5104,54,679,0.5567010309278351,0.5481664622182495,0.6424349851478357,0.5422972927552214
M2,2027,5104,55,679,0.5125184094256259,0.5030100952606473,0.6993023337733236,0.49100526857024
M2,2027,5104,56,679,0.508100147275405,0.49192986467462907,0.7431324150012765,0.42272462250192416
M2,2027,5104,57,679,0.5581737849779087,0.5505786247318061,0.6461577448823842,0.544680233689176
M2,2027,5104,58,679,0.540500736377025,0.5299776735683576,0.6581450340191289,0.5115980120154973
M2,2027,5104,59,679,0.4653902798232695,0.45270712842310645,0.6975870087896425,0.4167427206311665
M2,2027,5104,60,679,0.572901325478645,0.570291833313701,0.648142330315573,0.5568891532230248
M2,2027,5104,61,679,0.5095729013254786,0.5133655233839837,0.6659773994396291,0.48727992159182165
M2,2027,5104,62,679,0.46097201767304863,0.45388649062453346,0.7140148383659888,0.3966261277828928
M2,2027,5105,0,679,0.5508100147275405,0.5422822470692038,0.6470719667615175,0.5516480112485632
M2,2027,5105,1,679,0.5066273932253313,0.49655029518092786,0.703201594843429,0.4523993511572354
M2,2027,5105,2,679,0.4845360824742268,0.4722290791303672,0.7244438044233069,0.4213003028908451
M2,2027,5105,3,679,0.561119293078056,0.5535595619889631,0.6607440241087168,0.5356216061850633
M2,2027,5105,4,679,0.5257731958762887,0.5198309852915116,0.6878060552131093,0.46434972277008757
M2,2027,5105,5,679,0.4329896907216495,0.43236473978748585,0.7281621052212849,0.34311593729920387
M2,2027,5105,6,679,0.5537555228276878,0.5532128693831099,0.6365340163544457,0.5681363089248378
M2,2027,5105,7,679,0.5095729013254786,0.509691639355991,0.6769188673445332,0.46082374093742245
M2,2027,5105,8,679,0.44624447717231225,0.44667515113073386,0.71102430238025,0.39811386816495414
M2,2027,5105,9,679,0.6023564064801178,0.5880019556620176,0.6284734929345318,0.5990160998840706
M2,2027,5105,10,679,0.5994108983799705,0.5839404846239644,0.6338475505013529,0.5981602438775162
M2,2027,5105,11,679,0.6023564064801178,0.5823279364290144,0.6430668812437156,0.6061272307633686
M2,2027,5105,12,679,0.5964653902798233,0.5809948557951232,0.6296474144016344,0.5998342851566532
M2,2027,5105,13,679,0.5891016200294551,0.5748494273604202,0.6330039696946236,0.5989569328522868
M2,2027,5105,14,679,0.5994108983799705,0.5805071785570974,0.6347815496668724,0.6068095785556447
M2,2027,5105,15,679,0.5861561119293078,0.5717245809963397,0.6326507038062381,0.5944753302535892
M2,2027,5105,16,679,0.5861561119293078,0.5715208607057041,0.6378053611964646,0.600134898282615
M2,2027,5105,17,679,0.5846833578792342,0.5696139735355421,0.6416246585098037,0.597499398063164
M2,2027,5105,18,679,0.5949926362297496,0.5812281910707108,0.6277831148943248,0.5952218450916106
M2,2027,5105,19,679,0.6008836524300442,0.5870389380414804,0.6254080664339051,0.5989518277136118
M2,2027,5105,20,679,0.5979381443298969,0.5867759075306245,0.6293705635990766,0.5909834504900306
M2,2027,5105,21,679,0.5994108983799705,0.5837661734841891,0.6288884753506735,0.5955788424681399
M2,2027,5105,22,679,0.6111929307805597,0.596239432065519,0.625435034946068,0.5968100563657791
M2,2027,5105,23,679,0.5920471281296024,0.5765484418917353,0.6324881174339637,0.5937882478244858
M2,2027,5105,24,679,0.5994108983799705,0.5848345164890175,0.6285814144737766,0.5969509820373479
M2,2027,5105,25,679,0.5964653902798233,0.5810222709882292,0.6314298332790914,0.5957879814295909
M2,2027,5105,26,679,0.593519882179676,0.5809865328767512,0.6373294312314889,0.5874904402692399
M2,2027,5105,27,679,0.5670103092783505,0.5592542294912389,0.6417713620876879,0.5542318896219689
M2,2027,5105,28,679,0.5125184094256259,0.5017297976630708,0.7059036113859452,0.4707818156535047
M2,2027,5105,29,679,0.48600883652430044,0.46661292024069567,0.7584435734596098,0.41035551693839617
M2,2027,5105,30,679,0.572901325478645,0.56256698870129,0.6321577254205459,0.5629348315022796
M2,2027,5105,31,679,0.5228276877761414,0.5118952939748351,0.6859193042425414,0.4890944452421392
M2,2027,5105,32,679,0.4536082474226804,0.4436566659435117,0.7284496611584971,0.3654967513706724
M2,2027,5105,33,679,0.5787923416789397,0.5738702721205687,0.6344073224971852,0.5531093828457407
M2,2027,5105,34,679,0.4948453608247423,0.4946647625033648,0.6819981702429205,0.4665221122874071
M2,2027,5105,35,679,0.47128129602356406,0.46893517120574557,0.7003254551819041,0.4223371630223077
M2,2027,5105,36,679,0.524300441826215,0.518816058127461,0.6565930840280867,0.5400975444125828
M2,2027,5105,37,679,0.5066273932253313,0.496947692467521,0.6952068121206778,0.48286433352297436
M2,2027,5105,38,679,0.4727540500736377,0.463766876532834,0.7304219822337595,0.4132146993170957
M2,2027,5105,39,679,0.5552282768777614,0.5454512728786294,0.6455929944502938,0.5512675707834143
M2,2027,5105,40,679,0.5360824742268041,0.5263407520625435,0.6688954104862789,0.49186880925261656
M2,2027,5105,41,679,0.4521354933726068,0.44333639639646183,0.715903721541298,0.3643538089302803
M2,2027,5105,42,679,0.5625920471281296,0.5631637261561931,0.6256740236975834,0.5869663368248235
M2,2027,5105,43,679,0.4786450662739323,0.47664976495474876,0.6846149389320692,0.4469549054674188
M2,2027,5105,44,679,0.43151693667157587,0.4305513036524037,0.7157891253352341,0.3856491605864822
M2,2027,5105,45,679,0.593519882179676,0.5770475103407984,0.6337306995016134,0.5968711162170165
M2,2027,5105,46,679,0.5979381443298969,0.5809724605405668,0.640483975015438,0.5973379686689148
M2,2027,5105,47,679,0.6097201767304861,0.5932793839502294,0.6452998696265411,0.6108623650474935
M2,2027,5105,48,679,0.6067746686303387,0.591737875197891,0.6237308927242464,0.5994620104816041
M2,2027,5105,49,679,0.6082474226804123,0.5905064477432899,0.6251674252335909,0.6088632835325476
M2,2027,5105,50,679,0.6185567010309279,0.6002700964791129,0.6297148537214445,0.6127763781411345
M2,2027,5105,51,679,0.5964653902798233,0.5803217731337664,0.6278925840036508,0.5986625467258211
M2,2027,5105,52,679,0.5979381443298969,0.5816387931401336,0.636439625837666,0.600919811539628
M2,2027,5105,53,679,0.605301914580265,0.5910156032349969,0.6444198272365183,0.597595191283788
M2,2027,5105,54,679,0.5655375552282769,0.555591610524642,0.6441194181150821,0.5492430310247973
M2,2027,5105,55,679,0.5154639175257731,0.5006907818346709,0.7138966591219488,0.47447649196813424
M2,2027,5105,56,679,0.49779086892488955,0.4837823864500357,0.7446786800566759,0.42007147547497037
M2,2027,5105,57,679,0.5522827687776142,0.544092269370253,0.651132518175951,0.543006763193595
M2,2027,5105,58,679,0.5346097201767305,0.5185432177175587,0.6851875410910383,0.4885783933911385
M2,2027,5105,59,679,0.4639175257731959,0.4508714641337839,0.7165652326745734,0.3848197539493323
M2,2027,5105,60,679,0.5508100147275405,0.548918735286626,0.650824048733325,0.549478883807622
M2,2027,5105,61,679,0.5022091310751104,0.5047515547637446,0.6710447830330465,0.49184114725671674
M2,2027,5105,62,679,0.4477172312223859,0.4391730744271362,0.6946671546076113,0.4277923183446929
M2,2028,5101,0,679,0.5684830633284241,0.5402344970899746,0.6446674397662392,0.5618348592945246
M2,2028,5101,1,679,0.5537555228276878,0.5207277818972166,0.6961993798064905,0.48854173060002304
M2,2028,5101,2,679,0.5184094256259205,0.4784732284620209,0.7498702252165734,0.4114611352748713
M2,2028,5101,3,679,0.5567010309278351,0.521975038739204,0.6633550648485613,0.54085195429962
M2,2028,5101,4,679,0.5184094256259205,0.48327342206677676,0.6982234720804554,0.4740603265358867
M2,2028,5101,5,679,0.4992636229749632,0.47622614878833835,0.7341070836176753,0.3627892777916705
M2,2028,5101,6,679,0.5625920471281296,0.540330805300528,0.638995670188158,0.5540672311911529
M2,2028,5101,7,679,0.5139911634756995,0.4946963368677262,0.6810693727238364,0.48998886405670833
M2,2028,5101,8,679,0.49779086892488955,0.47197046532284914,0.723294689680761,0.3967516320830783
M2,2028,5101,9,679,0.6156111929307806,0.5882969872131721,0.6199129513068473,0.6092221653776624
M2,2028,5101,10,679,0.6038291605301914,0.5770612750146141,0.6280073650806747,0.6085854373101709
M2,2028,5101,11,679,0.6185567010309279,0.5903918436024989,0.6263446338222375,0.6164713699306223
M2,2028,5101,12,679,0.614138438880707,0.5861513956875565,0.6213534944011817,0.6066092021370559
M2,2028,5101,13,679,0.6156111929307806,0.586322649350048,0.6279675514603223,0.6118139606854746
M2,2028,5101,14,679,0.5994108983799705,0.5698842071425751,0.6316838883335355,0.617447229800628
M2,2028,5101,15,679,0.6229749631811488,0.5990836583891694,0.6150222278484013,0.6139303104030662
M2,2028,5101,16,679,0.6097201767304861,0.5848557753109234,0.6198403187019309,0.6193338887275123
M2,2028,5101,17,679,0.6008836524300442,0.5713883155746723,0.6284607837143984,0.6187711896593846
M2,2028,5101,18,679,0.6170839469808542,0.5917310524660055,0.6178274350858051,0.6059533579297596
M2,2028,5101,19,679,0.6067746686303387,0.5811637898202078,0.6215769077962557,0.5984878575647735
M2,2028,5101,20,679,0.5949926362297496,0.5721911631216113,0.6223868159289213,0.5946782250656761
M2,2028,5101,21,679,0.6170839469808542,0.5898117560729528,0.6183611389814666,0.6059068498989794
M2,2028,5101,22,679,0.6023564064801178,0.574129617744996,0.6242089140748767,0.5970695159121835
M2,2028,5101,23,679,0.6038291605301914,0.5784378232196069,0.6225038425385162,0.5965527017274762
M2,2028,5101,24,679,0.6170839469808542,0.5895832586806178,0.6172785167753784,0.6058163161414589
M2,2028,5101,25,679,0.6111929307805597,0.5844748271294462,0.6163657967313927,0.6074598260300619
M2,2028,5101,26,679,0.6111929307805597,0.5884042793199725,0.6176705604888203,0.6056756249194667
M2,2028,5101,27,679,0.5758468335787923,0.5446227814434045,0.652375135488468,0.562268705714891
M2,2028,5101,28,679,0.5287187039764359,0.48610391981770384,0.6966442090071002,0.5097786258389367
M2,2028,5101,29,679,0.5198821796759941,0.47589452856795167,0.7579562576907373,0.441397601001205
M2,2028,5101,30,679,0.5861561119293078,0.5482403182678819,0.6354807602771076,0.5786941177719752
M2,2028,5101,31,679,0.5478645066273933,0.5125078766623493,0.6838694563977673,0.48386791932298034
M2,2028,5101,32,679,0.4992636229749632,0.47924293492351566,0.7363640538503214,0.3986026471259449
M2,2028,5101,33,679,0.5743740795287187,0.5497560970762848,0.6288203137524876,0.5852790093575301
M2,2028,5101,34,679,0.49337260677466865,0.47885021481624457,0.6872463012566798,0.47861517736530473
M2,2028,5101,35,679,0.4639175257731959,0.4471077412893697,0.7369008475313833,0.3953027206034942
M2,2028,5101,36,679,0.5552282768777614,0.5202856219562628,0.6526037036758108,0.5465955516258585
M2,2028,5101,37,679,0.5390279823269514,0.5113513887335317,0.701419414143148,0.4717504471563803
M2,2028,5101,38,679,0.5287187039764359,0.4899552187591012,0.7529686785938111,0.39409060737163076
M2,2028,5101,39,679,0.5787923416789397,0.5388174355332229,0.6408626506096836,0.5571375507397275
M2,2028,5101,40,679,0.5346097201767305,0.4991646855281549,0.6890027606215147,0.4767158751841994
M2,2028,5101,41,679,0.4845360824742268,0.45954075817872697,0.7407758284431494,0.35603550453570654
M2,2028,5101,42,679,0.5714285714285714,0.5501810598712074,0.6257634616740849,0.5839810008500809
M2,2028,5101,43,679,0.4963181148748159,0.4850563162967747,0.6822186694185582,0.4903524026621688
M2,2028,5101,44,679,0.46097201767304863,0.44017544790523183,0.7288239559649718,0.36241921063687815
M2,2028,5101,45,679,0.6215022091310751,0.5940121850874219,0.6187127534086118,0.6115700863552109
M2,2028,5101,46,679,0.5994108983799705,0.5780333425560494,0.6291593277665055,0.5993590179485578
M2,2028,5101,47,679,0.6111929307805597,0.5893675450519754,0.62451408612535,0.609668477435729
M2,2028,5101,48,679,0.6156111929307806,0.5895315425200153,0.6164147197234613,0.6122738192369107
M2,2028,5101,49,679,0.6156111929307806,0.589583552387161,0.6172058453703839,0.6145904363579996
M2,2028,5101,50,679,0.614138438880707,0.588720784459753,0.620508844792755,0.6184675278204033
M2,2028,5101,51,679,0.6156111929307806,0.5900303826850017,0.6172809439748306,0.6086014105469525
M2,2028,5101,52,679,0.6170839469808542,0.5908947030348782,0.6180796046934703,0.6194065315568975
M2,2028,5101,53,679,0.6097201767304861,0.586673294190869,0.619116619031805,0.6187532159561469
M2,2028,5101,54,679,0.5714285714285714,0.5420863394581275,0.6531491142221684,0.5484542300196399
M2,2028,5101,55,679,0.5316642120765832,0.4943032516505139,0.7039317596643417,0.489154909115183
M2,2028,5101,56,679,0.5360824742268041,0.4997795335645252,0.7510451029695362,0.41048602464709044
M2,2028,5101,57,679,0.5743740795287187,0.5406584532788113,0.6500426094556592,0.5515700009997083
M2,2028,5101,58,679,0.5375552282768777,0.499501579738794,0.6783664291271931,0.48950526709122777
M2,2028,5101,59,679,0.49189985272459497,0.4742142205371209,0.7373428873399571,0.33731177885556995
M2,2028,5101,60,679,0.5773195876288659,0.5550226786959667,0.6268214199346366,0.587556201508043
M2,2028,5101,61,679,0.524300441826215,0.5142367638494024,0.6680553757389445,0.49443422158607725
M2,2028,5101,62,679,0.48159057437407954,0.4657677356217844,0.7162782632154638,0.38650573345044203
M2,2028,5102,0,679,0.5787923416789397,0.5542624587173287,0.6465864095052317,0.549416973231349
M2,2028,5102,1,679,0.5331369661266568,0.49551120329611476,0.7106551010935226,0.47714636825478646
M2,2028,5102,2,679,0.5095729013254786,0.4671117698516928,0.7585134243096098,0.410844499130598
M2,2028,5102,3,679,0.5655375552282769,0.5276108942843825,0.6508286287226277,0.5557848211217995
M2,2028,5102,4,679,0.5331369661266568,0.5036252091466815,0.6865625422727728,0.48893593883892406
M2,2028,5102,5,679,0.4992636229749632,0.47637191248838884,0.7229688533407599,0.3859483482006183
M2,2028,5102,6,679,0.5684830633284241,0.5446497825340697,0.6285730199408286,0.5761407834087411
M2,2028,5102,7,679,0.5375552282768777,0.5217348740313588,0.6594413530756342,0.5206550732372305
M2,2028,5102,8,679,0.4727540500736377,0.45080883179569975,0.7317290659417811,0.3875689367631867
M2,2028,5102,9,679,0.6185567010309279,0.5912010276172126,0.6174448251021979,0.6125935199758694
M2,2028,5102,10,679,0.6097201767304861,0.5818574939727355,0.6284630361379334,0.6104464043260056
M2,2028,5102,11,679,0.6156111929307806,0.5877696273604203,0.6278720799619565,0.6156026223385249
M2,2028,5102,12,679,0.6185567010309279,0.5901528994858771,0.6167849188612908,0.6159061765409629
M2,2028,5102,13,679,0.6170839469808542,0.5876188231727397,0.6153172536784665,0.6224342066736214
M2,2028,5102,14,679,0.5979381443298969,0.5652261946083537,0.6335800647384464,0.6149263296175697
M2,2028,5102,15,679,0.6170839469808542,0.5917162447444304,0.6179141985562483,0.6158123902404158
M2,2028,5102,16,679,0.614138438880707,0.5864833829115145,0.6171410882595888,0.6217492341447522
M2,2028,5102,17,679,0.6082474226804123,0.5794803551919302,0.628180415008837,0.6181712925198574
M2,2028,5102,18,679,0.6170839469808542,0.5901932544724954,0.6163145588581973,0.6080798942615867
M2,2028,5102,19,679,0.6126656848306333,0.5869186762184888,0.6220990828895429,0.5997426109960898
M2,2028,5102,20,679,0.5994108983799705,0.5776440793448776,0.6200930015766919,0.5960535136865281
M2,2028,5102,21,679,0.6156111929307806,0.5886997827916332,0.6179471323609528,0.6047117200434684
M2,2028,5102,22,679,0.605301914580265,0.5787510011150383,0.622372243690561,0.5966868241863128
M2,2028,5102,23,679,0.6067746686303387,0.5807795902105435,0.6209465831474281,0.5999886847327238
M2,2028,5102,24,679,0.6185567010309279,0.5920932936502766,0.6161439562756815,0.6066098361874018
M2,2028,5102,25,679,0.6111929307805597,0.5825913882832068,0.617402970790863,0.6042120231928563
M2,2028,5102,26,679,0.6097201767304861,0.5877232265941944,0.6185491154401046,0.6027627646221305
M2,2028,5102,27,679,0.5832106038291606,0.5578022839473221,0.6495542790032978,0.5538016206851499
M2,2028,5102,28,679,0.5419734904270986,0.5129364044618282,0.7051508710644206,0.4977403977457027
M2,2028,5102,29,679,0.5228276877761414,0.4814101361067399,0.7548341290237978,0.43096922399005655
M2,2028,5102,30,679,0.5640648011782032,0.5321577901252121,0.6414218796458265,0.5771261778867152
M2,2028,5102,31,679,0.5419734904270986,0.5049721397997492,0.6888193689582977,0.5071426169716682
M2,2028,5102,32,679,0.49779086892488955,0.47743545476528715,0.7363576190066092,0.4057733245385098
M2,2028,5102,33,679,0.5699558173784978,0.545964273741679,0.6314385596097657,0.5874179406545226
M2,2028,5102,34,679,0.5331369661266568,0.5167602070140734,0.6686494708368459,0.5242785578165475
M2,2028,5102,35,679,0.4992636229749632,0.48458184959414174,0.7118705881756782,0.4282158394808495
M2,2028,5102,36,679,0.5817378497790869,0.552026692467869,0.6369211454279117,0.5860877244174096
M2,2028,5102,37,679,0.540500736377025,0.5045687142860773,0.7088393720418259,0.47275126623617086
M2,2028,5102,38,679,0.524300441826215,0.48886232429648047,0.7424018779366287,0.4019611432368909
M2,2028,5102,39,679,0.5625920471281296,0.5341802380486657,0.65095559017121,0.5531161076003415
M2,2028,5102,40,679,0.5331369661266568,0.5018250533598293,0.6926669621941618,0.4547141267065253
M2,2028,5102,41,679,0.48306332842415317,0.46124106514598623,0.7145592664452118,0.39295661194228826
M2,2028,5102,42,679,0.5743740795287187,0.5524239198464614,0.6233539020365573,0.5901788404041644
M2,2028,5102,43,679,0.5095729013254786,0.49192621686369953,0.673291041678989,0.5021141123971629
M2,2028,5102,44,679,0.4565537555228277,0.44012942019397683,0.7209791710520703,0.398795220759226
M2,2028,5102,45,679,0.6273932253313697,0.6014577489365563,0.6184977611666751,0.6118955488409996
M2,2028,5102,46,679,0.605301914580265,0.5811399229185494,0.6229292228488753,0.6100954087374684
M2,2028,5102,47,679,0.6082474226804123,0.5858628073880703,0.6284970983928714,0.6060053641044272
M2,2028,5102,48,679,0.6111929307805597,0.5847157399774777,0.6164827537290829,0.6094217862718052
M2,2028,5102,49,679,0.6111929307805597,0.5818752762772639,0.6206835719025714,0.6109558839986903
M2,2028,5102,50,679,0.6170839469808542,0.5907559155468516,0.6189925434926473,0.6159374573994321
M2,2028,5102,51,679,0.6156111929307806,0.590814230061083,0.6169935617601398,0.610530805142225
M2,2028,5102,52,679,0.6082474226804123,0.5840770987716795,0.6165932588531623,0.6244823551863554
M2,2028,5102,53,679,0.6126656848306333,0.588765088737508,0.6224321952536812,0.616326244442028
M2,2028,5102,54,679,0.5670103092783505,0.5364767659329593,0.6516713511434676,0.5565606062656038
M2,2028,5102,55,679,0.5390279823269514,0.5041241385257053,0.7123574361709853,0.46304936275920017
M2,2028,5102,56,679,0.5139911634756995,0.4805044930981076,0.7596329481331343,0.40518651599222943
M2,2028,5102,57,679,0.5684830633284241,0.5355577432097037,0.6321566437586418,0.5772212202927998
M2,2028,5102,58,679,0.5301914580265096,0.4984645704651057,0.6861157841728082,0.4897757001564583
M2,2028,5102,59,679,0.4653902798232695,0.4442180375371266,0.7511498636850026,0.31883442776136767
M2,2028,5102,60,679,0.5493372606774669,0.5302893862708032,0.6424390394487507,0.5697671546749629
M2,2028,5102,61,679,0.5051546391752577,0.48753864918534284,0.6831586180537369,0.5028166273699182
M2,2028,5102,62,679,0.4742268041237113,0.45805638296073825,0.7130441732803395,0.39771435421476203
M2,2028,5103,0,679,0.5758468335787923,0.5451128792168243,0.649725106705271,0.5626312976374416
M2,2028,5103,1,679,0.540500736377025,0.5081798287589725,0.7027726254161223,0.4899633429240184
M2,2028,5103,2,679,0.5095729013254786,0.4701396294932828,0.7562053914624918,0.4053568036856175
M2,2028,5103,3,679,0.572901325478645,0.5439405902471156,0.6568447563890505,0.5406431544281955
M2,2028,5103,4,679,0.5522827687776142,0.5202309896309596,0.6856378895808038,0.5031876709630042
M2,2028,5103,5,679,0.48306332842415317,0.4573091395403712,0.7393346418556654,0.3500543310011246
M2,2028,5103,6,679,0.5493372606774669,0.523586686838443,0.6391760865349833,0.5670452758521315
M2,2028,5103,7,679,0.5198821796759941,0.5048323035238719,0.6793277598533434,0.4965985808346788
M2,2028,5103,8,679,0.4845360824742268,0.4616618772643901,0.7317785410888065,0.38320741810573844
M2,2028,5103,9,679,0.614138438880707,0.5875179933865219,0.6187685394058874,0.6129795983424754
M2,2028,5103,10,679,0.6067746686303387,0.5810098234479049,0.6268233982997018,0.6086554317181847
M2,2028,5103,11,679,0.6170839469808542,0.5893534264650307,0.6250915554556474,0.6180266310847458
M2,2028,5103,12,679,0.6156111929307806,0.5865292547379302,0.6187522282744367,0.614229288393516
M2,2028,5103,13,679,0.6156111929307806,0.5869308045843618,0.6228577406838295,0.614753286345889
M2,2028,5103,14,679,0.6111929307805597,0.5804869456145023,0.6277462582437209,0.6203880854340308
M2,2028,5103,15,679,0.614138438880707,0.5890537799724651,0.6194693978563148,0.6095291067787995
M2,2028,5103,16,679,0.6156111929307806,0.589370001818784,0.6194189664453751,0.6179865505918328
M2,2028,5103,17,679,0.6097201767304861,0.5819153235392003,0.6237638982915387,0.6202785320161236
M2,2028,5103,18,679,0.6170839469808542,0.5902153593779762,0.6180113442955383,0.6064505972952385
M2,2028,5103,19,679,0.6111929307805597,0.5858954824460106,0.6194662780491347,0.6016677492990214
M2,2028,5103,20,679,0.593519882179676,0.5711215134222867,0.6233175248566011,0.5935909969703507
M2,2028,5103,21,679,0.6170839469808542,0.589534387152456,0.6174340375832149,0.607123628509499
M2,2028,5103,22,679,0.5994108983799705,0.5716304352765429,0.6241129546348055,0.595283514716054
M2,2028,5103,23,679,0.5979381443298969,0.5715220199839736,0.6246561407603993,0.5939428490243912
M2,2028,5103,24,679,0.6185567010309279,0.5914283265463953,0.6165370635238417,0.6074312995006673
M2,2028,5103,25,679,0.6156111929307806,0.5879265551293587,0.6167555666461433,0.6050313707560556
M2,2028,5103,26,679,0.6156111929307806,0.5927469621629783,0.6166060357539749,0.6070514703694415
M2,2028,5103,27,679,0.5640648011782032,0.5358496201547278,0.6496801949565646,0.5666053947716335
M2,2028,5103,28,679,0.5449189985272459,0.5069002737677437,0.7024515952821684,0.4987434573270712
M2,2028,5103,29,679,0.5213549337260678,0.4763622011477777,0.7639424723623779,0.42823800491951153
M2,2028,5103,30,679,0.5670103092783505,0.532020100967404,0.6443756190684126,0.5661942570852703
M2,2028,5103,31,679,0.561119293078056,0.5292130739931831,0.6757770023570672,0.5205711795727581
M2,2028,5103,32,679,0.5125184094256259,0.49199802526374536,0.7162545039613398,0.42249019585937597
M2,2028,5103,33,679,0.5743740795287187,0.5542654514667065,0.6378427693436528,0.5646116662859642
M2,2028,5103,34,679,0.49779086892488955,0.48248423082434655,0.6827798020945031,0.4889444429136988
M2,2028,5103,35,679,0.45508100147275404,0.43975540616953535,0.7398879038874987,0.38114339370804357
M2,2028,5103,36,679,0.5714285714285714,0.5415803783910071,0.6418732941501797,0.5611459366817655
M2,2028,5103,37,679,0.5360824742268041,0.5022409051635603,0.6924602795331924,0.4870346168393974
M2,2028,5103,38,679,0.5213549337260678,0.485572049178953,0.7546937991048872,0.3859506516882646
M2,2028,5103,39,679,0.5625920471281296,0.5240454913605849,0.6401180582387107,0.5758202764397772
M2,2028,5103,40,679,0.540500736377025,0.5033681092152384,0.6809063737276552,0.48580371254621996
M2,2028,5103,41,679,0.48600883652430044,0.4616273308496346,0.7239556903559962,0.3875935502393677
M2,2028,5103,42,679,0.5758468335787923,0.5526973679329538,0.6342576951534653,0.5747825386376819
M2,2028,5103,43,679,0.5228276877761414,0.5029847781839221,0.677817039356316,0.4912981509698506
M2,2028,5103,44,679,0.4639175257731959,0.44360747532104505,0.7321810091410891,0.37720609610475797
M2,2028,5103,45,679,0.6097201767304861,0.5836503744413215,0.6191164563699394,0.6147828358984883
M2,2028,5103,46,679,0.6126656848306333,0.5901443238904539,0.6212668335490444,0.6068718950245039
M2,2028,5103,47,679,0.6067746686303387,0.5857435301450037,0.6280570608263338,0.6069883695721687
M2,2028,5103,48,679,0.6170839469808542,0.5886773124743263,0.6168572245184908,0.6093925310198809
M2,2028,5103,49,679,0.6156111929307806,0.5881884088428925,0.6193213317548755,0.6071523676331289
M2,2028,5103,50,679,0.6170839469808542,0.5898335881956164,0.6256354263323923,0.6127340239627738
M2,2028,5103,51,679,0.6170839469808542,0.5909768493940186,0.6182645715125706,0.6112367800951293
M2,2028,5103,52,679,0.6111929307805597,0.585591746613056,0.6148723739587506,0.6227482482305806
M2,2028,5103,53,679,0.6200294550810015,0.5966072477062903,0.6186580833524948,0.6200485950443737
M2,2028,5103,54,679,0.5655375552282769,0.535583776547632,0.635590520716205,0.586442595509551
M2,2028,5103,55,679,0.5272459499263623,0.501265383656835,0.7013161272820035,0.47444154959439666
M2,2028,5103,56,679,0.5257731958762887,0.4928198046135748,0.7441185229349557,0.41749282260023535
M2,2028,5103,57,679,0.5640648011782032,0.5279106258547068,0.6411972478887996,0.5749467983834599
M2,2028,5103,58,679,0.540500736377025,0.5116304844106702,0.6801006250379714,0.4751021672024125
M2,2028,5103,59,679,0.48306332842415317,0.4610775137487263,0.7326463044172534,0.38166004712263696
M2,2028,5103,60,679,0.572901325478645,0.5514157389886934,0.6299639280133816,0.5662775450036037
M2,2028,5103,61,679,0.5095729013254786,0.49108861766916345,0.6813957621844071,0.4820111341064784
M2,2028,5103,62,679,0.45949926362297494,0.43919841980471575,0.7109100085646134,0.4174064272475315
M2,2028,5104,0,679,0.561119293078056,0.526989798037253,0.65336382165222,0.549145136565693
M2,2028,5104,1,679,0.5463917525773195,0.5152532432976776,0.701652025658533,0.48192746406847153
M2,2028,5104,2,679,0.5184094256259205,0.4783182732913155,0.7504115272999161,0.4168597490328183
M2,2028,5104,3,679,0.5625920471281296,0.525884882734026,0.6669741990991124,0.5162909136781718
M2,2028,5104,4,679,0.5449189985272459,0.5105127016011131,0.6960578093384784,0.486329859567364
M2,2028,5104,5,679,0.508100147275405,0.4859572723650393,0.7302576955490154,0.37534418511284484
M2,2028,5104,6,679,0.5787923416789397,0.557594519663809,0.6431042191645182,0.5489878453648872
M2,2028,5104,7,679,0.5184094256259205,0.505248226429602,0.6789258394571397,0.48971150612629316
M2,2028,5104,8,679,0.49042709867452133,0.4676275306693203,0.7347901695475136,0.3672466564732149
M2,2028,5104,9,679,0.6244477172312224,0.5968904294552709,0.6183258474575403,0.6129240350610543
M2,2028,5104,10,679,0.5979381443298969,0.5687370319563737,0.6303737416797605,0.6086402928791517
M2,2028,5104,11,679,0.6156111929307806,0.5876465912831791,0.6253626036714208,0.6188751621505518
M2,2028,5104,12,679,0.6156111929307806,0.5875203752784103,0.6136650352221701,0.6171956028548942
M2,2028,5104,13,679,0.6170839469808542,0.5897661803874479,0.6253357422983875,0.6092410633685453
M2,2028,5104,14,679,0.6023564064801178,0.5691365135257305,0.6298388548206335,0.6164905233991983
M2,2028,5104,15,679,0.6097201767304861,0.5822309974041115,0.6227148754607245,0.6109090573110036
M2,2028,5104,16,679,0.6126656848306333,0.5865442185526613,0.6147727723588648,0.6224043945020469
M2,2028,5104,17,679,0.6097201767304861,0.5799108402460358,0.6252475066195532,0.6206381182687837
M2,2028,5104,18,679,0.6200294550810015,0.5937666758756747,0.6164681776282713,0.6065883919807412
M2,2028,5104,19,679,0.6111929307805597,0.5840519122518493,0.6203962752323965,0.6026142648322558
M2,2028,5104,20,679,0.5891016200294551,0.5670289855072463,0.6244599146765708,0.5925059906162913
M2,2028,5104,21,679,0.6185567010309279,0.5922633044505756,0.617903780120813,0.6055045225187407
M2,2028,5104,22,679,0.614138438880707,0.5881193730574945,0.6158701097578996,0.605389640890831
M2,2028,5104,23,679,0.5964653902798233,0.5703147058308472,0.6278899635938552,0.5908697790003047
M2,2028,5104,24,679,0.6215022091310751,0.5949473655648251,0.6148911409946886,0.608206912447425
M2,2028,5104,25,679,0.6111929307805597,0.5850739343747517,0.6163699559768626,0.6068829491463884
M2,2028,5104,26,679,0.614138438880707,0.5906159211456711,0.6184226487803003,0.6025185503376393
M2,2028,5104,27,679,0.5817378497790869,0.5510000642353583,0.6375150274106786,0.5746439526812921
M2,2028,5104,28,679,0.5493372606774669,0.5192907020358001,0.7069225909081405,0.4972837878480528
M2,2028,5104,29,679,0.5272459499263623,0.48020474999614016,0.7594261512226138,0.4322083735195218
M2,2028,5104,30,679,0.5522827687776142,0.5134677666945904,0.6587120602689189,0.549915405018665
M2,2028,5104,31,679,0.5596465390279823,0.5251334019370811,0.7041287950194812,0.48760106618993987
M2,2028,5104,32,679,0.5110456553755522,0.4916457282348178,0.7072241297307176,0.46576656172255854
M2,2028,5104,33,679,0.5625920471281296,0.5414672244957615,0.6309331855647519,0.5770690086522228
M2,2028,5104,34,679,0.5139911634756995,0.5003180193710822,0.6895631675516558,0.49328000406236855
M2,2028,5104,35,679,0.47717231222385864,0.4626367693686141,0.7198644872749326,0.42295895642963316
M2,2028,5104,36,679,0.5743740795287187,0.5433550627327165,0.6440808360460756,0.5625568531937359
M2,2028,5104,37,679,0.5434462444771723,0.5101323096514324,0.7111526284811247,0.45951139363892207
M2,2028,5104,38,679,0.5331369661266568,0.49540315435052273,0.7457800052829624,0.3975801013364168
M2,2028,5104,39,679,0.5699558173784978,0.5332707427888888,0.6580767871617218,0.552414843653175
M2,2028,5104,40,679,0.5139911634756995,0.47288535123059616,0.6882443931913867,0.5000854050755581
M2,2028,5104,41,679,0.4948453608247423,0.4736913204998311,0.7277446394026367,0.3589140223671278
M2,2028,5104,42,679,0.5743740795287187,0.5508100748754307,0.6286745687647667,0.5816921736189475
M2,2028,5104,43,679,0.524300441826215,0.5103558840560466,0.6735493377926424,0.5004290127117412
M2,2028,5104,44,679,0.46244477172312226,0.4441229459820458,0.7302118870752022,0.3643236773644219
M2,2028,5104,45,679,0.6200294550810015,0.5959638913296103,0.6177996919327176,0.6136985985068113
M2,2028,5104,46,679,0.6008836524300442,0.5789772035296332,0.6261587728017911,0.6004358428644765
M2,2028,5104,47,679,0.6111929307805597,0.5893675450519754,0.6253089284159473,0.6098064549760244
M2,2028,5104,48,679,0.6185567010309279,0.592055451865419,0.6143094227047136,0.6113903020411809
M2,2028,5104,49,679,0.6185567010309279,0.5895681409115312,0.6209262655567878,0.6056297382217384
M2,2028,5104,50,679,0.6185567010309279,0.5932569393059857,0.6169789179347577,0.6201499153404318
M2,2028,5104,51,679,0.6156111929307806,0.5869330597489508,0.6194160183855992,0.6119420729955266
M2,2028,5104,52,679,0.6170839469808542,0.592521393556133,0.6143250141912778,0.6233392246454571
M2,2028,5104,53,679,0.6170839469808542,0.5930472483146041,0.6204791190610192,0.619320284377879
M2,2028,5104,54,679,0.5891016200294551,0.5534601467669049,0.6511978837983773,0.549667124513967
M2,2028,5104,55,679,0.5198821796759941,0.4879342211473241,0.7043464004291174,0.4995329578518163
M2,2028,5104,56,679,0.5301914580265096,0.48804478133543594,0.7454147090221891,0.43100037320384194
M2,2028,5104,57,679,0.5758468335787923,0.536324130245934,0.6495755162523491,0.5412880985441335
M2,2028,5104,58,679,0.5463917525773195,0.5063777806703589,0.6801754534683452,0.48872530044677587
M2,2028,5104,59,679,0.4742268041237113,0.45318164071093336,0.7269701764799533,0.40285953248516687
M2,2028,5104,60,679,0.5581737849779087,0.5375237849742326,0.6438442148235304,0.5612423363040785
M2,2028,5104,61,679,0.5257731958762887,0.5170048206185078,0.663119977765301,0.5197114617250042
M2,2028,5104,62,679,0.47128129602356406,0.4539973212817119,0.7204824368714935,0.399780250753046
M2,2028,5105,0,679,0.5743740795287187,0.5462478971461007,0.6490884950831642,0.5562429310759949
M2,2028,5105,1,679,0.5228276877761414,0.48894925132368056,0.7172860942989456,0.44823312348306243
M2,2028,5105,2,679,0.5198821796759941,0.4823824712183491,0.7458320522299571,0.4214237475193103
M2,2028,5105,3,679,0.5581737849779087,0.5226604564505181,0.6565189589808019,0.5384658869457869
M2,2028,5105,4,679,0.5655375552282769,0.5342034790879652,0.6732921741233483,0.49721765631991977
M2,2028,5105,5,679,0.48159057437407954,0.4662749706959844,0.7438942461064708,0.34792936443582806
M2,2028,5105,6,679,0.5552282768777614,0.53685852512815,0.6351961737967732,0.5615441154804746
M2,2028,5105,7,679,0.5257731958762887,0.5073338044843922,0.6832048501023839,0.480767106452336
M2,2028,5105,8,679,0.49779086892488955,0.47653492647612306,0.7286454472740198,0.4045939797064401
M2,2028,5105,9,679,0.6170839469808542,0.5907226254495715,0.6219619070131754,0.6074485188698167
M2,2028,5105,10,679,0.6023564064801178,0.5725625425289197,0.627194934811262,0.6102761708270797
M2,2028,5105,11,679,0.6215022091310751,0.5926913200109768,0.6253814206997671,0.6199564199711075
M2,2028,5105,12,679,0.6185567010309279,0.5919671583837653,0.6248641974444944,0.6056722184012907
M2,2028,5105,13,679,0.6200294550810015,0.5943585158760978,0.6232397730554151,0.6138962887361692
M2,2028,5105,14,679,0.6111929307805597,0.5806843639711524,0.6247161192290035,0.6228330052123388
M2,2028,5105,15,679,0.6097201767304861,0.5841793146271104,0.6204819255268451,0.6099311815490814
M2,2028,5105,16,679,0.605301914580265,0.5777317414612043,0.6220072632071196,0.6200341357155951
M2,2028,5105,17,679,0.6008836524300442,0.5724559382596167,0.6258798527348902,0.6198133891930724
M2,2028,5105,18,679,0.6156111929307806,0.5900987186434161,0.6172741166534058,0.6071556521193502
M2,2028,5105,19,679,0.6111929307805597,0.5850864092169832,0.6196287685185012,0.6054484495888337
M2,2028,5105,20,679,0.5964653902798233,0.5753042208086792,0.6224204023123139,0.5947489099083366
M2,2028,5105,21,679,0.6156111929307806,0.5886997827916332,0.618935261805033,0.6034137149194179
M2,2028,5105,22,679,0.6082474226804123,0.581189522127065,0.6219047847833479,0.6004898088968096
M2,2028,5105,23,679,0.5964653902798233,0.5703538493496171,0.6289762330511708,0.5902273642435486
M2,2028,5105,24,679,0.6170839469808542,0.5910391917028174,0.6171307918863901,0.606006119333548
M2,2028,5105,25,679,0.614138438880707,0.5861232214835689,0.6157403243307864,0.6082908435082922
M2,2028,5105,26,679,0.6156111929307806,0.591821216771749,0.6165734191530758,0.6063533235794714
M2,2028,5105,27,679,0.5846833578792342,0.5561311922280825,0.637187447349523,0.5833187259890109
M2,2028,5105,28,679,0.5169366715758469,0.47964426526699766,0.7155768164654368,0.4884191588326102
M2,2028,5105,29,679,0.5228276877761414,0.4782176690459712,0.7566311982445232,0.4346247335298703
M2,2028,5105,30,679,0.5684830633284241,0.5339173037005877,0.65102310779344,0.5578891651082529
M2,2028,5105,31,679,0.5463917525773195,0.5081251244134557,0.6886777247745264,0.49074322438897094
M2,2028,5105,32,679,0.48748159057437407,0.47022282988505537,0.7241190752900577,0.4328626041659794
M2,2028,5105,33,679,0.572901325478645,0.5506032558550601,0.6407902760428428,0.5633792584501001
M2,2028,5105,34,679,0.4992636229749632,0.4804804554839167,0.6812545005369257,0.5038578693664172
M2,2028,5105,35,679,0.4727540500736377,0.4580952603055778,0.720357112180502,0.4219896851911836
M2,2028,5105,36,679,0.5670103092783505,0.5303117037752945,0.6514264121761378,0.5555879562826542
M2,2028,5105,37,679,0.540500736377025,0.507120823770022,0.6998608159738016,0.48487785528681226
M2,2028,5105,38,679,0.5272459499263623,0.48976259286783497,0.7445736814932198,0.4014640911366382
M2,2028,5105,39,679,0.5773195876288659,0.5444715092686144,0.6411209124440824,0.5581235997451408
M2,2028,5105,40,679,0.5552282768777614,0.5262606068787034,0.66831054372798,0.5137576946184267
M2,2028,5105,41,679,0.49189985272459497,0.46588458661581594,0.7282302350420313,0.37320158165761513
M2,2028,5105,42,679,0.5640648011782032,0.545003515631699,0.6318805673994969,0.5821903821755773
M2,2028,5105,43,679,0.5198821796759941,0.5026869971145276,0.6726284788397521,0.490294925485396
M2,2028,5105,44,679,0.48306332842415317,0.46486102598337187,0.7248896307947007,0.37350091516625467
M2,2028,5105,45,679,0.6156111929307806,0.5917978862127129,0.6197543951829508,0.611553114075335
M2,2028,5105,46,679,0.614138438880707,0.5944582645101524,0.614463568567703,0.6130140573472289
M2,2028,5105,47,679,0.6126656848306333,0.5913961293770612,0.6264961168323595,0.6085867804666357
M2,2028,5105,48,679,0.6067746686303387,0.5783917295426088,0.6229183781831711,0.6040289235262442
M2,2028,5105,49,679,0.6126656848306333,0.5822224919042175,0.6181495438531502,0.6204065399827776
M2,2028,5105,50,679,0.6038291605301914,0.5761173894730149,0.6233124749211043,0.6173232468569962
M2,2028,5105,51,679,0.6185567010309279,0.5933407041712632,0.6109055176223677,0.6159112746864693
M2,2028,5105,52,679,0.6185567010309279,0.5935991294940555,0.6189227196798057,0.6166136177111786
M2,2028,5105,53,679,0.6156111929307806,0.5918880460642609,0.6151697351672688,0.6224818911112434
M2,2028,5105,54,679,0.561119293078056,0.527888047352369,0.6589139512519246,0.5536688936049837
M2,2028,5105,55,679,0.5434462444771723,0.5150009473847792,0.7074590489509706,0.4800294513366758
M2,2028,5105,56,679,0.5287187039764359,0.4987625201614724,0.7473489770745319,0.4057887925718413
M2,2028,5105,57,679,0.5596465390279823,0.5273688485966893,0.6516398544339614,0.5501432179609012
M2,2028,5105,58,679,0.5478645066273933,0.5112650046168051,0.6790108265950507,0.4965404867620052
M2,2028,5105,59,679,0.47569955817378495,0.45158392023881977,0.7305429682947574,0.3729648172687365
M2,2028,5105,60,679,0.572901325478645,0.5510724313884438,0.6393585518024456,0.5632002717774238
M2,2028,5105,61,679,0.5125184094256259,0.4941980279523073,0.6699043101958919,0.5249245500684822
M2,2028,5105,62,679,0.46244477172312226,0.4388928415689335,0.7094628650898084,0.4242326846714849
M2,2029,5101,0,679,0.5581737849779087,0.5527883187592807,0.6226964059652039,0.5754357126564289
M2,2029,5101,1,679,0.5051546391752577,0.49821096682408084,0.6751176478541476,0.5098840719359232
M2,2029,5101,2,679,0.47717231222385864,0.4696520433303697,0.7312479617625519,0.41925333315860175
M2,2029,5101,3,679,0.5419734904270986,0.5389363402145798,0.6407329861255738,0.5361719093741305
M2,2029,5101,4,679,0.5125184094256259,0.5098517003278908,0.6790055145615155,0.46691872701233467
M2,2029,5101,5,679,0.43888070692194403,0.4372028162616398,0.7199940188336618,0.39190891501278924
M2,2029,5101,6,679,0.5198821796759941,0.5172271637699914,0.6392709533183318,0.5548551936662743
M2,2029,5101,7,679,0.4889543446244477,0.486982008232364,0.672947138745409,0.48381726253257984
M2,2029,5101,8,679,0.4418262150220913,0.43955608874069446,0.721489991175233,0.3942667999046814
M2,2029,5101,9,679,0.605301914580265,0.5970430500222096,0.593082738642489,0.624790960803547
M2,2029,5101,10,679,0.6111929307805597,0.6012687593125188,0.5978283556027335,0.620785938486131
M2,2029,5101,11,679,0.5994108983799705,0.5881057913583035,0.6042261213634783,0.6213321302908844
M2,2029,5101,12,679,0.6067746686303387,0.5977561321826322,0.5956770424814744,0.6235265930550158
M2,2029,5101,13,679,0.6023564064801178,0.5914955652660571,0.598239331164662,0.6259847124097513
M2,2029,5101,14,679,0.6008836524300442,0.5914164912669398,0.5958109244770083,0.6330880154250424
M2,2029,5101,15,679,0.605301914580265,0.5980469624537421,0.5922594989522392,0.628752586324025
M2,2029,5101,16,679,0.6126656848306333,0.6044402042659882,0.5958852246952338,0.628128742145207
M2,2029,5101,17,679,0.6185567010309279,0.6088636176292399,0.5952670329712627,0.6283477698422951
M2,2029,5101,18,679,0.6038291605301914,0.5954811137621112,0.5941983699271887,0.6243168168376199
M2,2029,5101,19,679,0.5979381443298969,0.5895844279020399,0.6005176434372943,0.6174343230927365
M2,2029,5101,20,679,0.5891016200294551,0.5820663065200962,0.6020448274131376,0.6133723894029692
M2,2029,5101,21,679,0.6008836524300442,0.5930503118308958,0.5962857999050214,0.6218455743941965
M2,2029,5101,22,679,0.6038291605301914,0.5940527166367545,0.5975202685866686,0.6207494286993026
M2,2029,5101,23,679,0.5787923416789397,0.5671716705635345,0.6048582859875,0.6142464976238103
M2,2029,5101,24,679,0.6038291605301914,0.596846960305466,0.5954352727431437,0.6224720848338386
M2,2029,5101,25,679,0.5949926362297496,0.5880357973853909,0.5985213111707494,0.620107211648878
M2,2029,5101,26,679,0.5979381443298969,0.5900600081706568,0.5992805359992082,0.6183434590883716
M2,2029,5101,27,679,0.5581737849779087,0.553169726531891,0.6175368818864555,0.5918899269159997
M2,2029,5101,28,679,0.5110456553755522,0.5015869873465724,0.6830591630294853,0.48148441470334985
M2,2029,5101,29,679,0.508100147275405,0.49764651048136,0.7217260235056435,0.43531719094917565
M2,2029,5101,30,679,0.5670103092783505,0.5613945961949859,0.6130297834242918,0.5815325333111248
M2,2029,5101,31,679,0.5184094256259205,0.5117816415610255,0.6688657635836608,0.49269519626163033
M2,2029,5101,32,679,0.4536082474226804,0.4493217628258568,0.7122540930190038,0.3926287104657533
M2,2029,5101,33,679,0.5552282768777614,0.5534158547720289,0.6238333450545267,0.5760395909155117
M2,2029,5101,34,679,0.4801178203240059,0.47819455309080494,0.6734126090608394,0.4850212373591032
M2,2029,5101,35,679,0.4580265095729013,0.4548408414190681,0.7114195427109813,0.41242674735435136
M2,2029,5101,36,679,0.572901325478645,0.5659883607299951,0.6212350329129088,0.5652601912800997
M2,2029,5101,37,679,0.5213549337260678,0.5158285735997971,0.6767152184634215,0.4851541206536593
M2,2029,5101,38,679,0.47717231222385864,0.47046064460312476,0.7351360528871131,0.3881810038854746
M2,2029,5101,39,679,0.5655375552282769,0.5588919415866243,0.6282647832108879,0.5387912016367781
M2,2029,5101,40,679,0.5139911634756995,0.5058447964027751,0.6699324198648751,0.45524875888449334
M2,2029,5101,41,679,0.4270986745213549,0.41696336429308567,0.7293142609857846,0.34680724621461523
M2,2029,5101,42,679,0.5375552282768777,0.5330774035083163,0.6298048883808204,0.5733366213830942
M2,2029,5101,43,679,0.4683357879234168,0.4649334096901073,0.6842092281983773,0.46873797360535063
M2,2029,5101,44,679,0.4270986745213549,0.4224340148698885,0.7302284568811551,0.35080488344977984
M2,2029,5101,45,679,0.605301914580265,0.5980590197993185,0.5932378847925582,0.6260968963768329
M2,2029,5101,46,679,0.5964653902798233,0.58811265451765,0.6018580725863686,0.6164651852319322
M2,2029,5101,47,679,0.5994108983799705,0.5931553959963424,0.6041387800176645,0.6146617199184445
M2,2029,5101,48,679,0.5994108983799705,0.5895884712012495,0.5973019254488516,0.6204371631245373
M2,2029,5101,49,679,0.5920471281296024,0.5811040099923809,0.600605752489177,0.6276791787154367
M2,2029,5101,50,679,0.5817378497790869,0.571007260443232,0.603404927192275,0.6211769556907241
M2,2029,5101,51,679,0.6067746686303387,0.59854186118892,0.5940380896577427,0.6227319344165131
M2,2029,5101,52,679,0.614138438880707,0.6038255431829729,0.5960243371080756,0.6223938491126768
M2,2029,5101,53,679,0.6097201767304861,0.6002184934550167,0.595991903622477,0.6237103692880646
M2,2029,5101,54,679,0.5596465390279823,0.5542521203063273,0.6135689163682035,0.5866624828859808
M2,2029,5101,55,679,0.5272459499263623,0.519617159280438,0.6716641213783284,0.4994272947373803
M2,2029,5101,56,679,0.5110456553755522,0.5027015225978029,0.7157313386760158,0.42064275234218457
M2,2029,5101,57,679,0.5640648011782032,0.5597762636123916,0.6208523793889427,0.5494569378142551
M2,2029,5101,58,679,0.5198821796759941,0.5077930389061692,0.6687741397011789,0.44996530187154116
M2,2029,5101,59,679,0.44624447717231225,0.44238429952715663,0.7100207105783721,0.374469315438364
M2,2029,5101,60,679,0.5478645066273933,0.5482822791728641,0.6156041257643032,0.5922509345308685
M2,2029,5101,61,679,0.4992636229749632,0.49844606874687514,0.6714542685227471,0.477239783124035
M2,2029,5101,62,679,0.46097201767304863,0.4529196208030506,0.7022835234610778,0.39433717404238816
M2,2029,5102,0,679,0.5478645066273933,0.5444165130439641,0.6242797279041892,0.5657883265088389
M2,2029,5102,1,679,0.5051546391752577,0.4966225405804716,0.6842118619072947,0.47755272991736114
M2,2029,5102,2,679,0.48600883652430044,0.47838152654224864,0.7297100970557231,0.42013038063610486
M2,2029,5102,3,679,0.5478645066273933,0.5399711696298051,0.6315222127316451,0.5604610424079638
M2,2029,5102,4,679,0.5198821796759941,0.5151042361945446,0.6625967759403107,0.49348255258307183
M2,2029,5102,5,679,0.4374079528718704,0.43102319433740255,0.7235070021277148,0.37327862049201865
M2,2029,5102,6,679,0.5169366715758469,0.5132730518305173,0.6392357116112477,0.5522766345438002
M2,2029,5102,7,679,0.47569955817378495,0.47510560943704816,0.677825087409834,0.48160216410854756
M2,2029,5102,8,679,0.44624447717231225,0.4448564753160914,0.7194418839353174,0.41243464301098853
M2,2029,5102,9,679,0.6067746686303387,0.6001698118984444,0.5953906326827666,0.6225995570290314
M2,2029,5102,10,679,0.6008836524300442,0.5914138810220582,0.5982120795962736,0.6226417815973406
M2,2029,5102,11,679,0.6038291605301914,0.5931849740282086,0.5993349145719334,0.6242714760222184
M2,2029,5102,12,679,0.5964653902798233,0.5872847147830872,0.5935999792349005,0.6264332010106403
M2,2029,5102,13,679,0.5979381443298969,0.5884370988265789,0.5976700109919322,0.6298243297131434
M2,2029,5102,14,679,0.6082474226804123,0.5949951591919823,0.5948182627097848,0.6324969947031657
M2,2029,5102,15,679,0.605301914580265,0.5985202330272753,0.5941137272058074,0.6265617377580345
M2,2029,5102,16,679,0.6038291605301914,0.5951887511458651,0.596469443307885,0.6245160933290934
M2,2029,5102,17,679,0.6067746686303387,0.5988922122521325,0.6014087575875958,0.6238710810148068
M2,2029,5102,18,679,0.6008836524300442,0.5924457720824033,0.5972276761008644,0.6212421204116664
M2,2029,5102,19,679,0.5994108983799705,0.5906883684470502,0.5974954617743289,0.6197073946701597
M2,2029,5102,20,679,0.5905743740795287,0.5840589817601539,0.6026268042239946,0.6133089630349952
M2,2029,5102,21,679,0.6067746686303387,0.599447831540378,0.5938976351308893,0.6245194321790507
M2,2029,5102,22,679,0.5949926362297496,0.5862793314272492,0.5996900526518675,0.6167008930673603
M2,2029,5102,23,679,0.5846833578792342,0.5732821321867976,0.6030938041578863,0.6154921421716022
M2,2029,5102,24,679,0.6023564064801178,0.5951539608888547,0.5959367449223908,0.622187862678339
M2,2029,5102,25,679,0.5964653902798233,0.5898810242821108,0.5974911940290931,0.6181250358488332
M2,2029,5102,26,679,0.6023564064801178,0.5935166937323557,0.5973736674954158,0.6192071675298505
M2,2029,5102,27,679,0.5463917525773195,0.5425147800882201,0.6312617200902706,0.5684045653366264
M2,2029,5102,28,679,0.5169366715758469,0.5081829412428219,0.6746374773566607,0.49866267152241656
M2,2029,5102,29,679,0.5095729013254786,0.5007623044592096,0.7250917695012816,0.4290053243215201
M2,2029,5102,30,679,0.5684830633284241,0.562629640094491,0.6237030101059463,0.5698883156741725
M2,2029,5102,31,679,0.49779086892488955,0.48964034551940194,0.6717732927277794,0.5017867557631419
M2,2029,5102,32,679,0.4889543446244477,0.48477121826511205,0.692323297415812,0.41833801182813496
M2,2029,5102,33,679,0.5508100147275405,0.5458626866422375,0.6251420935009646,0.5775687192314666
M2,2029,5102,34,679,0.49779086892488955,0.49644637328884933,0.6669894770029191,0.501649803436652
M2,2029,5102,35,679,0.4565537555228277,0.45312704480008215,0.7126443184396479,0.41158561490456513
M2,2029,5102,36,679,0.5537555228276878,0.5499994140867427,0.6184332441423357,0.5933494678879969
M2,2029,5102,37,679,0.5007363770250368,0.4933618396919862,0.6817282089121387,0.48938155163630553
M2,2029,5102,38,679,0.47717231222385864,0.4719573488164417,0.7269169052456546,0.40269207373391036
M2,2029,5102,39,679,0.5508100147275405,0.5466924749202442,0.628543114210088,0.5520172108800293
M2,2029,5102,40,679,0.5022091310751104,0.4967558818112888,0.6767739000701413,0.4605892768622801
M2,2029,5102,41,679,0.43151693667157587,0.4239501529129709,0.7223251822551325,0.37980112396125615
M2,2029,5102,42,679,0.5537555228276878,0.5524789293053575,0.6211379632814643,0.5895772686745885
M2,2029,5102,43,679,0.46686303387334316,0.4656886413292587,0.678637167820172,0.4823168305228206
M2,2029,5102,44,679,0.4108983799705449,0.4067845371460147,0.7248096731827431,0.3676407706210102
M2,2029,5102,45,679,0.614138438880707,0.6066992653530877,0.5939635234570819,0.6213229979543257
M2,2029,5102,46,679,0.5920471281296024,0.5815448364645152,0.6002798564128566,0.6183375899107724
M2,2029,5102,47,679,0.6023564064801178,0.5929472402716445,0.5997813590233034,0.6190539625331613
M2,2029,5102,48,679,0.6023564064801178,0.5942392926101456,0.5971089495299315,0.6221664646327006
M2,2029,5102,49,679,0.6023564064801178,0.5910695297828987,0.5963206735819534,0.6275137178659279
M2,2029,5102,50,679,0.5861561119293078,0.5738044612658726,0.6016576593859733,0.6250986055697197
M2,2029,5102,51,679,0.6008836524300442,0.5924362842089851,0.5970894445463554,0.6217144500314108
M2,2029,5102,52,679,0.6111929307805597,0.600473550123199,0.5913703733498288,0.629807791536394
M2,2029,5102,53,679,0.6111929307805597,0.6006874175302069,0.6055590096471587,0.6166151530969878
M2,2029,5102,54,679,0.5522827687776142,0.5485255062760058,0.6231081411132756,0.5685946387081685
M2,2029,5102,55,679,0.5198821796759941,0.5126954348032717,0.6897609136197633,0.46331031909552867
M2,2029,5102,56,679,0.5007363770250368,0.49410849795076284,0.72784632143725,0.40128613407378216
M2,2029,5102,57,679,0.5625920471281296,0.5554932248342582,0.61305027021663,0.5815090160095407
M2,2029,5102,58,679,0.5169366715758469,0.5066240323723178,0.6676042069172122,0.4888224733291156
M2,2029,5102,59,679,0.45508100147275404,0.4427775441230644,0.7190270514964004,0.31596808477828303
M2,2029,5102,60,679,0.5552282768777614,0.5557475528721679,0.631027966496344,0.558736833045765
M2,2029,5102,61,679,0.4992636229749632,0.48869100477995353,0.6764994632118054,0.4884989658984279
M2,2029,5102,62,679,0.45508100147275404,0.4533358868980105,0.7027722614898246,0.4120913845667777
M2,2029,5103,0,679,0.5625920471281296,0.5562418621134217,0.62083872156396,0.5840203330969268
M2,2029,5103,1,679,0.5125184094256259,0.5049745790006993,0.671347326158775,0.5109290355949163
M2,2029,5103,2,679,0.48306332842415317,0.4755490662283711,0.7293799433731014,0.4201924861188664
M2,2029,5103,3,679,0.5640648011782032,0.5584727532455083,0.627358587285907,0.5566180159772882
M2,2029,5103,4,679,0.5184094256259205,0.5145327642469049,0.6670703369361487,0.4981686808880468
M2,2029,5103,5,679,0.43446244477172313,0.4315925838389906,0.7161702621887288,0.38845189029992894
M2,2029,5103,6,679,0.524300441826215,0.5202373931652192,0.6375226422112891,0.5565900381934459
M2,2029,5103,7,679,0.49337260677466865,0.49375265628057396,0.6668985418218225,0.5010361769439331
M2,2029,5103,8,679,0.43593519882179677,0.4358440462319839,0.717758360355873,0.4026246904413613
M2,2029,5103,9,679,0.6067746686303387,0.5994836233419883,0.5949724551416462,0.6201960123898663
M2,2029,5103,10,679,0.6008836524300442,0.5918811635655046,0.6018760384270299,0.6129300832000885
M2,2029,5103,11,679,0.6082474226804123,0.5964754829858743,0.5991506220139179,0.6270687020944418
M2,2029,5103,12,679,0.6082474226804123,0.5993694825904419,0.5945323023160533,0.6275148207078836
M2,2029,5103,13,679,0.5994108983799705,0.5884413728356733,0.6012405023220185,0.6234331130527019
M2,2029,5103,14,679,0.6008836524300442,0.5896378526741562,0.5982727695020554,0.6306889074835569
M2,2029,5103,15,679,0.5994108983799705,0.5916050186974916,0.5955015481483954,0.6242993368500845
M2,2029,5103,16,679,0.6111929307805597,0.6033851495011672,0.5959406140451052,0.6251908694298858
M2,2029,5103,17,679,0.6156111929307806,0.6097873110648849,0.5961566623163153,0.6276476650911206
M2,2029,5103,18,679,0.6008836524300442,0.5931737737817941,0.5960427074527178,0.6220917878262283
M2,2029,5103,19,679,0.6008836524300442,0.5924506524468838,0.5985178081469613,0.6180545550808728
M2,2029,5103,20,679,0.5905743740795287,0.5829889037767269,0.602438428660029,0.6149664884635182
M2,2029,5103,21,679,0.6082474226804123,0.6007007679459,0.5951002811209267,0.6216785936742971
M2,2029,5103,22,679,0.5994108983799705,0.5903554352790144,0.5981776982940876,0.618026846279438
M2,2029,5103,23,679,0.5861561119293078,0.5745767973255318,0.6049976016179451,0.613279882365953
M2,2029,5103,24,679,0.605301914580265,0.5969143735982351,0.5956223024623208,0.6213974653476914
M2,2029,5103,25,679,0.6008836524300442,0.5940236006499123,0.5971199705077552,0.6193601268398866
M2,2029,5103,26,679,0.5994108983799705,0.5902162076754365,0.5986424164410368,0.617090842739903
M2,2029,5103,27,679,0.5463917525773195,0.5380905557896708,0.6219292148969662,0.5821624770733825
M2,2029,5103,28,679,0.5434462444771723,0.5321480153394094,0.6617819809729291,0.5236137816281967
M2,2029,5103,29,679,0.5139911634756995,0.5026358359501379,0.7177213377954331,0.4448888095083404
M2,2029,5103,30,679,0.5817378497790869,0.5766869380099011,0.616399575864268,0.5654242622292892
M2,2029,5103,31,679,0.5272459499263623,0.520522621985389,0.6637954372413379,0.5014206974802565
M2,2029,5103,32,679,0.4653902798232695,0.4623306859948081,0.7093565085016751,0.40363458458535056
M2,2029,5103,33,679,0.5537555228276878,0.5518320317067095,0.6176891867866924,0.5755024929248804
M2,2029,5103,34,679,0.49189985272459497,0.4927145111322565,0.6749213285886838,0.48229516828556734
M2,2029,5103,35,679,0.45066273932253315,0.4471335862701654,0.7214365932700911,0.3926038103616696
M2,2029,5103,36,679,0.5419734904270986,0.5405926891105355,0.6294953450450841,0.5610711012154282
M2,2029,5103,37,679,0.5066273932253313,0.5008433240530428,0.679946674228768,0.502829800639348
M2,2029,5103,38,679,0.4639175257731959,0.45867041537173736,0.7375590377905583,0.39336375326307554
M2,2029,5103,39,679,0.5640648011782032,0.5556687875256565,0.618944811913156,0.5671684571214809
M2,2029,5103,40,679,0.5007363770250368,0.4971896427530613,0.6654645572135305,0.4823163743530846
M2,2029,5103,41,679,0.44329896907216493,0.43230577718478647,0.7232265442346438,0.3759931568087038
M2,2029,5103,42,679,0.5552282768777614,0.553792547381541,0.6352987822490869,0.5585127601972613
M2,2029,5103,43,679,0.4639175257731959,0.46125697020126577,0.6795435057780177,0.4780932145940853
M2,2029,5103,44,679,0.4167893961708395,0.41072974644403215,0.7309609683386883,0.35106254062247216
M2,2029,5103,45,679,0.6038291605301914,0.5963509604624161,0.5960195112825318,0.6226570827436209
M2,2029,5103,46,679,0.6023564064801178,0.5910824659737105,0.5994336881588415,0.6165368590756504
M2,2029,5103,47,679,0.5964653902798233,0.5895114772233416,0.6017972735224486,0.6160661078596218
M2,2029,5103,48,679,0.6082474226804123,0.5992886386277357,0.5968173834027528,0.620786575789295
M2,2029,5103,49,679,0.5920471281296024,0.5804852343557928,0.6058922785283539,0.6175020412632308
M2,2029,5103,50,679,0.5832106038291606,0.5716545184037407,0.6034580552086388,0.6180766230057461
M2,2029,5103,51,679,0.6082474226804123,0.6009144428129776,0.5961462270704391,0.622615050550185
M2,2029,5103,52,679,0.6023564064801178,0.5930602261062919,0.5951032396268774,0.6213981602483122
M2,2029,5103,53,679,0.6038291605301914,0.5947612972179446,0.600960452093116,0.6168355458602747
M2,2029,5103,54,679,0.5625920471281296,0.5599040258614647,0.6096175814675653,0.5990058249596418
M2,2029,5103,55,679,0.5331369661266568,0.5251474748996827,0.6570804823787996,0.5058085640333992
M2,2029,5103,56,679,0.4992636229749632,0.4912078848514988,0.721386717130404,0.41149248639632974
M2,2029,5103,57,679,0.5508100147275405,0.54335974000173,0.6254673400710011,0.5735045258403189
M2,2029,5103,58,679,0.540500736377025,0.5301897669151006,0.6594366201464311,0.469306204186519
M2,2029,5103,59,679,0.4536082474226804,0.43749819675636514,0.718513154733339,0.34239856549386444
M2,2029,5103,60,679,0.5419734904270986,0.5396548068582245,0.6331866005866271,0.5489043060328639
M2,2029,5103,61,679,0.48306332842415317,0.477067977067977,0.671606196504805,0.47747859542297366
M2,2029,5103,62,679,0.4565537555228277,0.45072597355939337,0.6958334483919509,0.42785123111911966
M2,2029,5104,0,679,0.5316642120765832,0.5287013726614256,0.6319775088458419,0.5579926183663634
M2,2029,5104,1,679,0.5110456553755522,0.50599802900369,0.6758129605269045,0.49232673956091366
M2,2029,5104,2,679,0.49042709867452133,0.4821486448375867,0.7221853577906323,0.42631343407934064
M2,2029,5104,3,679,0.5714285714285714,0.5657066104601904,0.6245894241359343,0.5439225714876833
M2,2029,5104,4,679,0.5095729013254786,0.5076538926051442,0.6748544055205908,0.46821962354396485
M2,2029,5104,5,679,0.4580265095729013,0.45512955239807107,0.7149267707771686,0.39260055047582276
M2,2029,5104,6,679,0.5508100147275405,0.548540457977017,0.6317899151429512,0.5591155217934739
M2,2029,5104,7,679,0.4653902798232695,0.46500941731204887,0.6869210480809739,0.4740432610461732
M2,2029,5104,8,679,0.4418262150220913,0.4385815069474287,0.7226173014589894,0.39046687955067216
M2,2029,5104,9,679,0.6008836524300442,0.5949272196339568,0.6006083863736603,0.6176318672037421
M2,2029,5104,10,679,0.605301914580265,0.5982704013802884,0.5988650583553735,0.6193390373255782
M2,2029,5104,11,679,0.6067746686303387,0.5972296718565375,0.600511364583941,0.62433745463902
M2,2029,5104,12,679,0.5994108983799705,0.5900801149273504,0.5953728591746188,0.6275249280052015
M2,2029,5104,13,679,0.5905743740795287,0.5802601711692621,0.6110362162558425,0.6117029456029827
M2,2029,5104,14,679,0.5979381443298969,0.584792199341174,0.6034157731747241,0.6190512766377713
M2,2029,5104,15,679,0.6038291605301914,0.5963940279750131,0.5930382577765497,0.626562551646893
M2,2029,5104,16,679,0.6023564064801178,0.5941551234604485,0.5983770552018606,0.6229624310051398
M2,2029,5104,17,679,0.6170839469808542,0.6091251226888378,0.5984646200431464,0.6250413516478502
M2,2029,5104,18,679,0.6038291605301914,0.5953603720442335,0.5933618509541204,0.6245934277402226
M2,2029,5104,19,679,0.5994108983799705,0.5891026969959394,0.5955380186416614,0.6235228140852562
M2,2029,5104,20,679,0.5891016200294551,0.5819551955557575,0.6041807177667239,0.6106482924735835
M2,2029,5104,21,679,0.6067746686303387,0.5983050070665994,0.5951441331095829,0.6232335410477771
M2,2029,5104,22,679,0.5891016200294551,0.580403291095115,0.602884704875314,0.6177598125394008
M2,2029,5104,23,679,0.5846833578792342,0.5739005343340287,0.6063511907088739,0.6107926886793642
M2,2029,5104,24,679,0.6082474226804123,0.6007007679459,0.594524738890433,0.623143946546629
M2,2029,5104,25,679,0.5979381443298969,0.591676476903371,0.5980935688398021,0.618649076854065
M2,2029,5104,26,679,0.6008836524300442,0.5927575913898846,0.599393107095769,0.6169815198809725
M2,2029,5104,27,679,0.5537555228276878,0.5511295976415519,0.6250650832026275,0.5713226372903094
M2,2029,5104,28,679,0.5316642120765832,0.5219945723275965,0.6687386049745009,0.5136512124991144
M2,2029,5104,29,679,0.508100147275405,0.49664953170815196,0.7237879029298215,0.43409166885227535
M2,2029,5104,30,679,0.540500736377025,0.5305507245949302,0.6379705248112532,0.5401067903102701
M2,2029,5104,31,679,0.5169366715758469,0.5085961913151419,0.6776696845384339,0.4858133499372431
M2,2029,5104,32,679,0.4698085419734904,0.46338584756406986,0.7087513959153235,0.41810783280922675
M2,2029,5104,33,679,0.5581737849779087,0.5583765036332548,0.6282495243340424,0.5744056355235964
M2,2029,5104,34,679,0.5007363770250368,0.4987712671252146,0.6740609002964837,0.4948499278264357
M2,2029,5104,35,679,0.45508100147275404,0.4535120260382629,0.7174190957653329,0.40782947700406325
M2,2029,5104,36,679,0.5567010309278351,0.5496640911686314,0.6220011386762487,0.5826020129074337
M2,2029,5104,37,679,0.5036818851251841,0.4982933132117111,0.6835968584612298,0.4731209053024674
M2,2029,5104,38,679,0.48600883652430044,0.47939236880598307,0.7283066220373047,0.40694364743285905
M2,2029,5104,39,679,0.561119293078056,0.5541880441854296,0.635627129884637,0.5535113200494818
M2,2029,5104,40,679,0.5169366715758469,0.5106528330057741,0.6656128734964686,0.50982419015374
M2,2029,5104,41,679,0.43446244477172313,0.43025104685293586,0.7234951588866988,0.3636452548531044
M2,2029,5104,42,679,0.5508100147275405,0.5493351528053362,0.6270281106935861,0.5709166116804666
M2,2029,5104,43,679,0.4845360824742268,0.48167573167573163,0.6834187190513372,0.4537280972991151
M2,2029,5104,44,679,0.4212076583210604,0.41745127735029575,0.7296849805889144,0.35603505891790876
M2,2029,5104,45,679,0.605301914580265,0.5981045710515617,0.5945188156459398,0.6231985727388791
M2,2029,5104,46,679,0.6038291605301914,0.5929159736675602,0.6022861464297473,0.6084748104294683
M2,2029,5104,47,679,0.6038291605301914,0.597651739214144,0.602350347479243,0.6171883910767859
M2,2029,5104,48,679,0.605301914580265,0.5986323826601151,0.5968345319838517,0.6224630137097539
M2,2029,5104,49,679,0.5846833578792342,0.5752477689216045,0.6081240301806375,0.61287501760785
M2,2029,5104,50,679,0.5846833578792342,0.5736194764987335,0.601373682624286,0.6241381634166874
M2,2029,5104,51,679,0.5949926362297496,0.5853060566108129,0.599575078540066,0.6198292205249402
M2,2029,5104,52,679,0.6038291605301914,0.5929751353480167,0.5995187326629313,0.6221169463242533
M2,2029,5104,53,679,0.605301914580265,0.594256164461362,0.6043357751243069,0.6154774300818847
M2,2029,5104,54,679,0.5758468335787923,0.5657665791973514,0.6229816892010123,0.570780255848066
M2,2029,5104,55,679,0.5139911634756995,0.5064996623552024,0.6668037129826679,0.4948217021889521
M2,2029,5104,56,679,0.5169366715758469,0.5078153235195383,0.7130421804969195,0.4309105146617817
M2,2029,5104,57,679,0.5670103092783505,0.5607652040976502,0.6213881534706686,0.5434198525314246
M2,2029,5104,58,679,0.5051546391752577,0.49686018892386097,0.6737432634575904,0.4732642256130836
M2,2029,5104,59,679,0.4653902798232695,0.45664729947458027,0.7043804515575626,0.38635666856135625
M2,2029,5104,60,679,0.5449189985272459,0.5403467309202253,0.6358879027073443,0.5533334396155256
M2,2029,5104,61,679,0.4889543446244477,0.4849492856576557,0.6734152184099793,0.4751009553442554
M2,2029,5104,62,679,0.4742268041237113,0.46868073283507106,0.695412537991035,0.4134230122457935
M2,2029,5105,0,679,0.5508100147275405,0.5463148486597741,0.62298716571791,0.5761302150533459
M2,2029,5105,1,679,0.508100147275405,0.49921428110597776,0.6865691165816977,0.4650362356360154
M2,2029,5105,2,679,0.48600883652430044,0.47926858598005234,0.723177270988477,0.4273683609237413
M2,2029,5105,3,679,0.5449189985272459,0.5405673079341955,0.6324882266140476,0.5492680710701937
M2,2029,5105,4,679,0.5184094256259205,0.5126223582050413,0.6664483531629214,0.4959529336765684
M2,2029,5105,5,679,0.43151693667157587,0.4294495364343556,0.7312959260327827,0.3657963558012965
M2,2029,5105,6,679,0.524300441826215,0.5239036221543216,0.6350624255605579,0.5643598484123733
M2,2029,5105,7,679,0.4801178203240059,0.47738963084351504,0.6843687782011959,0.45952975428706805
M2,2029,5105,8,679,0.4418262150220913,0.44080989369743173,0.7206208630628193,0.40255369375346123
M2,2029,5105,9,679,0.6097201767304861,0.6027894165114835,0.5928292701539305,0.6246842340695974
M2,2029,5105,10,679,0.6038291605301914,0.5954885201612011,0.6034596574675176,0.6174109772630292
M2,2029,5105,11,679,0.6008836524300442,0.5879791461162417,0.6054493718189413,0.6197836114243175
M2,2029,5105,12,679,0.6023564064801178,0.5940832410668517,0.5978056092764387,0.621564421559742
M2,2029,5105,13,679,0.5920471281296024,0.582741458165187,0.6018563267584226,0.6175630563181829
M2,2029,5105,14,679,0.5979381443298969,0.5879279456161,0.6010773505395571,0.6271219977270868
M2,2029,5105,15,679,0.605301914580265,0.59777840375858,0.5930755667728598,0.6256203791907614
M2,2029,5105,16,679,0.6111929307805597,0.603982140719407,0.5956654420920781,0.6244496321341213
M2,2029,5105,17,679,0.6111929307805597,0.6039191127479853,0.5980513418897087,0.6273330659765819
M2,2029,5105,18,679,0.6008836524300442,0.5931662989472964,0.5967873963849709,0.6220150370350348
M2,2029,5105,19,679,0.5994108983799705,0.591008313046827,0.5984003307278624,0.6202147128094855
M2,2029,5105,20,679,0.5891016200294551,0.5823990393012197,0.6012368044200105,0.6157898769802391
M2,2029,5105,21,679,0.6111929307805597,0.6028353811416381,0.5947198157633528,0.6216620498839832
M2,2029,5105,22,679,0.5949926362297496,0.5853146626584391,0.5993599920630982,0.6192506283100584
M2,2029,5105,23,679,0.5846833578792342,0.5739351641674453,0.6056023671542773,0.6127597942352593
M2,2029,5105,24,679,0.6082474226804123,0.6003014524527268,0.5937985829207963,0.6231727031203287
M2,2029,5105,25,679,0.5964653902798233,0.5894979628605705,0.5967107982716259,0.6201088357279751
M2,2029,5105,26,679,0.6067746686303387,0.5981488605503853,0.5970499972443869,0.6176224818188736
M2,2029,5105,27,679,0.5625920471281296,0.5548749695899954,0.6187045738342408,0.5873603184650318
M2,2029,5105,28,679,0.5110456553755522,0.5019957023311451,0.6748569237509954,0.4993580956783931
M2,2029,5105,29,679,0.5036818851251841,0.49327559353858397,0.7315273891711972,0.43441262679676423
M2,2029,5105,30,679,0.561119293078056,0.5523358585858587,0.6266739563975313,0.5529289490557087
M2,2029,5105,31,679,0.5154639175257731,0.5095320788464601,0.6782617659166741,0.47850213514933565
M2,2029,5105,32,679,0.4536082474226804,0.44849609733710805,0.709112070731281,0.40214741467989756
M2,2029,5105,33,679,0.5360824742268041,0.5336452249500829,0.6369929512049207,0.5538588334779572
M2,2029,5105,34,679,0.4889543446244477,0.4889699267175215,0.6751098108089725,0.49296732554923145
M2,2029,5105,35,679,0.45949926362297494,0.458704169354345,0.7108223990198439,0.4217492235398062
M2,2029,5105,36,679,0.5493372606774669,0.5413540172451108,0.6164781919108575,0.5744055167731392
M2,2029,5105,37,679,0.5051546391752577,0.4978624131453274,0.6816215435034748,0.4810689311551075
M2,2029,5105,38,679,0.4845360824742268,0.47883720749171965,0.7260722666539922,0.4029136563100222
M2,2029,5105,39,679,0.5552282768777614,0.548119590956825,0.6273895989505461,0.567466280448081
M2,2029,5105,40,679,0.5390279823269514,0.5331516284369882,0.6609515306568637,0.493785479760731
M2,2029,5105,41,679,0.4212076583210604,0.4138405217579505,0.7352822647047323,0.35005103885695277
M2,2029,5105,42,679,0.540500736377025,0.5379660351225362,0.6351573586858952,0.5645048939012799
M2,2029,5105,43,679,0.4742268041237113,0.46638444802889334,0.6815976888292492,0.452421891423451
M2,2029,5105,44,679,0.422680412371134,0.4202876320095196,0.7306077352811381,0.35385863235980014
M2,2029,5105,45,679,0.6097201767304861,0.6038810337274515,0.5912109869305971,0.6242102690580105
M2,2029,5105,46,679,0.593519882179676,0.585575914200383,0.5995813454988252,0.6162164727017178
M2,2029,5105,47,679,0.6038291605301914,0.5961701207465533,0.6026013998728964,0.6145544269113997
M2,2029,5105,48,679,0.593519882179676,0.5857390433131884,0.5985685410485527,0.622290598684464
M2,2029,5105,49,679,0.6008836524300442,0.5903480971691798,0.5966917045513204,0.6253455723033311
M2,2029,5105,50,679,0.5920471281296024,0.5802615154701777,0.5997477608330998,0.6259833092075583
M2,2029,5105,51,679,0.605301914580265,0.5974216192501097,0.5941598701108363,0.6225314424684051
M2,2029,5105,52,679,0.6111929307805597,0.6024717323083413,0.5885671660282124,0.6306591768390735
M2,2029,5105,53,679,0.6067746686303387,0.5974785138780483,0.601030268268838,0.6196660414209324
M2,2029,5105,54,679,0.5581737849779087,0.5518454860069767,0.6213840031571171,0.5779428453185608
M2,2029,5105,55,679,0.508100147275405,0.4991924496349275,0.6855457735649791,0.4776421490471535
M2,2029,5105,56,679,0.5066273932253313,0.4961614049610431,0.7199235771164101,0.4237308678002569
M2,2029,5105,57,679,0.5522827687776142,0.5440061673468312,0.6260635523188623,0.5536113777691246
M2,2029,5105,58,679,0.5198821796759941,0.5132833390398025,0.6673291465802467,0.4878624026590429
M2,2029,5105,59,679,0.45066273932253315,0.4401039789799157,0.7125776009154074,0.372031401716047
M2,2029,5105,60,679,0.5508100147275405,0.5487066366380778,0.6324044575089032,0.5548280034970173
M2,2029,5105,61,679,0.49042709867452133,0.48744767777025844,0.6762867609206286,0.48273798885247715
M2,2029,5105,62,679,0.47717231222385864,0.4704761904761904,0.6905407852689367,0.42717245532440484
M2,2030,5101,0,679,0.5625920471281296,0.5405178340906087,0.6330008255715573,0.5773185038853492
M2,2030,5101,1,679,0.5508100147275405,0.5225935338212069,0.6870956070205424,0.4991401699173506
M2,2030,5101,2,679,0.5272459499263623,0.47557839604527624,0.7460073452547127,0.4175539349420762
M2,2030,5101,3,679,0.5581737849779087,0.5256743875732554,0.653628826777784,0.5539046792377588
M2,2030,5101,4,679,0.5449189985272459,0.5104596041762971,0.6947165107209131,0.45439023631659614
M2,2030,5101,5,679,0.5007363770250368,0.4637625874614935,0.7250653223541945,0.3974237997740979
M2,2030,5101,6,679,0.572901325478645,0.5561425814421721,0.640105886864908,0.5554590783212412
M2,2030,5101,7,679,0.5301914580265096,0.5163793926638329,0.677327541741426,0.4797431744448468
M2,2030,5101,8,679,0.48748159057437407,0.46074807553819497,0.721211574960703,0.40721487015703256
M2,2030,5101,9,679,0.593519882179676,0.5760945890382242,0.6164944657784323,0.6108876322346968
M2,2030,5101,10,679,0.605301914580265,0.5944127718563809,0.6193316327366808,0.6071239132583536
M2,2030,5101,11,679,0.6038291605301914,0.5945852821121363,0.6206099241533055,0.6116587790923845
M2,2030,5101,12,679,0.605301914580265,0.5897363129540217,0.6116182479749548,0.6154121813419148
M2,2030,5101,13,679,0.6185567010309279,0.607096580408726,0.6123186930772658,0.6190472069981271
M2,2030,5101,14,679,0.6126656848306333,0.6054675753585897,0.6172156489738133,0.6212127017945961
M2,2030,5101,15,679,0.5891016200294551,0.5731427642520414,0.6180597928205892,0.6111652944058262
M2,2030,5101,16,679,0.5905743740795287,0.5824483852708665,0.6184532371554002,0.612795486081565
M2,2030,5101,17,679,0.6067746686303387,0.5997575243517884,0.6228854465291497,0.6122634185501797
M2,2030,5101,18,679,0.5979381443298969,0.5795856720709973,0.6138515499185919,0.6147648059317258
M2,2030,5101,19,679,0.5964653902798233,0.5809441023430899,0.6170003853507877,0.6111419434208748
M2,2030,5101,20,679,0.6038291605301914,0.5867917795352185,0.6156488241564718,0.6092353260448851
M2,2030,5101,21,679,0.5994108983799705,0.5807526083006954,0.6149782095548857,0.6135458022496133
M2,2030,5101,22,679,0.5949926362297496,0.5746788933229867,0.6153454555415264,0.613418794580237
M2,2030,5101,23,679,0.6008836524300442,0.5798556285530777,0.6133873928804636,0.6092106896382941
M2,2030,5101,24,679,0.6023564064801178,0.5831322130491106,0.614567387679013,0.6141722295841734
M2,2030,5101,25,679,0.5994108983799705,0.5824233574233575,0.6158076408860961,0.6139954774586397
M2,2030,5101,26,679,0.6008836524300442,0.5832838445236265,0.6152896312928164,0.6111420086686196
M2,2030,5101,27,679,0.5625920471281296,0.541939075915796,0.6345230383312931,0.5873756405036576
M2,2030,5101,28,679,0.5419734904270986,0.5219224853423498,0.6771162204521218,0.5130470024296677
M2,2030,5101,29,679,0.5228276877761414,0.48688938275635074,0.737794749756976,0.4303372543618846
M2,2030,5101,30,679,0.6008836524300442,0.5760167779950145,0.6168045102891585,0.6119598184522701
M2,2030,5101,31,679,0.5670103092783505,0.543154674189157,0.6715032788149914,0.49756767883216535
M2,2030,5101,32,679,0.508100147275405,0.4958830042163376,0.7191914161982698,0.3890983629167871
M2,2030,5101,33,679,0.5625920471281296,0.5501491536947568,0.6293081796134168,0.5835566825075766
M2,2030,5101,34,679,0.5051546391752577,0.4980631926057917,0.6732028681285602,0.492830649410172
M2,2030,5101,35,679,0.47569955817378495,0.46542356042890043,0.7121432704277699,0.40538980304540934
M2,2030,5101,36,679,0.5743740795287187,0.5515250969161131,0.6383481164173455,0.5705888314640991
M2,2030,5101,37,679,0.540500736377025,0.5079101754205297,0.7035632112635428,0.4846097604409603
M2,2030,5101,38,679,0.5213549337260678,0.4669258860553683,0.7609603912384415,0.3912055445839379
M2,2030,5101,39,679,0.5817378497790869,0.5559071437422187,0.645677867843406,0.5568360474247529
M2,2030,5101,40,679,0.5463917525773195,0.5063197993275684,0.6861825159398375,0.4641850544024468
M2,2030,5101,41,679,0.4889543446244477,0.43718509344006107,0.7299069905096722,0.3749929455371437
M2,2030,5101,42,679,0.5905743740795287,0.5753051706054317,0.6156856487004501,0.5944859922974647
M2,2030,5101,43,679,0.5375552282768777,0.5194395447197335,0.6668896497788239,0.504950692862454
M2,2030,5101,44,679,0.4786450662739323,0.44884750852374106,0.7170603486197686,0.38736967855715104
M2,2030,5101,45,679,0.5994108983799705,0.5825890642917899,0.6144888656041056,0.6131480694328366
M2,2030,5101,46,679,0.6008836524300442,0.5916327143091172,0.6193441880732468,0.6098855443622933
M2,2030,5101,47,679,0.6126656848306333,0.6061480244271621,0.6176847170308694,0.6176439118929741
M2,2030,5101,48,679,0.605301914580265,0.5895238666511415,0.6125738656529622,0.6163887160355136
M2,2030,5101,49,679,0.6200294550810015,0.6076505854368073,0.606963263168953,0.6218857272621638
M2,2030,5101,50,679,0.6156111929307806,0.6064129223996084,0.6177435440281529,0.6147565966964587
M2,2030,5101,51,679,0.6038291605301914,0.5880712188256946,0.6166045806632653,0.6108350174393886
M2,2030,5101,52,679,0.5979381443298969,0.5870515312194167,0.6229074878703161,0.6046461427912168
M2,2030,5101,53,679,0.6038291605301914,0.5975275469528343,0.6149232617095223,0.6191983636082143
M2,2030,5101,54,679,0.5714285714285714,0.5476208198997657,0.6378893693346689,0.5775259044661357
M2,2030,5101,55,679,0.5478645066273933,0.5244154837067386,0.685085913898843,0.5065950759756536
M2,2030,5101,56,679,0.5154639175257731,0.48057957409881263,0.7498098143728914,0.4072548170151086
M2,2030,5101,57,679,0.5714285714285714,0.5490845879977939,0.6290312584747446,0.5819711096121937
M2,2030,5101,58,679,0.5640648011782032,0.5350835148887082,0.6675571914493423,0.4856228633107005
M2,2030,5101,59,679,0.5213549337260678,0.5074027627720328,0.7055593168524825,0.38709340653630053
M2,2030,5101,60,679,0.5861561119293078,0.5751837666733239,0.6137553825645278,0.6113755897151588
M2,2030,5101,61,679,0.5154639175257731,0.5108374568900885,0.6642816793146119,0.49858515418298516
M2,2030,5101,62,679,0.4653902798232695,0.4565945731519807,0.7113867417658201,0.3871887688442915
M2,2030,5102,0,679,0.572901325478645,0.5497716077026421,0.6373901663674522,0.5751311559064314
M2,2030,5102,1,679,0.5537555228276878,0.5231455737479834,0.6898288857383826,0.4932418349912452
M2,2030,5102,2,679,0.5331369661266568,0.4814774613001713,0.7474202644710863,0.4252436969260407
M2,2030,5102,3,679,0.5625920471281296,0.5333260076782023,0.6344192698927095,0.5864347925430947
M2,2030,5102,4,679,0.5581737849779087,0.526657412340078,0.6754090466889086,0.4993722769893928
M2,2030,5102,5,679,0.4992636229749632,0.4554036980080429,0.7218322458955431,0.4020025368882943
M2,2030,5102,6,679,0.5861561119293078,0.5688537801761482,0.6211582213771888,0.5874593724769485
M2,2030,5102,7,679,0.5346097201767305,0.5183667139996792,0.6678319718244325,0.5057207989782225
M2,2030,5102,8,679,0.4742268041237113,0.45147349500308953,0.7206685577076208,0.4173007295916323
M2,2030,5102,9,679,0.5979381443298969,0.5831061012864917,0.6172605920390984,0.6103513329464313
M2,2030,5102,10,679,0.6082474226804123,0.5973081558858979,0.6112525977951437,0.6151965302427687
M2,2030,5102,11,679,0.614138438880707,0.6045667471808658,0.6159174297229882,0.6197532250286087
M2,2030,5102,12,679,0.5964653902798233,0.5802225006359891,0.6140519791174356,0.6160482287253152
M2,2030,5102,13,679,0.6156111929307806,0.6042497942252943,0.6099880873410797,0.62522563037221
M2,2030,5102,14,679,0.6067746686303387,0.5978747249975445,0.6235393037983876,0.6124732301119338
M2,2030,5102,15,679,0.6038291605301914,0.5886672370321921,0.6154581581150484,0.6100863550944574
M2,2030,5102,16,679,0.6067746686303387,0.5957637944353706,0.6177685027928346,0.6104417356465511
M2,2030,5102,17,679,0.6097201767304861,0.6017832525831587,0.6212390347415463,0.613774051936982
M2,2030,5102,18,679,0.605301914580265,0.5861073051606643,0.6122335298466928,0.616719543477151
M2,2030,5102,19,679,0.6023564064801178,0.5858197967828562,0.6159361329187525,0.6120656022067104
M2,2030,5102,20,679,0.6067746686303387,0.5893717034899206,0.6147018121294842,0.6114118592200481
M2,2030,5102,21,679,0.6038291605301914,0.5852949106379867,0.6138455037340325,0.6142906166633653
M2,2030,5102,22,679,0.5994108983799705,0.5817198857056396,0.6112545293060424,0.6153563063655537
M2,2030,5102,23,679,0.6008836524300442,0.5827252721574488,0.6087572006659585,0.614450133768244
M2,2030,5102,24,679,0.6023564064801178,0.5827267142962032,0.6141225231676987,0.6149545248057248
M2,2030,5102,25,679,0.5949926362297496,0.5767838745969106,0.6145867567525872,0.6144829341349087
M2,2030,5102,26,679,0.5994108983799705,0.5817196317196317,0.6141032924839955,0.6134871235473769
M2,2030,5102,27,679,0.5699558173784978,0.554216998493968,0.6351684017630845,0.5763420027096754
M2,2030,5102,28,679,0.5419734904270986,0.5211887535066623,0.6865589215758974,0.5140044106825684
M2,2030,5102,29,679,0.5287187039764359,0.4966017978520719,0.741058587610985,0.43407976527345177
M2,2030,5102,30,679,0.5758468335787923,0.5517974398176874,0.6360071360494322,0.5893984044863187
M2,2030,5102,31,679,0.5714285714285714,0.5411719460870218,0.6590335332460713,0.5248953269398514
M2,2030,5102,32,679,0.5139911634756995,0.49997376292176104,0.7010288477295101,0.4294262985970254
M2,2030,5102,33,679,0.5596465390279823,0.5484045947184799,0.6275242432315501,0.5885280359798197
M2,2030,5102,34,679,0.5301914580265096,0.5209979538958843,0.6561273787176135,0.5191671267880545
M2,2030,5102,35,679,0.48306332842415317,0.47062692265280553,0.7088051490562478,0.41681548202022445
M2,2030,5102,36,679,0.5699558173784978,0.5464897151636184,0.6302838586215945,0.5904291255836022
M2,2030,5102,37,679,0.5493372606774669,0.5070270109083683,0.7064535576131453,0.47612554511054184
M2,2030,5102,38,679,0.5198821796759941,0.46465872041807765,0.7496566424840329,0.4088966862543404
M2,2030,5102,39,679,0.5787923416789397,0.5550845175598302,0.6286927169965187,0.579886507313961
M2,2030,5102,40,679,0.5449189985272459,0.5067360123977763,0.6861276122054225,0.46992390206804646
M2,2030,5102,41,679,0.5228276877761414,0.4810053073968258,0.713685515176214,0.4021077317258939
M2,2030,5102,42,679,0.593519882179676,0.5759959554548322,0.6114100038522473,0.6141626899854638
M2,2030,5102,43,679,0.5390279823269514,0.5157791022719933,0.6742325235756227,0.4932039178071539
M2,2030,5102,44,679,0.4845360824742268,0.45318455082244535,0.7132741541811574,0.4184339548036648
M2,2030,5102,45,679,0.6008836524300442,0.5822188178994907,0.6148452505315702,0.6146995384643659
M2,2030,5102,46,679,0.6082474226804123,0.5994889714855975,0.6136354744566032,0.6126429320825655
M2,2030,5102,47,679,0.614138438880707,0.6065873989767628,0.6186146069213814,0.6167574401322828
M2,2030,5102,48,679,0.614138438880707,0.5977261673333722,0.6102149385152403,0.6159889790534598
M2,2030,5102,49,679,0.6156111929307806,0.6039077818364215,0.6136328875360152,0.6154255099045273
M2,2030,5102,50,679,0.6170839469808542,0.611006348177749,0.6114673666732827,0.618510081496304
M2,2030,5102,51,679,0.6008836524300442,0.5854852616381847,0.6171020729815662,0.6096003152236917
M2,2030,5102,52,679,0.5876288659793815,0.5785826868992799,0.6233119094670257,0.609095762836569
M2,2030,5102,53,679,0.6097201767304861,0.6021633131921416,0.6184968690721205,0.6093965123682707
M2,2030,5102,54,679,0.5846833578792342,0.568520839908565,0.6350708527048838,0.5704162576585258
M2,2030,5102,55,679,0.5596465390279823,0.5344466669446335,0.7025853646082449,0.48633938231911883
M2,2030,5102,56,679,0.508100147275405,0.4810688264289678,0.762348546107493,0.3997027963465689
M2,2030,5102,57,679,0.5920471281296024,0.5659229542925971,0.6220037535118249,0.5970152161803339
M2,2030,5102,58,679,0.5640648011782032,0.5360143469130088,0.6636537939573423,0.523816093054581
M2,2030,5102,59,679,0.5066273932253313,0.4912828984319958,0.7068023735846617,0.3625858220346704
M2,2030,5102,60,679,0.5655375552282769,0.5541922138300152,0.6404832133883405,0.5620553277242644
M2,2030,5102,61,679,0.5228276877761414,0.5124229366279381,0.6651251820164331,0.508371659859454
M2,2030,5102,62,679,0.46097201767304863,0.45140810866204284,0.7055605459897965,0.4089226596871277
M2,2030,5103,0,679,0.572901325478645,0.5482726817635933,0.64167528940757,0.5784317739752017
M2,2030,5103,1,679,0.5581737849779087,0.5257102594109995,0.6880236191233409,0.49982229357688157
M2,2030,5103,2,679,0.5257731958762887,0.4757782448454785,0.7451325391634575,0.42025735794109026
M2,2030,5103,3,679,0.5758468335787923,0.5530839735906833,0.6457827211699184,0.5591122520140711
M2,2030,5103,4,679,0.5625920471281296,0.5292618983890929,0.685444507841158,0.48383076240422307
M2,2030,5103,5,679,0.48306332842415317,0.44450140502772084,0.730843895028547,0.3716703342234551
M2,2030,5103,6,679,0.5758468335787923,0.5620941435462953,0.6366302851197997,0.5737767598884268
M2,2030,5103,7,679,0.5434462444771723,0.5374156807776642,0.6665121476235902,0.5116940296124529
M2,2030,5103,8,679,0.4742268041237113,0.44832074064486876,0.7234470697012847,0.3940390154685003
M2,2030,5103,9,679,0.5905743740795287,0.5742037470558325,0.6166399974096155,0.6100790183205371
M2,2030,5103,10,679,0.6126656848306333,0.6019452723838776,0.6167275560183096,0.614677413158626
M2,2030,5103,11,679,0.614138438880707,0.6052177746657849,0.6198783431295443,0.6156545504409882
M2,2030,5103,12,679,0.5964653902798233,0.5800901566871041,0.6144332527587621,0.6162739538479379
M2,2030,5103,13,679,0.6097201767304861,0.5989237394487292,0.6161441485643036,0.6156657513097746
M2,2030,5103,14,679,0.6067746686303387,0.5974772546616974,0.6169488540849208,0.6212568538753226
M2,2030,5103,15,679,0.593519882179676,0.5783459279025723,0.6163799625345463,0.6114160970335613
M2,2030,5103,16,679,0.6023564064801178,0.5904415306871313,0.6221008848766515,0.6053472288674238
M2,2030,5103,17,679,0.6200294550810015,0.6119381573041429,0.6152417220405697,0.6165047414011215
M2,2030,5103,18,679,0.5964653902798233,0.5779956653590639,0.6153910035193405,0.6121937845237213
M2,2030,5103,19,679,0.6038291605301914,0.587128085450388,0.6163454192727584,0.6103100399729018
M2,2030,5103,20,679,0.6038291605301914,0.5860798211221099,0.6164789343573734,0.6100983375686732
M2,2030,5103,21,679,0.5994108983799705,0.5807526083006954,0.6140282622624919,0.6141173660072423
M2,2030,5103,22,679,0.6023564064801178,0.5844662213513497,0.6118512919970921,0.6134755851128157
M2,2030,5103,23,679,0.6008836524300442,0.5816234397894092,0.6119873669870823,0.6100957186008273
M2,2030,5103,24,679,0.6038291605301914,0.5838270688074347,0.6126784215926773,0.6159485026994117
M2,2030,5103,25,679,0.5979381443298969,0.5775247563949131,0.6154525315989802,0.614337499858768
M2,2030,5103,26,679,0.5994108983799705,0.5818503227090354,0.6142752106920082,0.6126485824055334
M2,2030,5103,27,679,0.561119293078056,0.5453098551064078,0.6355473278460693,0.581905996096868
M2,2030,5103,28,679,0.5640648011782032,0.541684657901803,0.6840342114486119,0.516025217181936
M2,2030,5103,29,679,0.5301914580265096,0.495841407972485,0.7510633612811478,0.4224749708325548
M2,2030,5103,30,679,0.5994108983799705,0.5751489630940095,0.6242609629092055,0.5852717825344916
M2,2030,5103,31,679,0.5670103092783505,0.5405494014458466,0.6623562435908943,0.516168700437119
M2,2030,5103,32,679,0.5301914580265096,0.512410580813219,0.7043685519379264,0.40811887179809675
M2,2030,5103,33,679,0.5802650957290133,0.5664827354724769,0.6325245417533812,0.5771364644857777
M2,2030,5103,34,679,0.5287187039764359,0.5232597099344356,0.662501570292706,0.5023441379725736
M2,2030,5103,35,679,0.4786450662739323,0.47005952380952376,0.7067312199254802,0.4156024062768509
M2,2030,5103,36,679,0.5758468335787923,0.5511353507487371,0.6456049685098988,0.5660642060916854
M2,2030,5103,37,679,0.5684830633284241,0.5315415451750941,0.6798781844758496,0.5102399207681206
M2,2030,5103,38,679,0.5125184094256259,0.4552258564795616,0.7723281080663117,0.37741798740813143
M2,2030,5103,39,679,0.5567010309278351,0.5324625051043335,0.6428105225224207,0.5762819012675579
M2,2030,5103,40,679,0.5493372606774669,0.5131348523486686,0.6860575865356139,0.4709278010197993
M2,2030,5103,41,679,0.49779086892488955,0.455497011689473,0.7129658032675028,0.40661721045229077
M2,2030,5103,42,679,0.5920471281296024,0.5749509274662667,0.6178758648911351,0.5879072892697492
M2,2030,5103,43,679,0.5331369661266568,0.5153465714929799,0.6752734414695465,0.4991909801454431
M2,2030,5103,44,679,0.4742268041237113,0.4380267655438833,0.7169901382326201,0.40784201168051476
M2,2030,5103,45,679,0.605301914580265,0.5903006757652793,0.6143534240561136,0.6155611862706416
M2,2030,5103,46,679,0.6126656848306333,0.603620892280686,0.6121447794303978,0.6120524779767819
M2,2030,5103,47,679,0.6156111929307806,0.6082506505187868,0.6181751701854641,0.6129223805868298
M2,2030,5103,48,679,0.6156111929307806,0.5989698290875733,0.6109164062234544,0.61540138750447
M2,2030,5103,49,679,0.6244477172312224,0.6133863499158818,0.6059207265348954,0.6239505421695252
M2,2030,5103,50,679,0.625920471281296,0.6173341265168613,0.6127184779549207,0.6178741924467659
M2,2030,5103,51,679,0.5949926362297496,0.5793817177464976,0.6160384668297901,0.6142471533615764
M2,2030,5103,52,679,0.593519882179676,0.5829919344629526,0.6171704061954818,0.6107390549935063
M2,2030,5103,53,679,0.605301914580265,0.5974490721939305,0.618643965500795,0.6163526656282081
M2,2030,5103,54,679,0.5699558173784978,0.5546127579610143,0.6268452795466548,0.6001896416722928
M2,2030,5103,55,679,0.5390279823269514,0.5236797312829018,0.6848003631882885,0.5029189003930818
M2,2030,5103,56,679,0.5139911634756995,0.48268595824104576,0.7472785026142278,0.4084555173966396
M2,2030,5103,57,679,0.5743740795287187,0.5530770952899071,0.6303350086240249,0.5778590207255333
M2,2030,5103,58,679,0.5537555228276878,0.5320616047125096,0.6710141107813072,0.48029544254109335
M2,2030,5103,59,679,0.5198821796759941,0.4978690263762128,0.714227392655058,0.3651961259512106
M2,2030,5103,60,679,0.5684830633284241,0.5540423017063828,0.6391734542964309,0.5506007069176472
M2,2030,5103,61,679,0.5272459499263623,0.5220875647289507,0.6642460992919152,0.4824253795164956
M2,2030,5103,62,679,0.45949926362297494,0.4489391248183433,0.6961809347585305,0.41696720406884424
M2,2030,5104,0,679,0.5699558173784978,0.5440093949342087,0.6433235608557012,0.5805107007674203
M2,2030,5104,1,679,0.5596465390279823,0.5299071232935862,0.68701307567739,0.4923343418865437
M2,2030,5104,2,679,0.5272459499263623,0.4761171739037312,0.7346151958553008,0.4277146735322578
M2,2030,5104,3,679,0.5817378497790869,0.5539162488296773,0.6518892699822411,0.5388427945119304
M2,2030,5104,4,679,0.5493372606774669,0.5158502065004265,0.6872270456645555,0.4885468321109077
M2,2030,5104,5,679,0.4992636229749632,0.46347842720590604,0.7188848473669327,0.40590540101648376
M2,2030,5104,6,679,0.5670103092783505,0.5523242592680571,0.6426191869601936,0.5525381248224598
M2,2030,5104,7,679,0.524300441826215,0.5097232965571523,0.6803048403168287,0.4738087450230427
M2,2030,5104,8,679,0.47569955817378495,0.4491918488397362,0.7234814961239234,0.3910548250352279
M2,2030,5104,9,679,0.5949926362297496,0.5773777259142252,0.6191779201485447,0.6108424180673772
M2,2030,5104,10,679,0.5979381443298969,0.587423289425999,0.6160647325733449,0.6133894885850364
M2,2030,5104,11,679,0.6111929307805597,0.6021117847492915,0.6182132984603452,0.6170787362708726
M2,2030,5104,12,679,0.5994108983799705,0.5821757390149706,0.6135190856562096,0.6187051682096184
M2,2030,5104,13,679,0.6082474226804123,0.5974857021977441,0.6226671140130735,0.6067923792036786
M2,2030,5104,14,679,0.6170839469808542,0.6078090708884609,0.6228914604973548,0.613472141093199
M2,2030,5104,15,679,0.6023564064801178,0.5886502297786088,0.6180748851072806,0.6080086190205622
M2,2030,5104,16,679,0.605301914580265,0.5936312066542245,0.6207555192735305,0.6121512197515369
M2,2030,5104,17,679,0.6082474226804123,0.6003672115612414,0.6219463981084514,0.6119690150680853
M2,2030,5104,18,679,0.6038291605301914,0.5854194404794748,0.612909837635522,0.6138979030249382
M2,2030,5104,19,679,0.6082474226804123,0.5924605330362942,0.614470133549686,0.6116427913924309
M2,2030,5104,20,679,0.6008836524300442,0.583143747276832,0.6168963173747238,0.6088258364073674
M2,2030,5104,21,679,0.6097201767304861,0.5899076593714131,0.6120648459148688,0.6141956816589328
M2,2030,5104,22,679,0.5964653902798233,0.578455837120235,0.614051131177721,0.6139252209586278
M2,2030,5104,23,679,0.6008836524300442,0.5831848918262278,0.6092395611513346,0.6142610163996206
M2,2030,5104,24,679,0.5994108983799705,0.5794836891789801,0.6141990272215786,0.6140545203115528
M2,2030,5104,25,679,0.593519882179676,0.5753009419857288,0.6152496577099251,0.6134078654872734
M2,2030,5104,26,679,0.6008836524300442,0.5841457008540737,0.6134810403362465,0.6132220135199397
M2,2030,5104,27,679,0.5817378497790869,0.5614507044162068,0.6325360008341223,0.5836809822385007
M2,2030,5104,28,679,0.5449189985272459,0.5243567149106929,0.6996014039848268,0.49600517871555344
M2,2030,5104,29,679,0.524300441826215,0.4866091165882682,0.7530607669360507,0.41031234108011416
M2,2030,5104,30,679,0.5684830633284241,0.5415874185586786,0.6465392174618936,0.5604120076011951
M2,2030,5104,31,679,0.5743740795287187,0.547337316684583,0.6610512216856623,0.5206692592699329
M2,2030,5104,32,679,0.5184094256259205,0.5001695670514702,0.702373365370971,0.43801951767457714
M2,2030,5104,33,679,0.5817378497790869,0.5728096991765503,0.6386997847212958,0.570795326741802
M2,2030,5104,34,679,0.5331369661266568,0.5257095952622051,0.6696325523863836,0.5031183844162469
M2,2030,5104,35,679,0.46686303387334316,0.45868694116592346,0.7040892644334085,0.4184858896276851
M2,2030,5104,36,679,0.5773195876288659,0.5556576258993565,0.6279831379871481,0.5941481181065595
M2,2030,5104,37,679,0.5640648011782032,0.5290780141843971,0.7106798716734365,0.46624725264999656
M2,2030,5104,38,679,0.5228276877761414,0.46516555839888857,0.746612027133863,0.4012349970021105
M2,2030,5104,39,679,0.5876288659793815,0.5591777104690419,0.642064249502366,0.5741547646795147
M2,2030,5104,40,679,0.5567010309278351,0.5111606563122412,0.6713464624400693,0.5298509723795914
M2,2030,5104,41,679,0.508100147275405,0.46355240843534873,0.7247548272973132,0.37583208597709145
M2,2030,5104,42,679,0.5905743740795287,0.5749044516796856,0.6233785945774003,0.5832782495080322
M2,2030,5104,43,679,0.5346097201767305,0.5194335130732812,0.6745958793496875,0.4803313405653247
M2,2030,5104,44,679,0.48600883652430044,0.45436565653837696,0.7213590365885284,0.38350349711564274
M2,2030,5104,45,679,0.5905743740795287,0.5730472278351484,0.6131650823907754,0.6163937268586189
M2,2030,5104,46,679,0.614138438880707,0.6046197663875538,0.6113079027855695,0.6100147389109996
M2,2030,5104,47,679,0.6097201767304861,0.6033031298522733,0.6177560709669242,0.6173619764819732
M2,2030,5104,48,679,0.6067746686303387,0.5905267571934238,0.6103716491336149,0.6184473587479788
M2,2030,5104,49,679,0.6082474226804123,0.5956176385262547,0.6161940977833232,0.6141115568016738
M2,2030,5104,50,679,0.6185567010309279,0.6111566066079889,0.609619250485402,0.6174079604489408
M2,2030,5104,51,679,0.5964653902798233,0.5822402270782382,0.6218957083083042,0.607535146648359
M2,2030,5104,52,679,0.5920471281296024,0.5826086316795475,0.6232066589225199,0.607585540214216
M2,2030,5104,53,679,0.6111929307805597,0.6038278989107839,0.6188156759703809,0.6145125024532153
M2,2030,5104,54,679,0.5876288659793815,0.5660070188372075,0.6323972488801504,0.5773714898667592
M2,2030,5104,55,679,0.5331369661266568,0.5074886860802675,0.6863508935748917,0.5211734230507504
M2,2030,5104,56,679,0.5287187039764359,0.49438981481607575,0.7411538762793449,0.4271951871030372
M2,2030,5104,57,679,0.5773195876288659,0.5503553448738254,0.6416592629782757,0.5638706872170175
M2,2030,5104,58,679,0.5876288659793815,0.5633222591362126,0.6710041710484186,0.4950517279889129
M2,2030,5104,59,679,0.5066273932253313,0.4904860593955285,0.7040050552941212,0.4053073583850682
M2,2030,5104,60,679,0.5522827687776142,0.539812030075188,0.6447715283054667,0.5643244176364993
M2,2030,5104,61,679,0.5095729013254786,0.5037725487387033,0.6701092476653421,0.4927678122596929
M2,2030,5104,62,679,0.4845360824742268,0.47504978869704895,0.702032376327641,0.40852458680659504
M2,2030,5105,0,679,0.5758468335787923,0.5529207319688627,0.6385473876928195,0.57958556564373
M2,2030,5105,1,679,0.5449189985272459,0.5151813134387503,0.6929431685818488,0.47968314576574006
M2,2030,5105,2,679,0.5331369661266568,0.48701134857915673,0.7412486666695535,0.4263550541409766
M2,2030,5105,3,679,0.5743740795287187,0.5478547598834566,0.6440457570447486,0.562848285696525
M2,2030,5105,4,679,0.5655375552282769,0.5343427334483233,0.6816363673059157,0.4839408600148852
M2,2030,5105,5,679,0.49779086892488955,0.46858655236823765,0.7316279407365683,0.3621424537522718
M2,2030,5105,6,679,0.5758468335787923,0.5638538641114037,0.6338634613643515,0.5705593897527298
M2,2030,5105,7,679,0.5360824742268041,0.5181052471710963,0.6755188221388959,0.48502539488668617
M2,2030,5105,8,679,0.4653902798232695,0.4388459329265495,0.7261751019375313,0.40806224946595726
M2,2030,5105,9,679,0.6023564064801178,0.584368252463413,0.6171263892626025,0.611829643653253
M2,2030,5105,10,679,0.6082474226804123,0.5971138830769137,0.616002197776522,0.6107272995671664
M2,2030,5105,11,679,0.6067746686303387,0.5984166359438556,0.6237091670067918,0.612256211765835
M2,2030,5105,12,679,0.593519882179676,0.5781493008071417,0.618718728730359,0.6126301547694851
M2,2030,5105,13,679,0.6067746686303387,0.5958404750186058,0.6168309742905781,0.611872316943449
M2,2030,5105,14,679,0.6111929307805597,0.6020675830469645,0.6198187584992888,0.6179395888291253
M2,2030,5105,15,679,0.5994108983799705,0.5830063397981768,0.6160131020688168,0.6126656522641767
M2,2030,5105,16,679,0.5964653902798233,0.5873116055355856,0.6175579861881807,0.6125183151779332
M2,2030,5105,17,679,0.6023564064801178,0.5951525122647638,0.6207907739286044,0.6144285740612387
M2,2030,5105,18,679,0.5994108983799705,0.5798004666448237,0.6124539261626214,0.6149510715135591
M2,2030,5105,19,679,0.605301914580265,0.5886213986537154,0.6156108116015068,0.6110857096845913
M2,2030,5105,20,679,0.6038291605301914,0.585728716240376,0.6156702640744829,0.6113933557563023
M2,2030,5105,21,679,0.6038291605301914,0.584937702781418,0.6140466620144331,0.6134268613335973
M2,2030,5105,22,679,0.6008836524300442,0.5840508595654392,0.6135894987342635,0.6097384648180033
M2,2030,5105,23,679,0.6067746686303387,0.5892055004230681,0.6076732461556068,0.6137033289437472
M2,2030,5105,24,679,0.6023564064801178,0.583096082155267,0.6129981570154297,0.6153088527025874
M2,2030,5105,25,679,0.5994108983799705,0.5824233574233575,0.6138950147184602,0.6155207714571604
M2,2030,5105,26,679,0.6038291605301914,0.5863451770784015,0.6139356807115678,0.6137823478760188
M2,2030,5105,27,679,0.5714285714285714,0.5532791560720107,0.6342605986194864,0.5902675231102543
M2,2030,5105,28,679,0.5375552282768777,0.5146642512500721,0.6923290242678287,0.509293174013835
M2,2030,5105,29,679,0.5169366715758469,0.4770917115849037,0.7444094402800604,0.4380514897204939
M2,2030,5105,30,679,0.5802650957290133,0.5573916967105822,0.6270811625801587,0.5868418709294021
M2,2030,5105,31,679,0.5581737849779087,0.5324279893470494,0.6732355453655541,0.49391430880158427
M2,2030,5105,32,679,0.5154639175257731,0.5019286720936738,0.6920591201276597,0.4319863820232328
M2,2030,5105,33,679,0.5787923416789397,0.5604243141371814,0.6318949746277968,0.5724880810058706
M2,2030,5105,34,679,0.5301914580265096,0.5238003940273203,0.6674193118168082,0.5051536342302361
M2,2030,5105,35,679,0.4889543446244477,0.4802728249745105,0.7007731561369327,0.41058936672736507
M2,2030,5105,36,679,0.5596465390279823,0.5349611838546158,0.6326704559866915,0.5830478915001267
M2,2030,5105,37,679,0.5552282768777614,0.5223346280693951,0.693926016760329,0.4869732265849704
M2,2030,5105,38,679,0.5184094256259205,0.4584000807816001,0.7536210692947146,0.4083161475624966
M2,2030,5105,39,679,0.5743740795287187,0.5455301900128525,0.6292217890670267,0.580601065818999
M2,2030,5105,40,679,0.5758468335787923,0.5440161981042484,0.6720628110535541,0.5113863646403028
M2,2030,5105,41,679,0.49042709867452133,0.4437468200872718,0.7294458361103889,0.3944703233858176
M2,2030,5105,42,679,0.5905743740795287,0.5731577732639304,0.6278889053261157,0.5928379384291912
M2,2030,5105,43,679,0.5419734904270986,0.520582181278588,0.6727534899918777,0.48337632772134864
M2,2030,5105,44,679,0.4948453608247423,0.46565381704068,0.713695386328648,0.39843463437037563
M2,2030,5105,45,679,0.6038291605301914,0.5872507809204018,0.6117680277318772,0.6161094872194359
M2,2030,5105,46,679,0.593519882179676,0.5864777150916666,0.6182832712628529,0.6126651841634092
M2,2030,5105,47,679,0.614138438880707,0.6080242801095566,0.6162840544694653,0.6179326884036805
M2,2030,5105,48,679,0.605301914580265,0.5878562256268234,0.6089667145475548,0.6181999639286223
M2,2030,5105,49,679,0.6244477172312224,0.6143077427696898,0.6106773245536526,0.6213017474323748
M2,2030,5105,50,679,0.6170839469808542,0.6092952705061162,0.6053658563407777,0.6219581709316107
M2,2030,5105,51,679,0.5891016200294551,0.575401114341299,0.616749736802743,0.6124555125801736
M2,2030,5105,52,679,0.5846833578792342,0.5747362903151642,0.6230341327734654,0.6071461322103132
M2,2030,5105,53,679,0.6038291605301914,0.5968736243233849,0.618741200405649,0.611794014132216
M2,2030,5105,54,679,0.5670103092783505,0.5457671239607824,0.6407912310997411,0.5630986679253335
M2,2030,5105,55,679,0.5375552282768777,0.5125332184155714,0.6880059156660128,0.5056417955290424
M2,2030,5105,56,679,0.5198821796759941,0.4897831231457219,0.7631665816714381,0.3938179584319205
M2,2030,5105,57,679,0.5773195876288659,0.5508387363741378,0.638932061739628,0.564195127477119
M2,2030,5105,58,679,0.5537555228276878,0.5271984333287015,0.6726769950893736,0.4883085219049122
M2,2030,5105,59,679,0.5198821796759941,0.5010144861963172,0.7015229971401822,0.40496304741305966
M2,2030,5105,60,679,0.5655375552282769,0.5515605305348911,0.6437384070326548,0.5592996543960531
M2,2030,5105,61,679,0.5272459499263623,0.518095399057671,0.6629454698056992,0.5036081982135593
M2,2030,5105,62,679,0.47717231222385864,0.47053509475550337,0.693120948695996,0.431254769874159
M3,2026,5101,0,679,0.5522827687776142,0.5298421775642144,0.6676893780263078,0.556584767206408
M3,2026,5101,1,679,0.540500736377025,0.5202717244978949,0.6871264747649827,0.5189022962706716
M3,2026,5101,2,679,0.4963181148748159,0.46671300291511864,0.7410382743875479,0.4552574029448252
M3,2026,5101,3,679,0.5552282768777614,0.5355932794293703,0.6668946622309875,0.5536592682345864
M3,2026,5101,4,679,0.5125184094256259,0.4963394551489768,0.7133893877136163,0.4835424603632564
M3,2026,5101,5,679,0.5125184094256259,0.49014656091500763,0.7318898526312501,0.4170084182501391
M3,2026,5101,6,679,0.5449189985272459,0.5318696759641641,0.666732841765231,0.5456564419297858
M3,2026,5101,7,679,0.5169366715758469,0.5034877851551355,0.6914807147015879,0.5000731052194208
M3,2026,5101,8,679,0.5036818851251841,0.48966796102034715,0.7670640021738142,0.38749719591742476
M3,2026,5101,9,679,0.5905743740795287,0.5705022250476796,0.6350135481498027,0.5936169279088194
M3,2026,5101,10,679,0.5949926362297496,0.5751197013032159,0.6342004075404998,0.5960680196028619
M3,2026,5101,11,679,0.6008836524300442,0.5848229310915878,0.6269752604006317,0.595602582316082
M3,2026,5101,12,679,0.5787923416789397,0.5579755289537066,0.635938104061034,0.5963074104183642
M3,2026,5101,13,679,0.5817378497790869,0.5632131453026975,0.6318803221996824,0.5962132341325962
M3,2026,5101,14,679,0.5832106038291606,0.5669251275642836,0.6322412041395858,0.6007460629597355
M3,2026,5101,15,679,0.5832106038291606,0.562740724506325,0.632125393719315,0.6007288396014603
M3,2026,5101,16,679,0.593519882179676,0.5723749253374467,0.6236757891957644,0.6060829523166956
M3,2026,5101,17,679,0.6097201767304861,0.5946004446193605,0.6160904923577372,0.6106404637371297
M3,2026,5101,18,679,0.5817378497790869,0.5632170664041525,0.6365611299499321,0.5949349748795725
M3,2026,5101,19,679,0.5920471281296024,0.575729619959385,0.6324947796355993,0.5953381185520836
M3,2026,5101,20,679,0.5832106038291606,0.5686133162124997,0.6396757876047856,0.5848373750482422
M3,2026,5101,21,679,0.5846833578792342,0.5669509862263263,0.635494185038273,0.5936199983122977
M3,2026,5101,22,679,0.5861561119293078,0.5679401621238642,0.6381347329960656,0.5884501459880029
M3,2026,5101,23,679,0.5802650957290133,0.5627182751534949,0.638720016021265,0.5858177860335129
M3,2026,5101,24,679,0.5832106038291606,0.5647859200217942,0.6364171786757737,0.5935284512542366
M3,2026,5101,25,679,0.5758468335787923,0.5604874423158616,0.6411969138087159,0.5863800919434798
M3,2026,5101,26,679,0.5876288659793815,0.57371191072132,0.638835033541751,0.5785451303784346
M3,2026,5101,27,679,0.561119293078056,0.5418997361477572,0.6661604770153365,0.563165358350269
M3,2026,5101,28,679,0.5449189985272459,0.5213298132652971,0.6963020699628147,0.5089681627404673
M3,2026,5101,29,679,0.5316642120765832,0.505508388927463,0.7348819623463986,0.46184132407049916
M3,2026,5101,30,679,0.5640648011782032,0.5457387854181726,0.6544330332740944,0.5738996007206542
M3,2026,5101,31,679,0.524300441826215,0.5085221769889727,0.696726307887392,0.4972235949851964
M3,2026,5101,32,679,0.5316642120765832,0.5163411562227062,0.7399988901501025,0.41807309884661964
M3,2026,5101,33,679,0.5419734904270986,0.5285494714864425,0.6611683919959989,0.5613702131878598
M3,2026,5101,34,679,0.5257731958762887,0.5119237406524777,0.6873561476572624,0.5035749182522965
M3,2026,5101,35,679,0.5110456553755522,0.4994720478040658,0.7193325735815144,0.45390968001901466
M3,2026,5101,36,679,0.5655375552282769,0.5438406120850208,0.6661378700445256,0.5542419141635693
M3,2026,5101,37,679,0.5537555228276878,0.5272125173922134,0.6883949190158731,0.5168219126500669
M3,2026,5101,38,679,0.5139911634756995,0.4822776560121832,0.7422766937422998,0.43760895683313833
M3,2026,5101,39,679,0.5508100147275405,0.5347825901001089,0.6715393895516515,0.541455707341515
M3,2026,5101,40,679,0.5316642120765832,0.5121490922726762,0.6963404504162574,0.5057830509999441
M3,2026,5101,41,679,0.5022091310751104,0.48118428556511406,0.7495497315463683,0.41239631238272445
M3,2026,5101,42,679,0.5301914580265096,0.5131127987251161,0.6738736252458176,0.5481021881208619
M3,2026,5101,43,679,0.5169366715758469,0.5076143294947562,0.6958219252076873,0.4884657684652496
M3,2026,5101,44,679,0.48600883652430044,0.47594991715687895,0.7612805354884868,0.3814871592457679
M3,2026,5101,45,679,0.5846833578792342,0.5680596802294801,0.6335353501503176,0.5959609276676809
M3,2026,5101,46,679,0.5891016200294551,0.572715776122956,0.6335404592076528,0.5970776224555084
M3,2026,5101,47,679,0.5949926362297496,0.5827164531889457,0.6306168490112793,0.5962623459821539
M3,2026,5101,48,679,0.5846833578792342,0.565999186238243,0.6330472578970778,0.5985446657988293
M3,2026,5101,49,679,0.5905743740795287,0.5743618336072919,0.6283176870514613,0.6020232551163897
M3,2026,5101,50,679,0.5832106038291606,0.5643939666317623,0.6363470370446459,0.5960282124428241
M3,2026,5101,51,679,0.5758468335787923,0.5600360156894318,0.637835179670921,0.5922401909174257
M3,2026,5101,52,679,0.6038291605301914,0.5897677321326131,0.622400493922044,0.601805479904063
M3,2026,5101,53,679,0.6038291605301914,0.5904619284908298,0.6190916329666161,0.6042474021578789
M3,2026,5101,54,679,0.5670103092783505,0.5486595755942305,0.6579907177474257,0.5697111849589352
M3,2026,5101,55,679,0.5684830633284241,0.5462896724010674,0.6891722758142867,0.5154237819547967
M3,2026,5101,56,679,0.5346097201767305,0.5091544744109525,0.7254957497471035,0.47449309872645173
M3,2026,5101,57,679,0.5581737849779087,0.5429588162505162,0.668085310613635,0.5398220317893649
M3,2026,5101,58,679,0.5478645066273933,0.5265903501407323,0.69146627470829,0.49834133621495247
M3,2026,5101,59,679,0.5169366715758469,0.5009389904091277,0.7206534443969053,0.45711490267065014
M3,2026,5101,60,679,0.5390279823269514,0.5297191332626455,0.6583418735962728,0.5683021892599718
M3,2026,5101,61,679,0.5375552282768777,0.5258727223748599,0.664680257900474,0.5299817626146012
M3,2026,5101,62,679,0.4948453608247423,0.4854279333442124,0.7260318032420612,0.4272181360731299
M3,2026,5102,0,679,0.5375552282768777,0.5191736785708012,0.6694874583533656,0.5495416099587763
M3,2026,5102,1,679,0.5272459499263623,0.5058333468717862,0.6920040898101846,0.5166412095115248
M3,2026,5102,2,679,0.5066273932253313,0.4735068100784632,0.739388315640774,0.45075270732475914
M3,2026,5102,3,679,0.540500736377025,0.5226648490703371,0.6740370053079238,0.5472794279911477
M3,2026,5102,4,679,0.5257731958762887,0.5054605298083559,0.6997027369065207,0.511245166859478
M3,2026,5102,5,679,0.5198821796759941,0.5035971298855749,0.7289049159488552,0.4327401448203528
M3,2026,5102,6,679,0.5625920471281296,0.5466847998942572,0.6539984356847884,0.5593752352935047
M3,2026,5102,7,679,0.5301914580265096,0.5165092654844468,0.6985766839603612,0.4934274692098039
M3,2026,5102,8,679,0.5095729013254786,0.4980361916363861,0.7472753411759684,0.40417096714991113
M3,2026,5102,9,679,0.5920471281296024,0.5728803587728143,0.6336953001801852,0.597096995258126
M3,2026,5102,10,679,0.5861561119293078,0.5685750891265597,0.6371555278771756,0.5877337306776957
M3,2026,5102,11,679,0.6082474226804123,0.5920943513986545,0.6279652587443986,0.5931735935997581
M3,2026,5102,12,679,0.5758468335787923,0.5543686632252083,0.6333194125734478,0.59725608381353
M3,2026,5102,13,679,0.572901325478645,0.5535377079089387,0.6381395365247319,0.5981868198230331
M3,2026,5102,14,679,0.5861561119293078,0.567209964330115,0.6315146637682711,0.6039034006342943
M3,2026,5102,15,679,0.5758468335787923,0.5553551242684117,0.6356958995335934,0.5951636611930946
M3,2026,5102,16,679,0.5846833578792342,0.563983031234225,0.6248111708613664,0.6037106092362593
M3,2026,5102,17,679,0.5979381443298969,0.5837288288994091,0.6201694994418716,0.610282239620371
M3,2026,5102,18,679,0.5846833578792342,0.5669043201663184,0.6355391117100863,0.5936001917289616
M3,2026,5102,19,679,0.5920471281296024,0.5742596148914709,0.6354053610378934,0.5925475480428243
M3,2026,5102,20,679,0.5787923416789397,0.5649486700718541,0.6401276670078114,0.5830886850704212
M3,2026,5102,21,679,0.5861561119293078,0.5683465225547515,0.634160873333379,0.5935581140116949
M3,2026,5102,22,679,0.5905743740795287,0.573491701452395,0.6357508955279225,0.5902471093472916
M3,2026,5102,23,679,0.5891016200294551,0.5699205438493794,0.6348461355130697,0.59284821352302
M3,2026,5102,24,679,0.5832106038291606,0.5631628513786298,0.6366858828225789,0.5930157061153958
M3,2026,5102,25,679,0.5846833578792342,0.5689742384920393,0.6379634885882769,0.5877978938573085
M3,2026,5102,26,679,0.5891016200294551,0.5740341869879737,0.6370942941997118,0.5838932118423799
M3,2026,5102,27,679,0.561119293078056,0.5423111528606689,0.6551487501134577,0.5672662012599158
M3,2026,5102,28,679,0.5552282768777614,0.5335945621124949,0.6972200054571098,0.514080038207488
M3,2026,5102,29,679,0.5198821796759941,0.49647028228616064,0.7381256226236234,0.45881841951501573
M3,2026,5102,30,679,0.5684830633284241,0.5500454672320809,0.6556833475082016,0.5723308724088028
M3,2026,5102,31,679,0.5360824742268041,0.5113936568482023,0.683476891889839,0.5311768421569818
M3,2026,5102,32,679,0.5228276877761414,0.5108967016183511,0.7291657946817303,0.4449326661912453
M3,2026,5102,33,679,0.5449189985272459,0.5310981262176171,0.6613562839635166,0.5660556410263822
M3,2026,5102,34,679,0.5449189985272459,0.5316145488492399,0.6652883176029343,0.5327248701157193
M3,2026,5102,35,679,0.4992636229749632,0.4904360812425329,0.7240192530037552,0.43504313567660163
M3,2026,5102,36,679,0.5567010309278351,0.5395463796468412,0.6534789969187247,0.5823726959682873
M3,2026,5102,37,679,0.5390279823269514,0.5136139083942358,0.6869141115794652,0.5230666677247552
M3,2026,5102,38,679,0.5125184094256259,0.48122680836621823,0.7359548856302635,0.4523830865838303
M3,2026,5102,39,679,0.5331369661266568,0.5174438139069921,0.6718234607019902,0.5550311778957437
M3,2026,5102,40,679,0.5360824742268041,0.5206613840648261,0.7030814682436621,0.484034873010766
M3,2026,5102,41,679,0.5257731958762887,0.5072662897003647,0.7172438493752866,0.44216954559296134
M3,2026,5102,42,679,0.5419734904270986,0.5303030303030304,0.6625270767793038,0.5564734283669367
M3,2026,5102,43,679,0.5316642120765832,0.5194834211285003,0.6927068102912805,0.48654331930887845
M3,2026,5102,44,679,0.4889543446244477,0.48141652748705754,0.7489495521660933,0.3936919627658439
M3,2026,5102,45,679,0.5773195876288659,0.5595930677385658,0.6382108839867919,0.5912114163779464
M3,2026,5102,46,679,0.5891016200294551,0.5717576176474424,0.6387069965760732,0.5926343786685864
M3,2026,5102,47,679,0.5949926362297496,0.5817893983235881,0.6299736001179039,0.5960041797209552
M3,2026,5102,48,679,0.5891016200294551,0.5694107249860395,0.6297534180143971,0.5967723118291174
M3,2026,5102,49,679,0.5876288659793815,0.5705706606517089,0.6314654369154102,0.5960034646163381
M3,2026,5102,50,679,0.5920471281296024,0.5717535692116698,0.6310185744853715,0.6045991220774437
M3,2026,5102,51,679,0.5773195876288659,0.5580885155473925,0.6347714226270459,0.5979802166508421
M3,2026,5102,52,679,0.5905743740795287,0.5757089915003801,0.6317183776526809,0.5970894788366392
M3,2026,5102,53,679,0.6111929307805597,0.5977226408345518,0.621871597241934,0.5984062899592038
M3,2026,5102,54,679,0.5508100147275405,0.532278068343754,0.6748823211891837,0.5471290790252614
M3,2026,5102,55,679,0.5508100147275405,0.5256381009108282,0.7031297276402784,0.49579663387491935
M3,2026,5102,56,679,0.5184094256259205,0.49049040085403384,0.7393543837874558,0.46146112096991454
M3,2026,5102,57,679,0.5655375552282769,0.5466524797604826,0.6459534261512827,0.57554726458742
M3,2026,5102,58,679,0.5419734904270986,0.5229860469249263,0.6842896114041773,0.5323260117360228
M3,2026,5102,59,679,0.5184094256259205,0.5028205600484977,0.7398010004690364,0.41639333631751557
M3,2026,5102,60,679,0.5390279823269514,0.5272202120312605,0.6589785891534302,0.5452717036859394
M3,2026,5102,61,679,0.5301914580265096,0.5147556133515028,0.6821247548391611,0.5192365770222102
M3,2026,5102,62,679,0.5036818851251841,0.49602696518978984,0.70933102903029,0.4479889883481424
M3,2026,5103,0,679,0.5522827687776142,0.528271692745377,0.6646748080696028,0.5706326129631658
M3,2026,5103,1,679,0.5390279823269514,0.5147630414274782,0.707150568008774,0.49710031813360883
M3,2026,5103,2,679,0.4963181148748159,0.46199618086339767,0.740493491357837,0.46355885945644976
M3,2026,5103,3,679,0.540500736377025,0.5246068241774141,0.6685610607112806,0.5577400913864711
M3,2026,5103,4,679,0.5301914580265096,0.5114229668781076,0.6972664414695156,0.5126615058853984
M3,2026,5103,5,679,0.5066273932253313,0.4877979843814738,0.74348100495356,0.4018790559140122
M3,2026,5103,6,679,0.5567010309278351,0.542084670509,0.6670607527682286,0.5483412188563175
M3,2026,5103,7,679,0.5213549337260678,0.5110629683840149,0.6906438452549641,0.4975838466750037
M3,2026,5103,8,679,0.4889543446244477,0.47682127181344713,0.7684750592717366,0.3758925351481557
M3,2026,5103,9,679,0.5861561119293078,0.5698897866939104,0.6332681168951588,0.5950847069477939
M3,2026,5103,10,679,0.5876288659793815,0.5705372129084547,0.6369868597682341,0.593247648921352
M3,2026,5103,11,679,0.6008836524300442,0.5869278102050218,0.6269119887534579,0.5992580930989568
M3,2026,5103,12,679,0.5743740795287187,0.5540728054407603,0.6345952214653959,0.5972460154588974
M3,2026,5103,13,679,0.5846833578792342,0.5643707346204515,0.6316012337650221,0.5999307357482315
M3,2026,5103,14,679,0.5787923416789397,0.5577497709059598,0.6295849122600808,0.6065135566739299
M3,2026,5103,15,679,0.5787923416789397,0.5591298330410425,0.6317818857433167,0.5980918234304636
M3,2026,5103,16,679,0.5920471281296024,0.5726140852447145,0.6195817061306275,0.6081447682685989
M3,2026,5103,17,679,0.6008836524300442,0.5850036542163157,0.6144855011018632,0.614448290884929
M3,2026,5103,18,679,0.5846833578792342,0.565591205453864,0.6351670509585576,0.595070273547204
M3,2026,5103,19,679,0.5979381443298969,0.5812513652794478,0.6329759961550998,0.5932481839634978
M3,2026,5103,20,679,0.5817378497790869,0.5676308036505405,0.6379215616804159,0.5863151347580938
M3,2026,5103,21,679,0.5891016200294551,0.572211198143313,0.6341521366004214,0.5946019242923477
M3,2026,5103,22,679,0.5832106038291606,0.5652133343742535,0.6377167238227046,0.5892477285877756
M3,2026,5103,23,679,0.5817378497790869,0.5629095536938163,0.6392011965058514,0.5862259376870111
M3,2026,5103,24,679,0.5802650957290133,0.5616246503500242,0.6385408348907251,0.5914221477674391
M3,2026,5103,25,679,0.5832106038291606,0.5670608558284537,0.6349093786307743,0.5904881805149955
M3,2026,5103,26,679,0.5861561119293078,0.5718852280806905,0.6387262240337518,0.5822554657514578
M3,2026,5103,27,679,0.5714285714285714,0.5538270198494233,0.6634941197635499,0.5618229219053625
M3,2026,5103,28,679,0.5640648011782032,0.54211172222365,0.6880725536588717,0.5124839277005949
M3,2026,5103,29,679,0.5228276877761414,0.49585353922288555,0.7362628673506415,0.46439280782042586
M3,2026,5103,30,679,0.572901325478645,0.5582729927303768,0.6590777733891281,0.5657845395929986
M3,2026,5103,31,679,0.5508100147275405,0.5357009032778531,0.6883845092270616,0.5222170104005511
M3,2026,5103,32,679,0.540500736377025,0.5223882750446045,0.7182514425449413,0.4455671935990584
M3,2026,5103,33,679,0.5508100147275405,0.5337619645185896,0.6605463506371353,0.5606561590759445
M3,2026,5103,34,679,0.5346097201767305,0.5244891445554203,0.6807299097657028,0.5166325142179514
M3,2026,5103,35,679,0.5051546391752577,0.49306485821748935,0.7259703702752826,0.4383620806438387
M3,2026,5103,36,679,0.5331369661266568,0.5148029387114385,0.680680676877762,0.538887243800463
M3,2026,5103,37,679,0.5346097201767305,0.5106566795565795,0.6900303835194662,0.5170640561486384
M3,2026,5103,38,679,0.5169366715758469,0.48461108798983643,0.7430745036682781,0.4381549252115359
M3,2026,5103,39,679,0.561119293078056,0.542822197262555,0.6652305240308062,0.5681505627430544
M3,2026,5103,40,679,0.5493372606774669,0.5319325515721024,0.6883404110071409,0.516093257172133
M3,2026,5103,41,679,0.5110456553755522,0.49441710686294127,0.7268554094482065,0.45767318652483424
M3,2026,5103,42,679,0.5360824742268041,0.5197618041205048,0.665002655298264,0.5494634243026704
M3,2026,5103,43,679,0.5287187039764359,0.5170682832183113,0.6906356240275682,0.4985108227459482
M3,2026,5103,44,679,0.48600883652430044,0.47687173687786377,0.7556762611699209,0.38577213610380673
M3,2026,5103,45,679,0.5802650957290133,0.5637238350647885,0.6376572777578863,0.5953418719516346
M3,2026,5103,46,679,0.5832106038291606,0.5663337310523089,0.6386419638267147,0.5874502315618392
M3,2026,5103,47,679,0.5920471281296024,0.5799280718866037,0.6297771484318117,0.5957676709580576
M3,2026,5103,48,679,0.5891016200294551,0.5691166609019799,0.6322474764092154,0.5954598650197809
M3,2026,5103,49,679,0.5832106038291606,0.563225748574284,0.6346716572241158,0.5937315915707563
M3,2026,5103,50,679,0.5905743740795287,0.5740121392295305,0.6320700932058213,0.6005096940852285
M3,2026,5103,51,679,0.5846833578792342,0.5678501353560848,0.6342109140661574,0.5946246980915825
M3,2026,5103,52,679,0.5920471281296024,0.5756630485800303,0.6281476881525127,0.5957566538235733
M3,2026,5103,53,679,0.614138438880707,0.6008332937240498,0.6179721718420863,0.6083550068716322
M3,2026,5103,54,679,0.5522827687776142,0.5301845304867213,0.6618859521243639,0.5722423056432094
M3,2026,5103,55,679,0.5567010309278351,0.5340020426853841,0.6767098577103313,0.5372934165764729
M3,2026,5103,56,679,0.524300441826215,0.497765377560774,0.7339772722287452,0.4655263915327448
M3,2026,5103,57,679,0.5567010309278351,0.5388102333096626,0.6532837883932776,0.5721771317067293
M3,2026,5103,58,679,0.5331369661266568,0.5207426505589221,0.6849325484265635,0.5083189361073386
M3,2026,5103,59,679,0.5272459499263623,0.5075307838621523,0.7288410247293944,0.44857757219723754
M3,2026,5103,60,679,0.5360824742268041,0.5215418959345863,0.6779240447265235,0.5322984121893738
M3,2026,5103,61,679,0.5287187039764359,0.5196705261791936,0.6764189704747895,0.5116160378407776
M3,2026,5103,62,679,0.5036818851251841,0.4934501220126444,0.7203459592209649,0.4300156540808211
M3,2026,5104,0,679,0.5390279823269514,0.5149991117716527,0.680512752290678,0.541167029682966
M3,2026,5104,1,679,0.5375552282768777,0.5161130911130911,0.6929322661549423,0.5178410418083939
M3,2026,5104,2,679,0.5125184094256259,0.4812933210088224,0.7298060846521858,0.4605119690254074
M3,2026,5104,3,679,0.5331369661266568,0.5160819526739107,0.6738393340967541,0.5405967798804264
M3,2026,5104,4,679,0.5508100147275405,0.5291069133581238,0.6908290338797141,0.5231479646375691
M3,2026,5104,5,679,0.508100147275405,0.49208409602561365,0.7341898484635598,0.4252495851670393
M3,2026,5104,6,679,0.5375552282768777,0.5231959739047704,0.6737112869482504,0.5393130401301449
M3,2026,5104,7,679,0.5213549337260678,0.5112454155585484,0.6908133078437841,0.4978905966037067
M3,2026,5104,8,679,0.49337260677466865,0.48055316352990285,0.7622084910151533,0.379634786408522
M3,2026,5104,9,679,0.5832106038291606,0.5643939666317623,0.635260907908427,0.5917784887423009
M3,2026,5104,10,679,0.593519882179676,0.5740610598177128,0.6303687930458248,0.5988719767614566
M3,2026,5104,11,679,0.6008836524300442,0.5845566291840782,0.6228078951365116,0.6051447385497702
M3,2026,5104,12,679,0.5787923416789397,0.5567660223085079,0.6363593346064853,0.5938212290850973
M3,2026,5104,13,679,0.5861561119293078,0.568447963134812,0.6326958060001239,0.5941423403724785
M3,2026,5104,14,679,0.5832106038291606,0.5638170095017054,0.6314300865329945,0.5960500022634055
M3,2026,5104,15,679,0.5832106038291606,0.5616000867099465,0.6341664509323806,0.596628165242386
M3,2026,5104,16,679,0.5846833578792342,0.565274888925613,0.6274197856087748,0.6004204507585335
M3,2026,5104,17,679,0.6067746686303387,0.5920464825613593,0.6159179118929625,0.6123331543257425
M3,2026,5104,18,679,0.5846833578792342,0.5662508459737893,0.635181142453417,0.5948526412802977
M3,2026,5104,19,679,0.5920471281296024,0.5732429079450948,0.6325993398766806,0.6001185025984471
M3,2026,5104,20,679,0.5787923416789397,0.5635265299190737,0.6424920143277023,0.5832604451362042
M3,2026,5104,21,679,0.5832106038291606,0.5646547543918967,0.6346830172198159,0.5950657062421835
M3,2026,5104,22,679,0.5920471281296024,0.5770524910258711,0.6331130120469826,0.5913832234963963
M3,2026,5104,23,679,0.5817378497790869,0.5626689298966616,0.6385267595479345,0.5884359295440544
M3,2026,5104,24,679,0.5846833578792342,0.5671113491498677,0.6362871170833992,0.591524162647015
M3,2026,5104,25,679,0.5846833578792342,0.5685139226609313,0.6388528678835053,0.5874102558580575
M3,2026,5104,26,679,0.5876288659793815,0.5730371707848191,0.6407489464103913,0.577753449721361
M3,2026,5104,27,679,0.5625920471281296,0.543801036825748,0.6495694327600223,0.5782104944155062
M3,2026,5104,28,679,0.5419734904270986,0.5226507466534664,0.6940576012338209,0.5310697034834566
M3,2026,5104,29,679,0.5022091310751104,0.47301587301587306,0.7445827343326956,0.45644773262627925
M3,2026,5104,30,679,0.5478645066273933,0.5323961511176123,0.6695955985600186,0.5579011444984416
M3,2026,5104,31,679,0.5154639175257731,0.49541892045067426,0.7115149091111719,0.49910786294643805
M3,2026,5104,32,679,0.5169366715758469,0.503648241799372,0.7178599611692822,0.4541396309384878
M3,2026,5104,33,679,0.5375552282768777,0.525305221390757,0.6589691167113005,0.5652141620534104
M3,2026,5104,34,679,0.5169366715758469,0.5010359712849942,0.6942392104855342,0.5013186951091887
M3,2026,5104,35,679,0.49337260677466865,0.48151139399438203,0.7247172015800041,0.4456245532841816
M3,2026,5104,36,679,0.5316642120765832,0.5131126260470161,0.676364764988159,0.5539302851284911
M3,2026,5104,37,679,0.5346097201767305,0.5084922528930237,0.6951303036118116,0.5179512866916381
M3,2026,5104,38,679,0.5169366715758469,0.48778663918986276,0.7317977351450604,0.45758479097345395
M3,2026,5104,39,679,0.5463917525773195,0.5255441365048595,0.681202895006656,0.5479017038288667
M3,2026,5104,40,679,0.5154639175257731,0.4962291414642639,0.7016998343773198,0.5205317097397509
M3,2026,5104,41,679,0.5184094256259205,0.5047724811469132,0.7325601844619054,0.41141356109377797
M3,2026,5104,42,679,0.5434462444771723,0.5329239784278658,0.660153078181403,0.5574734525468883
M3,2026,5104,43,679,0.5169366715758469,0.5032488394325059,0.6944684058164462,0.49039291421155784
M3,2026,5104,44,679,0.4948453608247423,0.4874907217446931,0.7490985943265095,0.3828962252498387
M3,2026,5104,45,679,0.5905743740795287,0.5739306167437629,0.633139063446441,0.5963407718019422
M3,2026,5104,46,679,0.5846833578792342,0.5663582385404884,0.642252846389175,0.5843692307073403
M3,2026,5104,47,679,0.5994108983799705,0.5868542359108397,0.6282711788375529,0.5977731832270524
M3,2026,5104,48,679,0.5861561119293078,0.5690652829695813,0.6293340841519464,0.6050624582611269
M3,2026,5104,49,679,0.593519882179676,0.5750523476285261,0.6343105389285333,0.5950063665949199
M3,2026,5104,50,679,0.5758468335787923,0.5607711253369195,0.6332930515634119,0.6017349119758754
M3,2026,5104,51,679,0.5861561119293078,0.5668489369800811,0.6365320494231138,0.5940531670168
M3,2026,5104,52,679,0.5964653902798233,0.5791000870322018,0.6257514279878894,0.5980821390034429
M3,2026,5104,53,679,0.6111929307805597,0.5974495281241499,0.6206368831190691,0.6033235834557482
M3,2026,5104,54,679,0.5581737849779087,0.5420001022024631,0.6624082136838882,0.562264281544486
M3,2026,5104,55,679,0.5434462444771723,0.5177693392465731,0.6925580749982235,0.5180545223852736
M3,2026,5104,56,679,0.5257731958762887,0.4997099570454604,0.7294580750112506,0.47253722801066245
M3,2026,5104,57,679,0.5316642120765832,0.5145421955607797,0.6746075617942262,0.5500016087757115
M3,2026,5104,58,679,0.5390279823269514,0.5214806321482373,0.6853938230885321,0.5203390991839932
M3,2026,5104,59,679,0.5125184094256259,0.4913402142970863,0.7132622023745384,0.47243783472263234
M3,2026,5104,60,679,0.5272459499263623,0.5151729606019338,0.676708859530043,0.5416793274854945
M3,2026,5104,61,679,0.5390279823269514,0.5289050711464053,0.6691789896349493,0.5328982748561577
M3,2026,5104,62,679,0.508100147275405,0.49846565258232156,0.7148679146359349,0.44723331375324005
M3,2026,5105,0,679,0.5552282768777614,0.5359275356682902,0.6672164113514554,0.562917616417529
M3,2026,5105,1,679,0.5213549337260678,0.4934308079478127,0.707554968274219,0.5029156684169194
M3,2026,5105,2,679,0.5051546391752577,0.4748077105976001,0.7359549168810051,0.4599514321607925
M3,2026,5105,3,679,0.5508100147275405,0.5324399390088294,0.6731125258995613,0.5524429563234774
M3,2026,5105,4,679,0.5567010309278351,0.536463051845221,0.6839806156147913,0.5282664488940868
M3,2026,5105,5,679,0.5007363770250368,0.4855771504232278,0.7491200364610408,0.385931233917319
M3,2026,5105,6,679,0.5316642120765832,0.5144111578001193,0.6719697846404231,0.547702490119953
M3,2026,5105,7,679,0.5257731958762887,0.5133332125560105,0.7018786671630413,0.48149832082409116
M3,2026,5105,8,679,0.5022091310751104,0.4897672409585193,0.7596648767568577,0.39496273392958775
M3,2026,5105,9,679,0.5861561119293078,0.5684958885300391,0.6306685358505362,0.5984038060929222
M3,2026,5105,10,679,0.5802650957290133,0.5605114311102676,0.6328683682499298,0.5944604721340757
M3,2026,5105,11,679,0.593519882179676,0.5781995128278454,0.6311183007809832,0.5973700244535153
M3,2026,5105,12,679,0.5832106038291606,0.561716649229727,0.6347667511678761,0.5972870997112384
M3,2026,5105,13,679,0.5832106038291606,0.5650748652950078,0.6357659587365011,0.5962479640206128
M3,2026,5105,14,679,0.5817378497790869,0.5623385915334337,0.6364819970590904,0.5952412545689266
M3,2026,5105,15,679,0.5802650957290133,0.5575011246063878,0.6300004977014174,0.6032706652513955
M3,2026,5105,16,679,0.5861561119293078,0.5640550302300915,0.6268527528849898,0.6037906428299971
M3,2026,5105,17,679,0.5979381443298969,0.5809630361333645,0.6184716579752573,0.6123133394431729
M3,2026,5105,18,679,0.5846833578792342,0.5649597342815423,0.6341001302750016,0.5960572363725671
M3,2026,5105,19,679,0.5891016200294551,0.5729453712991902,0.6360690598547546,0.5952801927692478
M3,2026,5105,20,679,0.5802650957290133,0.5657286005711203,0.6395714475234232,0.5885044899139872
M3,2026,5105,21,679,0.5861561119293078,0.5688192193517323,0.6344110808158308,0.5956751890132145
M3,2026,5105,22,679,0.5905743740795287,0.5727454343126861,0.6362578426439738,0.5881692547648946
M3,2026,5105,23,679,0.5846833578792342,0.567829828171868,0.6374711701550435,0.5857514150035801
M3,2026,5105,24,679,0.5861561119293078,0.5677789655181945,0.6371101141414867,0.5930511105775057
M3,2026,5105,25,679,0.5891016200294551,0.5718912932728063,0.6351699770286965,0.589414400100245
M3,2026,5105,26,679,0.5861561119293078,0.5711730947704078,0.64026228743379,0.5796537947362482
M3,2026,5105,27,679,0.5640648011782032,0.546643880750384,0.6601836560664367,0.5765549243721299
M3,2026,5105,28,679,0.5346097201767305,0.5179904921416366,0.6980860716113286,0.5032870416019398
M3,2026,5105,29,679,0.5272459499263623,0.501592408054019,0.7355762732836565,0.46281462352116864
M3,2026,5105,30,679,0.5552282768777614,0.5383152286934076,0.6617863330117733,0.5654560686208663
M3,2026,5105,31,679,0.5522827687776142,0.5303298210229505,0.6894718684223158,0.5133470143401678
M3,2026,5105,32,679,0.5360824742268041,0.5184177933218106,0.7139428256844912,0.46256999937393306
M3,2026,5105,33,679,0.5640648011782032,0.54774253837206,0.6622373832167512,0.551554846156863
M3,2026,5105,34,679,0.5139911634756995,0.5006827799121689,0.6893678702556684,0.5097521272330899
M3,2026,5105,35,679,0.5154639175257731,0.503418019251765,0.7202032375669268,0.44796174509905307
M3,2026,5105,36,679,0.5331369661266568,0.5148009197728525,0.6694260637696958,0.5586453138850211
M3,2026,5105,37,679,0.5463917525773195,0.5178453909658889,0.7028319567046917,0.5186374967632623
M3,2026,5105,38,679,0.5125184094256259,0.4824647807841086,0.742433481214675,0.444288175137144
M3,2026,5105,39,679,0.5625920471281296,0.5441739132775912,0.6542234736356187,0.5735928912340148
M3,2026,5105,40,679,0.5655375552282769,0.5449280583073282,0.6853680123461188,0.5275526870899074
M3,2026,5105,41,679,0.5228276877761414,0.5076675716321982,0.7293007755226871,0.43063853009003555
M3,2026,5105,42,679,0.5567010309278351,0.5395852268032719,0.6645935859437895,0.5559823752270063
M3,2026,5105,43,679,0.5213549337260678,0.5085847389695466,0.7049813175982684,0.4738697005197657
M3,2026,5105,44,679,0.4948453608247423,0.4856722047269042,0.7494019813978269,0.39042593371335677
M3,2026,5105,45,679,0.5846833578792342,0.5665515161167335,0.6299487778118679,0.6027509714299774
M3,2026,5105,46,679,0.593519882179676,0.578174957067785,0.6329353587792443,0.5933348417667393
M3,2026,5105,47,679,0.6008836524300442,0.5892540881664008,0.6265762036608666,0.6003782092911856
M3,2026,5105,48,679,0.5787923416789397,0.5603230668125019,0.6342031544455724,0.5979285640910509
M3,2026,5105,49,679,0.6023564064801178,0.5833151226913666,0.6248929256982059,0.6065695751044803
M3,2026,5105,50,679,0.593519882179676,0.5779703488840544,0.6272801179246804,0.6080920685673175
M3,2026,5105,51,679,0.5817378497790869,0.5641003771395416,0.6305487507046235,0.596317228160906
M3,2026,5105,52,679,0.5905743740795287,0.5766174817022275,0.6285649931746835,0.6011021633343382
M3,2026,5105,53,679,0.6111929307805597,0.5978242234837774,0.6174043518805188,0.6064519762051984
M3,2026,5105,54,679,0.5640648011782032,0.5447639451728595,0.6750312818431011,0.5490343330787316
M3,2026,5105,55,679,0.5419734904270986,0.5198064938510307,0.703276581063713,0.5077672722608998
M3,2026,5105,56,679,0.5228276877761414,0.4924501551439709,0.7314901662241552,0.4702832557682021
M3,2026,5105,57,679,0.5346097201767305,0.5187929367955864,0.6759871026289832,0.5403760560306563
M3,2026,5105,58,679,0.5567010309278351,0.5349587183996208,0.6911016342741751,0.5246103908288706
M3,2026,5105,59,679,0.5139911634756995,0.4901817869622893,0.7225319678416484,0.4686199142177581
M3,2026,5105,60,679,0.5390279823269514,0.5259133436063829,0.6687097493696283,0.5420870492995663
M3,2026,5105,61,679,0.5346097201767305,0.5201216658442936,0.6746508992429334,0.5243171326740829
M3,2026,5105,62,679,0.5095729013254786,0.5000830298828629,0.705261001267384,0.4616739023415374
M3,2027,5101,0,679,0.5537555228276878,0.5378351356329097,0.6285307332763616,0.5634479633405212
M3,2027,5101,1,679,0.5375552282768777,0.5124450915305979,0.652562354753049,0.5468662818723199
M3,2027,5101,2,679,0.5301914580265096,0.4836389505954162,0.6933862839733553,0.4650181780309485
M3,2027,5101,3,679,0.5699558173784978,0.5506824033875418,0.6316258096861734,0.5638354236672689
M3,2027,5101,4,679,0.5198821796759941,0.49887245817967185,0.6720536925524078,0.5044938901166267
M3,2027,5101,5,679,0.49189985272459497,0.459519323749895,0.7058051185290136,0.4155500615673749
M3,2027,5101,6,679,0.5625920471281296,0.5481607814937208,0.6248471031791156,0.572911441715476
M3,2027,5101,7,679,0.5375552282768777,0.5225244945614387,0.6513516649011308,0.5218630839355911
M3,2027,5101,8,679,0.49042709867452133,0.47365426197792193,0.7237322610283109,0.38119467825534403
M3,2027,5101,9,679,0.5949926362297496,0.576636294208514,0.6082131128774652,0.6071191447502186
M3,2027,5101,10,679,0.5861561119293078,0.5669321127569884,0.6118998220286418,0.6030701900227411
M3,2027,5101,11,679,0.5832106038291606,0.5640703656488308,0.6105059384421853,0.6055140636298426
M3,2027,5101,12,679,0.5876288659793815,0.5698321966056964,0.61043211040862,0.6071939650057634
M3,2027,5101,13,679,0.5861561119293078,0.5657432827246615,0.6097714134625026,0.6086011692717256
M3,2027,5101,14,679,0.5802650957290133,0.5609938712851334,0.6090471405256128,0.6176922260106309
M3,2027,5101,15,679,0.5787923416789397,0.5591500904650497,0.6117698290825593,0.6062200079253244
M3,2027,5101,16,679,0.5876288659793815,0.5701944881706668,0.6094523629664672,0.6107584236043236
M3,2027,5101,17,679,0.5846833578792342,0.5661676685576192,0.6097194615186402,0.6118242821158342
M3,2027,5101,18,679,0.5832106038291606,0.5664201356543032,0.6127449402665179,0.6014721346615373
M3,2027,5101,19,679,0.5861561119293078,0.5694230906996866,0.6151540397895453,0.594936803671785
M3,2027,5101,20,679,0.5773195876288659,0.5636111958122925,0.6163482830169801,0.593826156908323
M3,2027,5101,21,679,0.5832106038291606,0.5668778873758402,0.6119788577437225,0.6007869355708637
M3,2027,5101,22,679,0.5832106038291606,0.5665056725365987,0.6153415397182656,0.5972020348326682
M3,2027,5101,23,679,0.5905743740795287,0.5752723611872214,0.6127411969807082,0.593866995489972
M3,2027,5101,24,679,0.5817378497790869,0.5654303100550565,0.6131144959550894,0.5982807234372473
M3,2027,5101,25,679,0.5758468335787923,0.5590742745358119,0.6146659183045726,0.5966185266777981
M3,2027,5101,26,679,0.5670103092783505,0.5545015891836701,0.6176778675442416,0.5909122093850144
M3,2027,5101,27,679,0.5567010309278351,0.5378049195623149,0.6300544728235573,0.5789206220229234
M3,2027,5101,28,679,0.5316642120765832,0.5026373267980313,0.6635270816807544,0.5112718909786632
M3,2027,5101,29,679,0.5184094256259205,0.47814037946865273,0.7059991516842231,0.45523909091166725
M3,2027,5101,30,679,0.5773195876288659,0.5579130660311533,0.6257590188237458,0.5746172888852715
M3,2027,5101,31,679,0.5434462444771723,0.5201433025898168,0.6637113448314709,0.512023956835095
M3,2027,5101,32,679,0.5154639175257731,0.4845508308464602,0.7027059865234878,0.4277549635039084
M3,2027,5101,33,679,0.5699558173784978,0.5590919685197165,0.6138519195068919,0.595637652891865
M3,2027,5101,34,679,0.5419734904270986,0.5301184621912168,0.6486383658752877,0.5302995824434068
M3,2027,5101,35,679,0.5257731958762887,0.5129557368978633,0.6950919849356425,0.4375547656669292
M3,2027,5101,36,679,0.5699558173784978,0.5547539485241296,0.6301661278169179,0.5540615536748871
M3,2027,5101,37,679,0.5419734904270986,0.5195193603662515,0.6632538965638503,0.5162503642365321
M3,2027,5101,38,679,0.5198821796759941,0.4910219768587505,0.7089684521546245,0.4187739937512592
M3,2027,5101,39,679,0.5640648011782032,0.5483054142348129,0.629816080864645,0.5577197628838385
M3,2027,5101,40,679,0.5316642120765832,0.5069635793788047,0.6611586437616854,0.5105822935509813
M3,2027,5101,41,679,0.4845360824742268,0.4565542126612686,0.7022028724513454,0.4187310385225717
M3,2027,5101,42,679,0.572901325478645,0.5597936283184306,0.6234307627746388,0.5700844721346705
M3,2027,5101,43,679,0.5390279823269514,0.5304157158602276,0.6528426022303122,0.5096282813725069
M3,2027,5101,44,679,0.48159057437407954,0.4734086043695428,0.7150890010797223,0.3782625084861941
M3,2027,5101,45,679,0.5891016200294551,0.5731634091782173,0.6082433869017065,0.6069867977842085
M3,2027,5101,46,679,0.5949926362297496,0.5778506916536232,0.6099802873622686,0.6043841794543825
M3,2027,5101,47,679,0.5817378497790869,0.5716604635609932,0.6135827701906392,0.6041035946572337
M3,2027,5101,48,679,0.593519882179676,0.575959270762316,0.6079927454201919,0.6032340778440382
M3,2027,5101,49,679,0.5861561119293078,0.5636498077491866,0.6063095278083313,0.6090506864040224
M3,2027,5101,50,679,0.5802650957290133,0.5658868411818172,0.6035348478051805,0.6147637857729219
M3,2027,5101,51,679,0.5832106038291606,0.5662250783064466,0.6111987655836985,0.6061505706205201
M3,2027,5101,52,679,0.6008836524300442,0.5863915884392866,0.6078558389059047,0.6048490050374875
M3,2027,5101,53,679,0.5994108983799705,0.5891802961141123,0.6059370085223961,0.6085459814530811
M3,2027,5101,54,679,0.561119293078056,0.5436703014922636,0.6292690570645901,0.5650531185030594
M3,2027,5101,55,679,0.540500736377025,0.5183075830027897,0.6598129480726063,0.5072632433217342
M3,2027,5101,56,679,0.5360824742268041,0.5056651739378597,0.692315544686191,0.44550599033493804
M3,2027,5101,57,679,0.5817378497790869,0.5651411142483431,0.6200363604195515,0.5655003891888892
M3,2027,5101,58,679,0.5257731958762887,0.5039617511422023,0.66158720585401,0.5101023799526083
M3,2027,5101,59,679,0.5154639175257731,0.4907140448900986,0.6887577892622646,0.4311112696600674
M3,2027,5101,60,679,0.5581737849779087,0.5458143634771373,0.6233694379784397,0.5899533022469944
M3,2027,5101,61,679,0.5463917525773195,0.5426528423381949,0.6384257345689414,0.5312823218010732
M3,2027,5101,62,679,0.5095729013254786,0.5046836080715172,0.6967946643418521,0.4136480485833839
M3,2027,5102,0,679,0.5419734904270986,0.5211999015770985,0.6390765063102537,0.5478416044950445
M3,2027,5102,1,679,0.5375552282768777,0.5143394200056151,0.6629230996075365,0.5253480283098861
M3,2027,5102,2,679,0.5272459499263623,0.4806025149071842,0.6898065510703819,0.46821617320587267
M3,2027,5102,3,679,0.5567010309278351,0.5409970347392125,0.6317800247660441,0.5708410364891339
M3,2027,5102,4,679,0.524300441826215,0.5040490056375447,0.6664830419688934,0.517328940505498
M3,2027,5102,5,679,0.5066273932253313,0.4732241963583437,0.6998427509164248,0.43252338191561973
M3,2027,5102,6,679,0.5684830633284241,0.5543505111235697,0.6235011284279367,0.559038931888702
M3,2027,5102,7,679,0.5463917525773195,0.5335249309103877,0.6498853267336454,0.5213142296432104
M3,2027,5102,8,679,0.4992636229749632,0.48265296968974936,0.7076374345701819,0.40483360811658314
M3,2027,5102,9,679,0.5891016200294551,0.5695646182958899,0.6113922146967831,0.6015959082788768
M3,2027,5102,10,679,0.5905743740795287,0.569637856396477,0.6127761114328354,0.5996628347525128
M3,2027,5102,11,679,0.5787923416789397,0.5607267948419707,0.60879539754324,0.6104985987227717
M3,2027,5102,12,679,0.593519882179676,0.5740756076987961,0.6079616363603342,0.6067240896711715
M3,2027,5102,13,679,0.5905743740795287,0.5729441894040881,0.6016009015871955,0.6171767446576157
M3,2027,5102,14,679,0.5802650957290133,0.5595056466609101,0.608623628281002,0.6156678192484033
M3,2027,5102,15,679,0.5787923416789397,0.5600788173733281,0.6128442584590462,0.6010644544451598
M3,2027,5102,16,679,0.593519882179676,0.5749960323060043,0.607439396351532,0.6095355130081751
M3,2027,5102,17,679,0.5787923416789397,0.5600929894847609,0.6155039261647984,0.6050540201652023
M3,2027,5102,18,679,0.5817378497790869,0.5658981790851945,0.6137529907416174,0.5988340311396565
M3,2027,5102,19,679,0.5817378497790869,0.5657331152248362,0.6180174474951445,0.5969691184957309
M3,2027,5102,20,679,0.5758468335787923,0.5632428304120365,0.6170023104315829,0.594155112275859
M3,2027,5102,21,679,0.5817378497790869,0.564169567533346,0.6129485613204243,0.599952007065644
M3,2027,5102,22,679,0.5846833578792342,0.5679039900307356,0.6152092126665831,0.5944086975830551
M3,2027,5102,23,679,0.5891016200294551,0.5741329309503229,0.6111500055826816,0.5972385539115987
M3,2027,5102,24,679,0.5802650957290133,0.564318239165511,0.6157182322510564,0.5956042480611944
M3,2027,5102,25,679,0.5758468335787923,0.5602027822799779,0.6145825969804194,0.5952051608880845
M3,2027,5102,26,679,0.5714285714285714,0.5597499997802411,0.6157453978799053,0.5926466564159648
M3,2027,5102,27,679,0.5640648011782032,0.5441410580349355,0.6325353535004673,0.5599927139454097
M3,2027,5102,28,679,0.5390279823269514,0.5125161057152232,0.6626630274247,0.5193691691273259
M3,2027,5102,29,679,0.5198821796759941,0.48033455692067417,0.7070480631403789,0.4443675808711575
M3,2027,5102,30,679,0.5596465390279823,0.5390780658785871,0.630375785640659,0.568838426763327
M3,2027,5102,31,679,0.5419734904270986,0.5212769990817379,0.6567014530191365,0.5111623260475195
M3,2027,5102,32,679,0.5228276877761414,0.4934260562807441,0.6958853113677611,0.45750868888743196
M3,2027,5102,33,679,0.5625920471281296,0.5525163745830813,0.6195309532803535,0.587353095810394
M3,2027,5102,34,679,0.5463917525773195,0.5371858791310844,0.6334275316463479,0.5585041262642161
M3,2027,5102,35,679,0.5110456553755522,0.5002042818821677,0.7059588559597335,0.4234155494566715
M3,2027,5102,36,679,0.5670103092783505,0.5549046128953299,0.6203226171905759,0.5869830804120846
M3,2027,5102,37,679,0.5449189985272459,0.5215487113240267,0.6693558903391829,0.5023315699300721
M3,2027,5102,38,679,0.5228276877761414,0.49628717786612525,0.6974745359661302,0.44823808028807893
M3,2027,5102,39,679,0.5567010309278351,0.53625513436813,0.6339804184937161,0.5643295698035272
M3,2027,5102,40,679,0.5360824742268041,0.5212328646898746,0.6667055350471842,0.47418591738302546
M3,2027,5102,41,679,0.4992636229749632,0.46703499388453673,0.6980239609599289,0.42700082568162145
M3,2027,5102,42,679,0.5787923416789397,0.5651303547423697,0.6067576951543432,0.5902253002345111
M3,2027,5102,43,679,0.5287187039764359,0.5149508639441526,0.6563371076016784,0.5095023369046122
M3,2027,5102,44,679,0.4742268041237113,0.4674621663484564,0.714721159880572,0.39680698048091223
M3,2027,5102,45,679,0.5920471281296024,0.5727784983937221,0.6103373153659135,0.6025845724182796
M3,2027,5102,46,679,0.5861561119293078,0.5696190338526226,0.6084591036165937,0.608142657952655
M3,2027,5102,47,679,0.5876288659793815,0.5776436804732086,0.6114721146792129,0.6080079827530412
M3,2027,5102,48,679,0.5876288659793815,0.5697826044646854,0.6100215356198958,0.6023952474074108
M3,2027,5102,49,679,0.5949926362297496,0.5805778865812034,0.5989038415351918,0.6193470158492482
M3,2027,5102,50,679,0.5832106038291606,0.570869606977136,0.5979531711524295,0.6213421652001562
M3,2027,5102,51,679,0.5949926362297496,0.5789782383802556,0.6074603674864734,0.6063358253261018
M3,2027,5102,52,679,0.6008836524300442,0.5861663504893442,0.6062651755444607,0.608979720572523
M3,2027,5102,53,679,0.5876288659793815,0.5770604617547754,0.610814187242286,0.6044312115695003
M3,2027,5102,54,679,0.561119293078056,0.5484208985353151,0.6309940767569113,0.5574521416515205
M3,2027,5102,55,679,0.5670103092783505,0.5460172756799228,0.6516526801860034,0.5262086440263822
M3,2027,5102,56,679,0.5184094256259205,0.4929938792462333,0.7101349745258492,0.4322733901929663
M3,2027,5102,57,679,0.5876288659793815,0.5724457926075722,0.6115055479471392,0.580030100047835
M3,2027,5102,58,679,0.5478645066273933,0.5272906664548888,0.6557557283295798,0.5150493727609765
M3,2027,5102,59,679,0.4963181148748159,0.4700667556742323,0.6972141086133485,0.40741799706250603
M3,2027,5102,60,679,0.5567010309278351,0.543754353404056,0.6287666552855095,0.5664309698292445
M3,2027,5102,61,679,0.5449189985272459,0.5387379608762833,0.6486968508042362,0.5347569254108947
M3,2027,5102,62,679,0.5154639175257731,0.5108663215191303,0.6882830585664431,0.4415490018770363
M3,2027,5103,0,679,0.5567010309278351,0.5392335630174492,0.6338256266577079,0.5724873632423159
M3,2027,5103,1,679,0.5375552282768777,0.5119399306983776,0.660338953291018,0.5239480661432467
M3,2027,5103,2,679,0.5184094256259205,0.47397264737018996,0.6971951006570164,0.46160557598461927
M3,2027,5103,3,679,0.5743740795287187,0.55816001408554,0.6365514040124961,0.5508872482509359
M3,2027,5103,4,679,0.5508100147275405,0.5263332579775927,0.6603694190552378,0.5097512460687398
M3,2027,5103,5,679,0.5036818851251841,0.46758121595292057,0.6941471628526524,0.41899582271611086
M3,2027,5103,6,679,0.5596465390279823,0.5442102348116725,0.6264771627089412,0.5677753235133214
M3,2027,5103,7,679,0.5493372606774669,0.5373774660596367,0.6474820995409816,0.5258278690665995
M3,2027,5103,8,679,0.48159057437407954,0.4655046923476884,0.7215754072646856,0.3870612086828553
M3,2027,5103,9,679,0.5773195876288659,0.5582931549902632,0.6143566086471344,0.6016680791735955
M3,2027,5103,10,679,0.5773195876288659,0.5536813785874279,0.6147095393800946,0.5988913852277993
M3,2027,5103,11,679,0.5861561119293078,0.5690696770268664,0.6101113931771055,0.6094146891506366
M3,2027,5103,12,679,0.5876288659793815,0.570221606286718,0.6107786582653933,0.6059912042560237
M3,2027,5103,13,679,0.5758468335787923,0.5533084254317732,0.6123962919824429,0.6083645037590719
M3,2027,5103,14,679,0.5773195876288659,0.5592103412083784,0.6095481747994542,0.6188710984017012
M3,2027,5103,15,679,0.5773195876288659,0.5582458782019997,0.6131926075787186,0.6029590744679794
M3,2027,5103,16,679,0.5876288659793815,0.5693251555157824,0.6115775610017145,0.6087772855524002
M3,2027,5103,17,679,0.5846833578792342,0.5680191243478712,0.6058499507595057,0.6147503472871286
M3,2027,5103,18,679,0.5861561119293078,0.5683809118400865,0.6130298732043366,0.5981728848475801
M3,2027,5103,19,679,0.5743740795287187,0.5598301604222886,0.6155611881012418,0.5956668971380213
M3,2027,5103,20,679,0.5743740795287187,0.5615316572869715,0.6174052569230631,0.5943465672555378
M3,2027,5103,21,679,0.5832106038291606,0.566793395841144,0.6135883028008625,0.5995001960932518
M3,2027,5103,22,679,0.5802650957290133,0.5630912159467591,0.615033510441457,0.5949909994408319
M3,2027,5103,23,679,0.5802650957290133,0.5665360630649982,0.6112577807218582,0.5968314740004386
M3,2027,5103,24,679,0.5846833578792342,0.5683327147555094,0.6129187139653668,0.6000116504446806
M3,2027,5103,25,679,0.5802650957290133,0.5634067821988951,0.6156420487367352,0.5944602984986876
M3,2027,5103,26,679,0.5670103092783505,0.5531108691325067,0.6171632796218715,0.5914050752591771
M3,2027,5103,27,679,0.5567010309278351,0.5391520281186215,0.6334320145257267,0.5683440826733798
M3,2027,5103,28,679,0.540500736377025,0.5121040162784096,0.6612904745103333,0.535214438762894
M3,2027,5103,29,679,0.5139911634756995,0.47766955252669313,0.7101169489927601,0.43188580180559044
M3,2027,5103,30,679,0.5832106038291606,0.5672115241080758,0.6233812726167235,0.5654651023217341
M3,2027,5103,31,679,0.5640648011782032,0.5447303680142751,0.645031841430643,0.5489800670142789
M3,2027,5103,32,679,0.5154639175257731,0.47619593633610446,0.7010364654708505,0.4529323867632693
M3,2027,5103,33,679,0.5640648011782032,0.5503642619275313,0.6189122230955708,0.5784496333279439
M3,2027,5103,34,679,0.5375552282768777,0.529804348589694,0.6518532600643357,0.5288463969695599
M3,2027,5103,35,679,0.5125184094256259,0.49857516737312135,0.7021418686555657,0.4164277842879428
M3,2027,5103,36,679,0.5699558173784978,0.5524376934605261,0.6324655652397335,0.5549506429139793
M3,2027,5103,37,679,0.5390279823269514,0.5200068788309449,0.661436858404543,0.5136920980421212
M3,2027,5103,38,679,0.5139911634756995,0.4871261929438183,0.7087660146347728,0.42546807041021645
M3,2027,5103,39,679,0.5625920471281296,0.5468862553597891,0.6157878997004611,0.5787956609457388
M3,2027,5103,40,679,0.5449189985272459,0.5270122832895011,0.6562473059183368,0.5026900912279662
M3,2027,5103,41,679,0.5007363770250368,0.4676812125908443,0.6907798740711057,0.4551341990816911
M3,2027,5103,42,679,0.5567010309278351,0.5429813129610904,0.6264025257990884,0.5707799491477015
M3,2027,5103,43,679,0.5419734904270986,0.5330001358209755,0.6554947046670014,0.5033284341445221
M3,2027,5103,44,679,0.4653902798232695,0.4570657532536013,0.7210911608058328,0.3720299656688065
M3,2027,5103,45,679,0.5802650957290133,0.5624408415850907,0.6148152068279278,0.5983342768034214
M3,2027,5103,46,679,0.5846833578792342,0.5663036126668131,0.6110195410005825,0.6057235379150228
M3,2027,5103,47,679,0.5817378497790869,0.5705795208080188,0.6125665627891782,0.6057157784746757
M3,2027,5103,48,679,0.5743740795287187,0.5563831022902306,0.6142689517215004,0.5969543745731674
M3,2027,5103,49,679,0.5861561119293078,0.5699807911605151,0.6073029499956364,0.6141020393829139
M3,2027,5103,50,679,0.5905743740795287,0.5803410430794782,0.6018440302060876,0.6195790876738964
M3,2027,5103,51,679,0.5891016200294551,0.5714363972949488,0.608787730621484,0.6077158245019273
M3,2027,5103,52,679,0.5876288659793815,0.5736991957012197,0.610847442376596,0.6044731046171744
M3,2027,5103,53,679,0.5876288659793815,0.5776806437810165,0.6126216441963488,0.6055696337680226
M3,2027,5103,54,679,0.5596465390279823,0.5419938788943907,0.6254993031495449,0.5843894108585513
M3,2027,5103,55,679,0.5493372606774669,0.5305916069186211,0.6528003356462023,0.5278989186777442
M3,2027,5103,56,679,0.5257731958762887,0.5018504355159152,0.7119986938973766,0.41889744058063594
M3,2027,5103,57,679,0.5670103092783505,0.5506484982846042,0.6316777943730881,0.5635854309148501
M3,2027,5103,58,679,0.5316642120765832,0.5169862410906161,0.6545118262692299,0.4923160152698179
M3,2027,5103,59,679,0.5066273932253313,0.4814732068053508,0.69026078849987,0.43862004334715005
M3,2027,5103,60,679,0.5640648011782032,0.5530255398024566,0.6283655812489266,0.561527893086185
M3,2027,5103,61,679,0.5508100147275405,0.5450612945315734,0.6481118975358087,0.5181827785380804
M3,2027,5103,62,679,0.5198821796759941,0.5139264215253043,0.6792929633376524,0.44464001293573185
M3,2027,5104,0,679,0.5390279823269514,0.517326473848213,0.6473785262659126,0.543045354237507
M3,2027,5104,1,679,0.5184094256259205,0.492406782044,0.67128187314839,0.5062989941342366
M3,2027,5104,2,679,0.5257731958762887,0.4822771374253718,0.6907950557428186,0.4672087948756141
M3,2027,5104,3,679,0.5699558173784978,0.5526105707915925,0.6317754881854261,0.5550262341864213
M3,2027,5104,4,679,0.5346097201767305,0.5105691095873899,0.6583461744137471,0.5136230354777273
M3,2027,5104,5,679,0.5110456553755522,0.4760386730290971,0.6967617042241988,0.43011354123736567
M3,2027,5104,6,679,0.5508100147275405,0.5376804014407389,0.6331970267469648,0.5558520026717173
M3,2027,5104,7,679,0.5331369661266568,0.5192735148770755,0.6571536184191177,0.5139879903826562
M3,2027,5104,8,679,0.5051546391752577,0.4877861512273671,0.7163822351788912,0.387041491317766
M3,2027,5104,9,679,0.5802650957290133,0.561312269910061,0.6145527529611152,0.6018022227439429
M3,2027,5104,10,679,0.5802650957290133,0.5575726188694307,0.6141728457277408,0.6001588733848487
M3,2027,5104,11,679,0.5817378497790869,0.5629916662180132,0.6091694129584289,0.6080933415732706
M3,2027,5104,12,679,0.5949926362297496,0.5767467408521517,0.6085434230332522,0.604850744060293
M3,2027,5104,13,679,0.5817378497790869,0.562096076090417,0.6179611085089738,0.5970219072797114
M3,2027,5104,14,679,0.5817378497790869,0.5621092550022377,0.6114860409226087,0.6076870123249263
M3,2027,5104,15,679,0.5817378497790869,0.5634296091660591,0.6120841932841008,0.6049976607336445
M3,2027,5104,16,679,0.5891016200294551,0.5704446921668194,0.6114689990417245,0.6060304174873645
M3,2027,5104,17,679,0.5758468335787923,0.5575413678470837,0.6131972749120883,0.613482628822038
M3,2027,5104,18,679,0.5802650957290133,0.563009684791759,0.6126112799669049,0.5997573805913442
M3,2027,5104,19,679,0.5787923416789397,0.5622833993287171,0.6172416718876941,0.5962154325068235
M3,2027,5104,20,679,0.572901325478645,0.5606915445505309,0.6193740697075587,0.5910232762803815
M3,2027,5104,21,679,0.5832106038291606,0.5664192893467402,0.6120877744786343,0.6015572083236231
M3,2027,5104,22,679,0.5817378497790869,0.5644708179155117,0.6136783326760659,0.5986406736834808
M3,2027,5104,23,679,0.5802650957290133,0.5665991150674012,0.6122986322737934,0.593750724446176
M3,2027,5104,24,679,0.5832106038291606,0.5655621134594093,0.6130461534800691,0.6004332476126867
M3,2027,5104,25,679,0.572901325478645,0.5561573761743056,0.61597020487371,0.5968586643517271
M3,2027,5104,26,679,0.5714285714285714,0.5574348316492403,0.6171594385458198,0.586846136250888
M3,2027,5104,27,679,0.5625920471281296,0.5451541019666359,0.6270672222914857,0.569078469638305
M3,2027,5104,28,679,0.5272459499263623,0.5003566274962911,0.6665402647760725,0.5174758947668647
M3,2027,5104,29,679,0.5228276877761414,0.4821418252925588,0.7094519631018168,0.4406981605735299
M3,2027,5104,30,679,0.5508100147275405,0.5322851149461015,0.640493674398522,0.5517738667813598
M3,2027,5104,31,679,0.5449189985272459,0.5221379213710992,0.6707638291222358,0.5077672791089097
M3,2027,5104,32,679,0.5213549337260678,0.48805119880721093,0.6793396294511997,0.4802743383674687
M3,2027,5104,33,679,0.5670103092783505,0.5538815402390539,0.6149610656482306,0.582906703437513
M3,2027,5104,34,679,0.5390279823269514,0.5294833305298936,0.6486544072057432,0.5434883498987138
M3,2027,5104,35,679,0.5110456553755522,0.5001456456170447,0.6964082819284853,0.4409352378622658
M3,2027,5104,36,679,0.5522827687776142,0.534189799387276,0.6311021158375691,0.5676203879361477
M3,2027,5104,37,679,0.540500736377025,0.520561903476179,0.6655272290834797,0.50415994415266
M3,2027,5104,38,679,0.508100147275405,0.4802617343680471,0.7008333926655582,0.44218312156752837
M3,2027,5104,39,679,0.5714285714285714,0.5552413888148076,0.6366484024519422,0.5512248371150674
M3,2027,5104,40,679,0.5272459499263623,0.5072044337443785,0.66058395811753,0.5223537040262944
M3,2027,5104,41,679,0.48748159057437407,0.4534902722898487,0.7154846947876098,0.40257665702615675
M3,2027,5104,42,679,0.572901325478645,0.5583180260891104,0.6159536179061842,0.5903749007479719
M3,2027,5104,43,679,0.5522827687776142,0.5417619946756895,0.6537428234260809,0.5108242671679428
M3,2027,5104,44,679,0.4801178203240059,0.4708075884952839,0.7203948714596182,0.37681471648818543
M3,2027,5104,45,679,0.5876288659793815,0.5722869992711943,0.6101175777076446,0.6082608787336606
M3,2027,5104,46,679,0.5817378497790869,0.5636383782030883,0.6115787800878769,0.600001919031545
M3,2027,5104,47,679,0.5817378497790869,0.5719918327157646,0.6081089339656577,0.6128444382124414
M3,2027,5104,48,679,0.5773195876288659,0.5590599876314162,0.6146425412575521,0.5994488985242997
M3,2027,5104,49,679,0.5773195876288659,0.560149655130575,0.6121892614814073,0.606133752992884
M3,2027,5104,50,679,0.5949926362297496,0.5836051582864693,0.5969909438767385,0.6167761225796727
M3,2027,5104,51,679,0.5891016200294551,0.5718872075150819,0.6117316788619327,0.6015359620097187
M3,2027,5104,52,679,0.5905743740795287,0.5761692248882947,0.6132011197628083,0.6060677966345133
M3,2027,5104,53,679,0.5802650957290133,0.5698860206716974,0.6134385446385536,0.6045455254423547
M3,2027,5104,54,679,0.5596465390279823,0.5437296843225841,0.6272985579690105,0.5602966918957156
M3,2027,5104,55,679,0.5537555228276878,0.5301982863503404,0.6548327242459043,0.5248188092068125
M3,2027,5104,56,679,0.5272459499263623,0.4957263277369842,0.7035515497113538,0.4208076518233644
M3,2027,5104,57,679,0.5567010309278351,0.5422756340305498,0.6372145075290649,0.5444545042474994
M3,2027,5104,58,679,0.5552282768777614,0.5417454247257842,0.6521236153651407,0.501397460714909
M3,2027,5104,59,679,0.5184094256259205,0.4940606530107765,0.6714282291056657,0.49439169370375363
M3,2027,5104,60,679,0.5478645066273933,0.5350950367655807,0.6368494698989022,0.5643990078170456
M3,2027,5104,61,679,0.5360824742268041,0.5292008852516243,0.6457542638144893,0.53486345964118
M3,2027,5104,62,679,0.5154639175257731,0.508619212419376,0.6907121351260325,0.4360075828775212
M3,2027,5105,0,679,0.5478645066273933,0.5278629536063014,0.6366947532051266,0.5606538623713903
M3,2027,5105,1,679,0.5346097201767305,0.5102311433307225,0.6685823115886399,0.5122467869170894
M3,2027,5105,2,679,0.5228276877761414,0.4795249491578747,0.6910105785450984,0.47172545120956194
M3,2027,5105,3,679,0.561119293078056,0.5448518537056629,0.641465034703443,0.5485072098324291
M3,2027,5105,4,679,0.5684830633284241,0.5471403342296847,0.6510291387695978,0.5184749662802772
M3,2027,5105,5,679,0.5228276877761414,0.4930874237972136,0.6968900214370466,0.4334637281853096
M3,2027,5105,6,679,0.5596465390279823,0.5464562967908618,0.6181892357843438,0.5713076608360912
M3,2027,5105,7,679,0.5552282768777614,0.5409149824587194,0.6575773651759649,0.5027490412513179
M3,2027,5105,8,679,0.49042709867452133,0.47197754041537787,0.7113995071670619,0.4004169333973935
M3,2027,5105,9,679,0.5817378497790869,0.5633388211986249,0.6127306536300895,0.6061216775775855
M3,2027,5105,10,679,0.5876288659793815,0.5662996111531297,0.6125911317096367,0.6007396800153703
M3,2027,5105,11,679,0.5758468335787923,0.5576946250662822,0.6141221174786473,0.6045718062559304
M3,2027,5105,12,679,0.5802650957290133,0.5593747631408804,0.6144307015658478,0.600716773902624
M3,2027,5105,13,679,0.5832106038291606,0.5668203082345207,0.6090526530774247,0.6120482215283822
M3,2027,5105,14,679,0.5905743740795287,0.5733856214705606,0.606709709706468,0.6157740682481545
M3,2027,5105,15,679,0.5787923416789397,0.5607505652013416,0.6108105467064566,0.607441818300795
M3,2027,5105,16,679,0.5817378497790869,0.5631761748888443,0.6136905573341387,0.6086888813045478
M3,2027,5105,17,679,0.5817378497790869,0.563601865651046,0.6091387445252493,0.6116376715144797
M3,2027,5105,18,679,0.5817378497790869,0.5646629641768034,0.6133038562246556,0.6000565576932521
M3,2027,5105,19,679,0.5846833578792342,0.568299626962584,0.6142807170551199,0.5996819190780567
M3,2027,5105,20,679,0.572901325478645,0.5608369270181396,0.6163706521398014,0.5958185042223704
M3,2027,5105,21,679,0.5802650957290133,0.5628107726546693,0.615417465721209,0.5967191366290644
M3,2027,5105,22,679,0.5802650957290133,0.5631955015256723,0.6156658530674205,0.5956385400813763
M3,2027,5105,23,679,0.5876288659793815,0.5734834826887444,0.6124092505501366,0.5920088919938972
M3,2027,5105,24,679,0.5787923416789397,0.5615331010452962,0.6142647930027283,0.6002712702876499
M3,2027,5105,25,679,0.5743740795287187,0.556647008048383,0.6148611261497015,0.5968971649843168
M3,2027,5105,26,679,0.5684830633284241,0.5554081628041181,0.6183926196705786,0.5876413888820404
M3,2027,5105,27,679,0.5537555228276878,0.5335238078767555,0.6255500237615189,0.583896341453418
M3,2027,5105,28,679,0.5316642120765832,0.5030910264515644,0.6751393624451094,0.4905407559035167
M3,2027,5105,29,679,0.5213549337260678,0.48309949215918957,0.7072350566710218,0.44013138777095334
M3,2027,5105,30,679,0.5743740795287187,0.5578864877142998,0.6311763993550822,0.5617449706907768
M3,2027,5105,31,679,0.5508100147275405,0.5269254934509074,0.6683946457061922,0.4971845622868399
M3,2027,5105,32,679,0.5095729013254786,0.4801441552564647,0.6889597202304185,0.4625617507675935
M3,2027,5105,33,679,0.5714285714285714,0.5560924032602597,0.6249824412748635,0.5818696183033576
M3,2027,5105,34,679,0.5375552282768777,0.5279726680414837,0.6517358044154163,0.5243014129053134
M3,2027,5105,35,679,0.5169366715758469,0.5074413412941277,0.6923588198309267,0.44665297065884757
M3,2027,5105,36,679,0.5375552282768777,0.5174226913875886,0.6377655352864947,0.5573868277249779
M3,2027,5105,37,679,0.5213549337260678,0.49827645913407514,0.6760936858508303,0.49620950587050844
M3,2027,5105,38,679,0.5022091310751104,0.4755616552210793,0.7106696538660067,0.41841964520524544
M3,2027,5105,39,679,0.5581737849779087,0.5440048173409047,0.6265800607792583,0.5675883169541398
M3,2027,5105,40,679,0.5640648011782032,0.5438602565442594,0.641862374320297,0.5353549075383378
M3,2027,5105,41,679,0.5154639175257731,0.4834225850463252,0.6987556415954289,0.41121672478895444
M3,2027,5105,42,679,0.5802650957290133,0.5666679265880394,0.6114882000547797,0.5910636635524341
M3,2027,5105,43,679,0.5419734904270986,0.5316593920054092,0.6528278213756952,0.5095510962122379
M3,2027,5105,44,679,0.47569955817378495,0.46852050431957915,0.7166503655541804,0.37658375553948065
M3,2027,5105,45,679,0.5876288659793815,0.567943643353137,0.6110739483222344,0.6030630007968744
M3,2027,5105,46,679,0.5861561119293078,0.5672600917773091,0.6086401006697906,0.6073530550595407
M3,2027,5105,47,679,0.5802650957290133,0.5706573892536777,0.6103930163892625,0.6098288041435914
M3,2027,5105,48,679,0.5861561119293078,0.5696055244365927,0.6087437294456499,0.600999558594319
M3,2027,5105,49,679,0.5891016200294551,0.5714540050425183,0.6066180750705708,0.6122700205648267
M3,2027,5105,50,679,0.5787923416789397,0.5646007392065975,0.6007840753655019,0.6180994602268949
M3,2027,5105,51,679,0.5743740795287187,0.5573362920568218,0.6104405406911875,0.6076874978599954
M3,2027,5105,52,679,0.5920471281296024,0.5811612780705502,0.6032650062542776,0.611301884126902
M3,2027,5105,53,679,0.5905743740795287,0.580621843963307,0.6066899743364556,0.6101475071620982
M3,2027,5105,54,679,0.5419734904270986,0.5233402951824004,0.6381722258538315,0.5467650907066183
M3,2027,5105,55,679,0.5301914580265096,0.5090318920728277,0.6815963449156863,0.4894373171449826
M3,2027,5105,56,679,0.5272459499263623,0.49969938392925417,0.7063756268882962,0.4305621196590657
M3,2027,5105,57,679,0.5655375552282769,0.5476500572296762,0.6265505439271281,0.563575842358538
M3,2027,5105,58,679,0.5331369661266568,0.5134646962233169,0.6702739083055895,0.5023602752273277
M3,2027,5105,59,679,0.5287187039764359,0.5035216028516993,0.6810938466411627,0.46413481164795245
M3,2027,5105,60,679,0.5463917525773195,0.5342739039661814,0.6374987642306817,0.5631294415510735
M3,2027,5105,61,679,0.5493372606774669,0.5437477359223941,0.6409734101507906,0.5433478694436137
M3,2027,5105,62,679,0.5154639175257731,0.5098941525296656,0.6793646212442283,0.4555537318820383
M3,2028,5101,0,679,0.5463917525773195,0.523258845548739,0.6451138611526307,0.5466984682142565
M3,2028,5101,1,679,0.5051546391752577,0.47393981608600577,0.6789634957887638,0.493914388884613
M3,2028,5101,2,679,0.4889543446244477,0.4549292966596552,0.7181348112660059,0.41837628923159115
M3,2028,5101,3,679,0.5552282768777614,0.5306949146986236,0.6499733746007896,0.5425794652956406
M3,2028,5101,4,679,0.5272459499263623,0.49164229894020006,0.6860455528055269,0.4706257180733523
M3,2028,5101,5,679,0.4786450662739323,0.4348769668776532,0.7180426077086023,0.40044761889399616
M3,2028,5101,6,679,0.5640648011782032,0.5364172183046692,0.6455730080648445,0.5559886446219997
M3,2028,5101,7,679,0.524300441826215,0.495245679409802,0.6839441774037168,0.47662122862664497
M3,2028,5101,8,679,0.4786450662739323,0.4366098726730911,0.730400146304771,0.3839781113470982
M3,2028,5101,9,679,0.593519882179676,0.5664381431959714,0.6161142653718437,0.5965010172398988
M3,2028,5101,10,679,0.572901325478645,0.5480724619824802,0.6196411769283011,0.5976861457511244
M3,2028,5101,11,679,0.5743740795287187,0.5509607120672934,0.6209787462394964,0.5996614251030022
M3,2028,5101,12,679,0.5817378497790869,0.5541189938534545,0.6230126301784051,0.5909507244385539
M3,2028,5101,13,679,0.5743740795287187,0.5443983617942377,0.6240655807490202,0.5968127733623014
M3,2028,5101,14,679,0.572901325478645,0.5478829526390502,0.6218206922418064,0.5964173282389679
M3,2028,5101,15,679,0.5891016200294551,0.5595371822266255,0.6149845464766815,0.6056970770117059
M3,2028,5101,16,679,0.5832106038291606,0.5562585948394608,0.6191792200169963,0.5939161998723425
M3,2028,5101,17,679,0.5832106038291606,0.5602952292200564,0.6209178797801921,0.592362205983588
M3,2028,5101,18,679,0.5891016200294551,0.5599870651155805,0.6204149440830692,0.591525211637704
M3,2028,5101,19,679,0.5964653902798233,0.5725705536495919,0.6195927288641108,0.5866062164244124
M3,2028,5101,20,679,0.5964653902798233,0.5750141533605551,0.6215611360912295,0.5867465336551604
M3,2028,5101,21,679,0.5979381443298969,0.5703469105775117,0.6198225550254771,0.5935076354883435
M3,2028,5101,22,679,0.5891016200294551,0.5618708748030253,0.6215872957271048,0.591753605682642
M3,2028,5101,23,679,0.5964653902798233,0.5694516741301967,0.6191335251563076,0.5907409135357151
M3,2028,5101,24,679,0.5891016200294551,0.5600333288810019,0.6204713353440056,0.5905692628630417
M3,2028,5101,25,679,0.5964653902798233,0.5688833442456631,0.6161527610843417,0.5918074512919873
M3,2028,5101,26,679,0.5920471281296024,0.5679376744754302,0.6169539159808489,0.589849161132406
M3,2028,5101,27,679,0.5625920471281296,0.5394502539460866,0.6380355034424033,0.5636820476632638
M3,2028,5101,28,679,0.5022091310751104,0.47267492894534724,0.6792639599940211,0.49096770600653106
M3,2028,5101,29,679,0.49189985272459497,0.46032705244621586,0.6990144977206159,0.45210766211615505
M3,2028,5101,30,679,0.5655375552282769,0.5410525924749284,0.6319853128626701,0.5638564143808108
M3,2028,5101,31,679,0.5051546391752577,0.4741432452660679,0.6833027995607112,0.4751000721338525
M3,2028,5101,32,679,0.49042709867452133,0.46111528495679244,0.7113814840260592,0.4200666401585896
M3,2028,5101,33,679,0.5552282768777614,0.529647466259231,0.6326151495259008,0.5824350482035752
M3,2028,5101,34,679,0.5066273932253313,0.4819177457514159,0.6817820612258869,0.48599483625198453
M3,2028,5101,35,679,0.4742268041237113,0.44874714583720077,0.7162285396425995,0.3985039739580856
M3,2028,5101,36,679,0.561119293078056,0.5338750789681066,0.6413227668874218,0.5463380828402359
M3,2028,5101,37,679,0.5346097201767305,0.5105820425546534,0.6805959767243648,0.48510764322991445
M3,2028,5101,38,679,0.4948453608247423,0.4634307818475468,0.717860593338427,0.42084954799520485
M3,2028,5101,39,679,0.5567010309278351,0.5286525492475149,0.6448074207697421,0.5537732031762784
M3,2028,5101,40,679,0.5198821796759941,0.4834246445211332,0.6791622326853349,0.4771003946359527
M3,2028,5101,41,679,0.5007363770250368,0.453364686938628,0.7204023584043154,0.39213975033504606
M3,2028,5101,42,679,0.5655375552282769,0.5381995366387649,0.6382028275061075,0.5654938893961243
M3,2028,5101,43,679,0.5434462444771723,0.5206567934077935,0.6771813485118532,0.49603226461136485
M3,2028,5101,44,679,0.48748159057437407,0.45090810275604276,0.7257707165732475,0.37209068500335657
M3,2028,5101,45,679,0.5846833578792342,0.5580693907314088,0.6194973711983269,0.5963030584254443
M3,2028,5101,46,679,0.5876288659793815,0.5689789945521297,0.618623770147957,0.5964096214173573
M3,2028,5101,47,679,0.5817378497790869,0.5667520044455029,0.6138307585851434,0.6022393893197661
M3,2028,5101,48,679,0.6023564064801178,0.5743455225700407,0.6136989683044501,0.6017189815952987
M3,2028,5101,49,679,0.5787923416789397,0.5560394701560208,0.6143374405307517,0.6090323874598276
M3,2028,5101,50,679,0.5979381443298969,0.5785173752170959,0.6127261892509741,0.5999130943225731
M3,2028,5101,51,679,0.593519882179676,0.5656057384807176,0.6167966789279314,0.6016045215979194
M3,2028,5101,52,679,0.6038291605301914,0.5826352209999484,0.6107922570343748,0.600606878817523
M3,2028,5101,53,679,0.5949926362297496,0.5795795158918674,0.6082914074847203,0.6058578544617741
M3,2028,5101,54,679,0.5640648011782032,0.5418865931239776,0.6363608418183404,0.5543912722490025
M3,2028,5101,55,679,0.5257731958762887,0.5020898985901038,0.6689373257628948,0.5079315951947976
M3,2028,5101,56,679,0.5169366715758469,0.4894078354755851,0.6812853849820781,0.4663677949244898
M3,2028,5101,57,679,0.5758468335787923,0.5515788831028118,0.6410139973586718,0.5331114609727244
M3,2028,5101,58,679,0.5331369661266568,0.5018330645301146,0.6637007462214651,0.48998280858969784
M3,2028,5101,59,679,0.4727540500736377,0.44104326500544344,0.7003306294181034,0.4163189424521822
M3,2028,5101,60,679,0.5802650957290133,0.5533992686004483,0.6290280250763858,0.5809337264620583
M3,2028,5101,61,679,0.5419734904270986,0.5218104661039444,0.662513208560459,0.5147012674717757
M3,2028,5101,62,679,0.4683357879234168,0.4431725335446989,0.7072796694528372,0.39613291012854634
M3,2028,5102,0,679,0.5522827687776142,0.5258512497050661,0.6452737419656169,0.5481577329370864
M3,2028,5102,1,679,0.5154639175257731,0.4888825448236297,0.6840746999884214,0.48017250930286304
M3,2028,5102,2,679,0.4963181148748159,0.46098053977328424,0.7180606881938381,0.4196122298129996
M3,2028,5102,3,679,0.572901325478645,0.542953911476462,0.6429756380540809,0.5487987315020589
M3,2028,5102,4,679,0.5390279823269514,0.5035522305347742,0.6739540792047012,0.493191356484857
M3,2028,5102,5,679,0.48600883652430044,0.44276976608758245,0.7064566555404171,0.4208873329451878
M3,2028,5102,6,679,0.5625920471281296,0.5341777548861104,0.6438947250416422,0.5557990459981004
M3,2028,5102,7,679,0.5125184094256259,0.4830077548259726,0.6826364092298389,0.48294117579704937
M3,2028,5102,8,679,0.48600883652430044,0.44818394674716516,0.7222522113346035,0.401592621180352
M3,2028,5102,9,679,0.5876288659793815,0.5584138007770442,0.6205789840976339,0.5941301609442178
M3,2028,5102,10,679,0.5670103092783505,0.5387680070807931,0.6260735041658025,0.5874061324061652
M3,2028,5102,11,679,0.5787923416789397,0.5567187784347655,0.6181157654664302,0.6004389886493716
M3,2028,5102,12,679,0.5861561119293078,0.5592386933823779,0.6175703299238685,0.5942818414817282
M3,2028,5102,13,679,0.5891016200294551,0.565053980946035,0.6099792545077025,0.6081512953093141
M3,2028,5102,14,679,0.593519882179676,0.5696912807676262,0.6161748633907891,0.5998092947514954
M3,2028,5102,15,679,0.5817378497790869,0.5535572966128521,0.6213096707225373,0.594028990444292
M3,2028,5102,16,679,0.572901325478645,0.5450331312856866,0.6199847664766354,0.592686285698318
M3,2028,5102,17,679,0.5802650957290133,0.5571137847059051,0.6226940659342528,0.5873267540601996
M3,2028,5102,18,679,0.5861561119293078,0.5572649683789166,0.6227677204208627,0.5877920807354807
M3,2028,5102,19,679,0.5964653902798233,0.572340447134705,0.6211143392350783,0.5855938536348648
M3,2028,5102,20,679,0.5964653902798233,0.5748539549012736,0.6207501020979285,0.5886980364037703
M3,2028,5102,21,679,0.5964653902798233,0.5692358237531615,0.6192967461995418,0.5897593991224462
M3,2028,5102,22,679,0.5949926362297496,0.567388530300498,0.6180535707189339,0.5855468994602063
M3,2028,5102,23,679,0.5949926362297496,0.5674400351314349,0.6191098401665863,0.5908288237696863
M3,2028,5102,24,679,0.5979381443298969,0.5701052237735944,0.618335390696645,0.591514816874167
M3,2028,5102,25,679,0.5964653902798233,0.5721304540122686,0.6162513550672686,0.5922947479837354
M3,2028,5102,26,679,0.593519882179676,0.5687806373520659,0.6160594488278756,0.5906261043927871
M3,2028,5102,27,679,0.5567010309278351,0.5360644995887601,0.637272615320377,0.5660374615759388
M3,2028,5102,28,679,0.524300441826215,0.502301442807724,0.6701532299239435,0.5065254666209881
M3,2028,5102,29,679,0.5022091310751104,0.4700528702663431,0.6931792049283307,0.46014640008956503
M3,2028,5102,30,679,0.5699558173784978,0.5429372099038385,0.636904999174847,0.5672507333682029
M3,2028,5102,31,679,0.5552282768777614,0.5295715142580847,0.667636141795473,0.4975688738115428
M3,2028,5102,32,679,0.48306332842415317,0.4491024404901139,0.7118942767864475,0.41680560884662776
M3,2028,5102,33,679,0.5581737849779087,0.5286360557118344,0.6432697297854346,0.5633831834129222
M3,2028,5102,34,679,0.5095729013254786,0.48727630290305946,0.6733641774340126,0.4998224605661453
M3,2028,5102,35,679,0.4786450662739323,0.4512348461019644,0.7056484622921965,0.4109817535665143
M3,2028,5102,36,679,0.5581737849779087,0.5391399425273224,0.6321770815900218,0.5681444097377389
M3,2028,5102,37,679,0.5198821796759941,0.49442049845665414,0.6834698256889745,0.4795492318332809
M3,2028,5102,38,679,0.4948453608247423,0.4681019767865776,0.710924331652925,0.42941130538306554
M3,2028,5102,39,679,0.5625920471281296,0.5345842475674336,0.6527329289816616,0.522345615539712
M3,2028,5102,40,679,0.5301914580265096,0.49577611202415783,0.6784333887568981,0.46467542794496347
M3,2028,5102,41,679,0.5125184094256259,0.47395288449923434,0.7029406513706047,0.42294145173109793
M3,2028,5102,42,679,0.5640648011782032,0.5338815137705568,0.6327147233424727,0.5804963830253185
M3,2028,5102,43,679,0.5449189985272459,0.5173129148316722,0.6663549978489026,0.5132791951196332
M3,2028,5102,44,679,0.4845360824742268,0.45273533844889013,0.7210328692847394,0.3855965945072481
M3,2028,5102,45,679,0.593519882179676,0.56606289559441,0.6201159112671163,0.5882401606963441
M3,2028,5102,46,679,0.5905743740795287,0.5714777320143193,0.6141494025142976,0.6043220153815075
M3,2028,5102,47,679,0.5817378497790869,0.5655477155765436,0.6139513097253569,0.6029960557075129
M3,2028,5102,48,679,0.5920471281296024,0.5637661630813293,0.619881689153469,0.5955087114639583
M3,2028,5102,49,679,0.593519882179676,0.5694729865117882,0.6170171289012077,0.5945425286793851
M3,2028,5102,50,679,0.5994108983799705,0.5825952772931192,0.6046797762212065,0.6111521587042807
M3,2028,5102,51,679,0.5920471281296024,0.5647583799175735,0.6157023041606476,0.6012862073852199
M3,2028,5102,52,679,0.5891016200294551,0.569345181234152,0.6111939921645949,0.6016850401738363
M3,2028,5102,53,679,0.6023564064801178,0.5876140128273021,0.6106986873982054,0.5972646104974458
M3,2028,5102,54,679,0.5581737849779087,0.5362442170192493,0.6351271139811697,0.5573506479196965
M3,2028,5102,55,679,0.5478645066273933,0.527758150244092,0.6578152370865461,0.5239145103989766
M3,2028,5102,56,679,0.4948453608247423,0.4683294908207625,0.691789956678347,0.4598004165092135
M3,2028,5102,57,679,0.5596465390279823,0.5309450867542863,0.6273991061547368,0.5685913638291864
M3,2028,5102,58,679,0.5213549337260678,0.49400947288006114,0.673365879238793,0.4959716704503056
M3,2028,5102,59,679,0.48600883652430044,0.44715611557593793,0.6989300703747809,0.4096122965248569
M3,2028,5102,60,679,0.5567010309278351,0.5297304292019837,0.6464333406955399,0.5491838132523977
M3,2028,5102,61,679,0.508100147275405,0.4803632436046119,0.67150167883847,0.500406497312187
M3,2028,5102,62,679,0.46244477172312226,0.4374770478961236,0.6981552356692231,0.42301139181040415
M3,2028,5103,0,679,0.5640648011782032,0.539094795380196,0.6417827448411262,0.552437931089036
M3,2028,5103,1,679,0.5184094256259205,0.4885410506088941,0.6819656390548631,0.48315324039183055
M3,2028,5103,2,679,0.4963181148748159,0.46266918291844816,0.7130557380517909,0.42326260045493186
M3,2028,5103,3,679,0.561119293078056,0.5321522995106349,0.6457940957375935,0.5365302407599021
M3,2028,5103,4,679,0.5346097201767305,0.49994654808992356,0.6754809093712356,0.501643778635762
M3,2028,5103,5,679,0.48748159057437407,0.44671683623455477,0.7126150139784426,0.416410388906195
M3,2028,5103,6,679,0.5567010309278351,0.5298608607405627,0.6441932541588444,0.5639078669944154
M3,2028,5103,7,679,0.5125184094256259,0.4824577408828312,0.6826975525786143,0.49496886096617804
M3,2028,5103,8,679,0.49337260677466865,0.4541267187667848,0.7219526332107665,0.39577223538115475
M3,2028,5103,9,679,0.5876288659793815,0.5603093523420515,0.6182709129112985,0.594461888397796
M3,2028,5103,10,679,0.5684830633284241,0.5432872899563412,0.6232837938288,0.5903686458356455
M3,2028,5103,11,679,0.5817378497790869,0.5563993067725981,0.6183324449850639,0.6040036338871644
M3,2028,5103,12,679,0.5846833578792342,0.55847198578185,0.6184096108128992,0.5932545358692523
M3,2028,5103,13,679,0.5846833578792342,0.5544957113280095,0.6202394070435694,0.593177704632248
M3,2028,5103,14,679,0.5846833578792342,0.5619275558129061,0.6183986109468828,0.5982060387824394
M3,2028,5103,15,679,0.5832106038291606,0.554861811751847,0.6219029320357299,0.5913439470837057
M3,2028,5103,16,679,0.5817378497790869,0.5550497452584908,0.622398477678622,0.5889269461312334
M3,2028,5103,17,679,0.5832106038291606,0.5588825091929857,0.6172457443596864,0.5991169112759195
M3,2028,5103,18,679,0.5905743740795287,0.5623694737715368,0.6208662808117003,0.590300648696909
M3,2028,5103,19,679,0.5994108983799705,0.5760885848277968,0.6171091135717457,0.5919445521927886
M3,2028,5103,20,679,0.5979381443298969,0.575239083960141,0.6244607466397826,0.5818918767745526
M3,2028,5103,21,679,0.593519882179676,0.5641638807135096,0.6199213660957185,0.5915415552858292
M3,2028,5103,22,679,0.6008836524300442,0.5733248141901905,0.6195384509784659,0.5893517558558431
M3,2028,5103,23,679,0.593519882179676,0.56480894282421,0.6210130648426876,0.5888480487560744
M3,2028,5103,24,679,0.5964653902798233,0.5680153068092225,0.6186736687820333,0.5912159061696586
M3,2028,5103,25,679,0.5920471281296024,0.5654517606208427,0.6146864417901973,0.5933321695675613
M3,2028,5103,26,679,0.5920471281296024,0.5683127123605104,0.6165758136094758,0.5889546851035915
M3,2028,5103,27,679,0.5508100147275405,0.5268286566864766,0.6493252975556215,0.5469382279294436
M3,2028,5103,28,679,0.5154639175257731,0.4899584191095926,0.6764949084601101,0.5072812130726423
M3,2028,5103,29,679,0.4963181148748159,0.46152393614247456,0.6952653718846185,0.45925280416434294
M3,2028,5103,30,679,0.5596465390279823,0.5352988932223695,0.6413760404918611,0.5475807648822282
M3,2028,5103,31,679,0.5463917525773195,0.5179750719799153,0.6557002422428623,0.5141589962682529
M3,2028,5103,32,679,0.4963181148748159,0.4577291700444961,0.7090111100313765,0.42813548752559855
M3,2028,5103,33,679,0.5655375552282769,0.5355442921984425,0.6392774350601023,0.559383708279449
M3,2028,5103,34,679,0.5095729013254786,0.48575566837350737,0.675159629406915,0.4960848305606278
M3,2028,5103,35,679,0.4683357879234168,0.4392805410222771,0.7089415984187105,0.4121641781441264
M3,2028,5103,36,679,0.5360824742268041,0.5140527825829364,0.6517162755548691,0.5313660364915238
M3,2028,5103,37,679,0.5169366715758469,0.4952490827167273,0.6711244929653204,0.49722557408166806
M3,2028,5103,38,679,0.49189985272459497,0.46196048854515204,0.7219282548671618,0.4109803374823851
M3,2028,5103,39,679,0.5655375552282769,0.5335575412198766,0.6370692886686465,0.5529008351406941
M3,2028,5103,40,679,0.5257731958762887,0.49190166922315876,0.6721270586280303,0.4883420071522092
M3,2028,5103,41,679,0.5095729013254786,0.4701696554973843,0.7074726864980844,0.415384065809874
M3,2028,5103,42,679,0.5640648011782032,0.5349005062830707,0.6439070441980952,0.559867759143429
M3,2028,5103,43,679,0.5360824742268041,0.5094981457042811,0.6745513439485707,0.501372406774532
M3,2028,5103,44,679,0.49337260677466865,0.455001838928119,0.7160423906500807,0.3883396792360751
M3,2028,5103,45,679,0.5920471281296024,0.5660753628785078,0.6205671271624726,0.5911511183212057
M3,2028,5103,46,679,0.5876288659793815,0.5678136965055587,0.611896409004356,0.6007412917344235
M3,2028,5103,47,679,0.5758468335787923,0.5614079259870501,0.6147571901992425,0.6043058110617519
M3,2028,5103,48,679,0.5817378497790869,0.5541059355960607,0.6205799656430471,0.5905763469196187
M3,2028,5103,49,679,0.5876288659793815,0.5626565130380443,0.6149804739169064,0.5974683431945372
M3,2028,5103,50,679,0.6008836524300442,0.5820059626590096,0.6098135741803362,0.6022946585633115
M3,2028,5103,51,679,0.5905743740795287,0.5630333584510688,0.6194025681015318,0.5909206822340715
M3,2028,5103,52,679,0.6038291605301914,0.579796190876627,0.6057446915464303,0.6066349296514979
M3,2028,5103,53,679,0.5920471281296024,0.5785180486223919,0.6069773783652175,0.6071439696638272
M3,2028,5103,54,679,0.5596465390279823,0.5392464139609549,0.632068211687331,0.5791201493791593
M3,2028,5103,55,679,0.5287187039764359,0.5059296108833947,0.6653683489525968,0.4960655635080417
M3,2028,5103,56,679,0.5169366715758469,0.4875894294479251,0.6830264736564943,0.46644656496963816
M3,2028,5103,57,679,0.5537555228276878,0.5285539343337269,0.6392157384810286,0.5539774418979769
M3,2028,5103,58,679,0.5581737849779087,0.5292026902201369,0.6608945598965716,0.4768610595158722
M3,2028,5103,59,679,0.4963181148748159,0.4664290433131013,0.6995193778546815,0.41614777331967284
M3,2028,5103,60,679,0.5581737849779087,0.5307390931104727,0.6392116610492978,0.5488757053397763
M3,2028,5103,61,679,0.524300441826215,0.5040840060447903,0.6720923160549819,0.49173011114337806
M3,2028,5103,62,679,0.4683357879234168,0.44142810139343935,0.7034558747100901,0.408385042651484
M3,2028,5104,0,679,0.5463917525773195,0.5199537854236896,0.6489327218773088,0.5422657079379275
M3,2028,5104,1,679,0.508100147275405,0.4820586820586821,0.677398778311634,0.48718546530304213
M3,2028,5104,2,679,0.49189985272459497,0.4557485957217703,0.715901322520183,0.4232851356881813
M3,2028,5104,3,679,0.5537555228276878,0.5229525771250864,0.6516250775076328,0.5341995140187371
M3,2028,5104,4,679,0.5184094256259205,0.48329387246397226,0.6837806133045891,0.4857096174298029
M3,2028,5104,5,679,0.4948453608247423,0.4524191543020305,0.7174159148611974,0.3969430848860763
M3,2028,5104,6,679,0.5508100147275405,0.5197691197691198,0.6493242064570468,0.5470251264856846
M3,2028,5104,7,679,0.5169366715758469,0.48678847796251423,0.6812621493095502,0.4883941030852994
M3,2028,5104,8,679,0.48306332842415317,0.44482042469446936,0.725820401258251,0.3878586074518854
M3,2028,5104,9,679,0.5964653902798233,0.5698303259737136,0.6187548758091737,0.5960452324231422
M3,2028,5104,10,679,0.5699558173784978,0.5421272263971522,0.6266514444079069,0.5876010110705158
M3,2028,5104,11,679,0.5758468335787923,0.552234225806231,0.6190635058288195,0.6013219840215789
M3,2028,5104,12,679,0.5905743740795287,0.5610637255837324,0.6166482353816152,0.5957763510497199
M3,2028,5104,13,679,0.5743740795287187,0.5487335660018703,0.626116278771975,0.5888552234151317
M3,2028,5104,14,679,0.5905743740795287,0.564111559930496,0.6162456504901835,0.5978651126250075
M3,2028,5104,15,679,0.5905743740795287,0.5591925973911693,0.6188452378990724,0.5949005319049105
M3,2028,5104,16,679,0.5758468335787923,0.5484938761999337,0.621647069134663,0.5941746514677873
M3,2028,5104,17,679,0.5832106038291606,0.5602813266227901,0.6185990215137886,0.5954873169330597
M3,2028,5104,18,679,0.5979381443298969,0.5683008079800057,0.6183460668190238,0.5923581771450299
M3,2028,5104,19,679,0.5979381443298969,0.5712676149715288,0.6173332513519871,0.5935575409145729
M3,2028,5104,20,679,0.5920471281296024,0.5677582996964861,0.621948312457777,0.5864042658352681
M3,2028,5104,21,679,0.5920471281296024,0.5637176509458153,0.6199119926727924,0.5920068976436156
M3,2028,5104,22,679,0.5891016200294551,0.5624152077335096,0.6208548116139705,0.5905213761308462
M3,2028,5104,23,679,0.5964653902798233,0.5706500602290714,0.6181306889464473,0.5924412265231508
M3,2028,5104,24,679,0.593519882179676,0.5652808017971315,0.6194275049204679,0.5914284539042958
M3,2028,5104,25,679,0.5979381443298969,0.5721838222317885,0.6175294865652458,0.5900908386377421
M3,2028,5104,26,679,0.5920471281296024,0.5681895679217931,0.6177386347868306,0.5869340612176764
M3,2028,5104,27,679,0.5699558173784978,0.5493764961720543,0.6386489790256666,0.5523115936702909
M3,2028,5104,28,679,0.5331369661266568,0.5068640002745435,0.6736994920537117,0.5003232492476386
M3,2028,5104,29,679,0.49337260677466865,0.4574979379513248,0.6967824513369703,0.4622501450906298
M3,2028,5104,30,679,0.5449189985272459,0.5160514037280445,0.6430232966639683,0.5545835754121525
M3,2028,5104,31,679,0.5346097201767305,0.5070972863201145,0.6720084865112543,0.4951325185318654
M3,2028,5104,32,679,0.4889543446244477,0.455151424153709,0.6986467612246174,0.4422614526769609
M3,2028,5104,33,679,0.5699558173784978,0.5419577454778937,0.6287927343804988,0.5804293981321919
M3,2028,5104,34,679,0.5066273932253313,0.4805408333110632,0.67636872099408,0.4954636157495353
M3,2028,5104,35,679,0.47128129602356406,0.442685133658979,0.7101683855627352,0.40171554450556224
M3,2028,5104,36,679,0.5640648011782032,0.5391108294592009,0.6379314102506778,0.5516623560521753
M3,2028,5104,37,679,0.5213549337260678,0.4913289066545772,0.6756202115269929,0.493292377747356
M3,2028,5104,38,679,0.4948453608247423,0.46267051766585665,0.7132119388266059,0.4268230728323247
M3,2028,5104,39,679,0.5552282768777614,0.5252075028340092,0.6537575662706667,0.5366743689876978
M3,2028,5104,40,679,0.5301914580265096,0.49156605660116814,0.6766988720432121,0.5055031461187313
M3,2028,5104,41,679,0.5022091310751104,0.4597241909724954,0.7156403276943142,0.4060653895732234
M3,2028,5104,42,679,0.5640648011782032,0.5372785401080263,0.6343870321631607,0.5748183550644229
M3,2028,5104,43,679,0.5346097201767305,0.5106722980477133,0.6698709791512483,0.5020779680462858
M3,2028,5104,44,679,0.48600883652430044,0.4485024703037948,0.7212157305412334,0.37541886087284143
M3,2028,5104,45,679,0.5964653902798233,0.5682018728759819,0.6177247083020315,0.5951968585822165
M3,2028,5104,46,679,0.5758468335787923,0.5550842938950326,0.6201213715222166,0.5935893054302809
M3,2028,5104,47,679,0.5758468335787923,0.5616979756390461,0.6090432221785912,0.6130018941955305
M3,2028,5104,48,679,0.5979381443298969,0.5700127444047685,0.6129605289938173,0.59929310167559
M3,2028,5104,49,679,0.5802650957290133,0.555995733565827,0.6197468983407224,0.5990991996287769
M3,2028,5104,50,679,0.5949926362297496,0.5752580533339319,0.608477106282216,0.6052423591527492
M3,2028,5104,51,679,0.5846833578792342,0.5555116673570428,0.6199217023923225,0.5942596941044246
M3,2028,5104,52,679,0.5964653902798233,0.5745784193803996,0.6116535637269842,0.6061353256855097
M3,2028,5104,53,679,0.5905743740795287,0.5731021865451061,0.6089640186882862,0.6067450968501884
M3,2028,5104,54,679,0.5773195876288659,0.5569986993030623,0.6312744962668735,0.5553592752512848
M3,2028,5104,55,679,0.5272459499263623,0.5027950930876245,0.6652230684685251,0.5227881973496362
M3,2028,5104,56,679,0.5213549337260678,0.4909072512570498,0.6804986709128072,0.47262637251562123
M3,2028,5104,57,679,0.5537555228276878,0.5274914298995256,0.6480155361374629,0.5298887500606958
M3,2028,5104,58,679,0.5522827687776142,0.5207668550308343,0.6689275481871196,0.47053753032600454
M3,2028,5104,59,679,0.4963181148748159,0.46629044916968987,0.6839021075412697,0.4719338967827957
M3,2028,5104,60,679,0.561119293078056,0.5312659618988831,0.6441311781158855,0.5565126397246631
M3,2028,5104,61,679,0.5139911634756995,0.4956269028608711,0.6641371574291249,0.5110529642074144
M3,2028,5104,62,679,0.4801178203240059,0.4494181314351843,0.6933317975153452,0.4222187074088563
M3,2028,5105,0,679,0.5508100147275405,0.5266022199332819,0.6454146652535943,0.5535893628772173
M3,2028,5105,1,679,0.5051546391752577,0.47807877518990916,0.6903607320583621,0.4662909977893959
M3,2028,5105,2,679,0.4889543446244477,0.4550801261935246,0.7147558082844266,0.4191575201340551
M3,2028,5105,3,679,0.5567010309278351,0.5280528750885404,0.6482619109271377,0.5421672692502656
M3,2028,5105,4,679,0.5139911634756995,0.4744508401605004,0.6802220090631181,0.47477479246879395
M3,2028,5105,5,679,0.49779086892488955,0.4609550577923517,0.7097467052611757,0.4188530090689904
M3,2028,5105,6,679,0.5684830633284241,0.5413521191862966,0.6377536819723815,0.5640965416876962
M3,2028,5105,7,679,0.5110456553755522,0.4779487664043557,0.6929882588153032,0.469206945168249
M3,2028,5105,8,679,0.4801178203240059,0.44441089735231376,0.7243537653308905,0.39747688241651785
M3,2028,5105,9,679,0.5920471281296024,0.5635442356625563,0.6201751751822471,0.5911854186930594
M3,2028,5105,10,679,0.5891016200294551,0.5621253840979328,0.6163079486021412,0.6036127311010303
M3,2028,5105,11,679,0.5743740795287187,0.5499810671360565,0.6206001911712852,0.6038442116726014
M3,2028,5105,12,679,0.5787923416789397,0.5505451608561045,0.6258868287167949,0.585119705326777
M3,2028,5105,13,679,0.5787923416789397,0.5518103712290108,0.623255846514442,0.5909061395374814
M3,2028,5105,14,679,0.5787923416789397,0.55474413971827,0.6172331238003648,0.6015116034267766
M3,2028,5105,15,679,0.5876288659793815,0.5601458212569324,0.6166460327529767,0.5989274005741301
M3,2028,5105,16,679,0.5714285714285714,0.5451369016611343,0.6228589140789498,0.5913697394190127
M3,2028,5105,17,679,0.5891016200294551,0.5663267608477637,0.6174893246220208,0.5959392657424529
M3,2028,5105,18,679,0.593519882179676,0.564300873022499,0.6185732910050208,0.5920827284489298
M3,2028,5105,19,679,0.5891016200294551,0.5650960517729942,0.6182436487021608,0.5961653904806262
M3,2028,5105,20,679,0.5964653902798233,0.5745004938953175,0.6198793113758356,0.585430078098506
M3,2028,5105,21,679,0.5979381443298969,0.5701007111066348,0.6188494470052761,0.5902648399488932
M3,2028,5105,22,679,0.5994108983799705,0.5721011985182873,0.619005567941469,0.5907298376175439
M3,2028,5105,23,679,0.5994108983799705,0.5705787338838186,0.619462307712642,0.5925500528212893
M3,2028,5105,24,679,0.593519882179676,0.5644235988969231,0.6190474136500717,0.5913538901698043
M3,2028,5105,25,679,0.5964653902798233,0.5702807441998238,0.6147744362852886,0.5955834165517876
M3,2028,5105,26,679,0.5891016200294551,0.5668733010867224,0.6159831760382617,0.5872818912707736
M3,2028,5105,27,679,0.5522827687776142,0.5323318250377074,0.6403205404620459,0.5626922192202645
M3,2028,5105,28,679,0.5110456553755522,0.48683682487568236,0.6784554068794658,0.4917421776859808
M3,2028,5105,29,679,0.49189985272459497,0.457840019626086,0.6993081863525163,0.45298238481601055
M3,2028,5105,30,679,0.5552282768777614,0.5286725270773358,0.6474097851932663,0.5384443553876034
M3,2028,5105,31,679,0.5390279823269514,0.5102964181840759,0.6690199491684496,0.4843081845035902
M3,2028,5105,32,679,0.49779086892488955,0.4663056865887182,0.7011031742387387,0.43720411635509787
M3,2028,5105,33,679,0.5670103092783505,0.5376556074111036,0.6360975481317391,0.5731823858009295
M3,2028,5105,34,679,0.508100147275405,0.48218097161113294,0.677660959217264,0.49344856534530857
M3,2028,5105,35,679,0.4683357879234168,0.43962131251971104,0.7137530469534499,0.4048537065042251
M3,2028,5105,36,679,0.5640648011782032,0.5359462117315081,0.635388496017772,0.5613912151949951
M3,2028,5105,37,679,0.5213549337260678,0.49535914816756454,0.6763167670312089,0.49474476657466787
M3,2028,5105,38,679,0.5022091310751104,0.47138507214044556,0.714239443371152,0.4237245931381609
M3,2028,5105,39,679,0.5522827687776142,0.5205792003365767,0.6477968143916446,0.5409407514666666
M3,2028,5105,40,679,0.5390279823269514,0.5034492373941915,0.6626844039853438,0.5071081178644538
M3,2028,5105,41,679,0.5095729013254786,0.4680035943116112,0.7161174457141682,0.3886664383795101
M3,2028,5105,42,679,0.5596465390279823,0.5330480441004948,0.6414374616737745,0.5605485353634022
M3,2028,5105,43,679,0.5301914580265096,0.49846141357272256,0.6756893584013688,0.4911745715100507
M3,2028,5105,44,679,0.49337260677466865,0.46002535598421324,0.7210619581070494,0.37321943999371404
M3,2028,5105,45,679,0.5920471281296024,0.5666365783856234,0.6156692430706193,0.5983119056019366
M3,2028,5105,46,679,0.5905743740795287,0.5703080473361678,0.6126973028781664,0.6039388337525643
M3,2028,5105,47,679,0.5743740795287187,0.559642757983516,0.6162495475059405,0.6018369189500425
M3,2028,5105,48,679,0.5920471281296024,0.5616928005144218,0.6227799370467926,0.5922341946638535
M3,2028,5105,49,679,0.5994108983799705,0.5734612072644855,0.6047771889304904,0.6090315240431508
M3,2028,5105,50,679,0.5876288659793815,0.5662588235294118,0.6080170143423095,0.6091464411393257
M3,2028,5105,51,679,0.5920471281296024,0.5644773559462173,0.6106734449628175,0.6075599843130502
M3,2028,5105,52,679,0.5861561119293078,0.5679936950104358,0.6137048698665467,0.5978636372008747
M3,2028,5105,53,679,0.6008836524300442,0.5857065483901661,0.6078383386661799,0.603938388040508
M3,2028,5105,54,679,0.5758468335787923,0.5508449677441272,0.6382433494034502,0.5538444899257313
M3,2028,5105,55,679,0.5184094256259205,0.4939742960758934,0.6798591604332861,0.48005744035765624
M3,2028,5105,56,679,0.508100147275405,0.48046591156753204,0.6900468618116603,0.46221124675815606
M3,2028,5105,57,679,0.572901325478645,0.5447795045952701,0.633606496918535,0.5613348029957188
M3,2028,5105,58,679,0.5508100147275405,0.5245134564845543,0.6622471211804557,0.4948705253278303
M3,2028,5105,59,679,0.5184094256259205,0.48462196506904864,0.6859987248859981,0.44528638387740743
M3,2028,5105,60,679,0.5567010309278351,0.5298049771121973,0.6428583298586255,0.5659412381699458
M3,2028,5105,61,679,0.5198821796759941,0.49737714039901537,0.665084698611928,0.5126940505086701
M3,2028,5105,62,679,0.4727540500736377,0.446938505254727,0.6968881825591398,0.4396477376549558
M3,2029,5101,0,679,0.5390279823269514,0.5311027250426089,0.6392798364513577,0.5930698965340343
M3,2029,5101,1,679,0.5213549337260678,0.5127362956027851,0.6773665960609299,0.5470780595359649
M3,2029,5101,2,679,0.4580265095729013,0.45519391878391957,0.7324381786918429,0.4594363261075401
M3,2029,5101,3,679,0.5272459499263623,0.5186433027444242,0.6537440061700889,0.578342757980408
M3,2029,5101,4,679,0.49042709867452133,0.48377335899841,0.694008099993304,0.5192230347546777
M3,2029,5101,5,679,0.4477172312223859,0.4423727245710236,0.7420363099436346,0.4397748144378088
M3,2029,5101,6,679,0.5552282768777614,0.5468262007667374,0.6393868495025761,0.6039271389706291
M3,2029,5101,7,679,0.49189985272459497,0.48560250078759726,0.6833854288916174,0.5520932435030059
M3,2029,5101,8,679,0.44624447717231225,0.441854252452309,0.756205038070152,0.418323917655415
M3,2029,5101,9,679,0.5625920471281296,0.5552538808639322,0.6177489039911964,0.624527883697664
M3,2029,5101,10,679,0.5640648011782032,0.5554159102546199,0.6126788810707507,0.6283114673939274
M3,2029,5101,11,679,0.5773195876288659,0.5676812049505776,0.6067776777212328,0.6372349651933427
M3,2029,5101,12,679,0.5567010309278351,0.5463174438031383,0.6189648114002154,0.6302352535638448
M3,2029,5101,13,679,0.5655375552282769,0.5570488648012075,0.6184661196152487,0.622727606912577
M3,2029,5101,14,679,0.5817378497790869,0.5704461412764571,0.6041140290791929,0.6430924619140314
M3,2029,5101,15,679,0.5743740795287187,0.5649971086557878,0.6172726956663848,0.6288135542199452
M3,2029,5101,16,679,0.5773195876288659,0.5655939645599496,0.6112913669296849,0.6382779080424413
M3,2029,5101,17,679,0.5743740795287187,0.5627364986143228,0.6153306027487557,0.635327211455198
M3,2029,5101,18,679,0.5625920471281296,0.5549727218911885,0.6209797257439553,0.6206154719505949
M3,2029,5101,19,679,0.561119293078056,0.5557728086305146,0.6226236243486756,0.617477590654256
M3,2029,5101,20,679,0.5773195876288659,0.5724021556295846,0.6158149541302177,0.6171702141486498
M3,2029,5101,21,679,0.5670103092783505,0.5594599148633878,0.618115519125437,0.6228612335022424
M3,2029,5101,22,679,0.5684830633284241,0.562688128678555,0.6189831917960092,0.622534922264404
M3,2029,5101,23,679,0.5714285714285714,0.5650576275576276,0.6163557397862773,0.6182808957303717
M3,2029,5101,24,679,0.5567010309278351,0.5483185700727617,0.6209656213449976,0.6216239868023754
M3,2029,5101,25,679,0.5625920471281296,0.5536374471826309,0.6176082374245498,0.6199884818335688
M3,2029,5101,26,679,0.5625920471281296,0.5540927332169837,0.6161166631859427,0.6192195655331874
M3,2029,5101,27,679,0.5478645066273933,0.5361088713492621,0.6354352686120766,0.6065527732281166
M3,2029,5101,28,679,0.5007363770250368,0.49132889695503124,0.674620122748903,0.5497717741043963
M3,2029,5101,29,679,0.4948453608247423,0.4903469180879646,0.7080513198307231,0.47798024731603894
M3,2029,5101,30,679,0.5596465390279823,0.5507984563265976,0.6323741278302512,0.6001743180143867
M3,2029,5101,31,679,0.524300441826215,0.5175044138108433,0.6694645338934546,0.5544098199975909
M3,2029,5101,32,679,0.4801178203240059,0.47171170600703727,0.71316552370655,0.48260656913500555
M3,2029,5101,33,679,0.5537555228276878,0.544202314513888,0.6318659769022763,0.608513128272387
M3,2029,5101,34,679,0.4889543446244477,0.48398158351699727,0.6837219726925219,0.5509260441686474
M3,2029,5101,35,679,0.4565537555228277,0.449845081707494,0.7432393202330473,0.44796148790477514
M3,2029,5101,36,679,0.5360824742268041,0.5292538685197195,0.6408922823258457,0.5914693544964843
M3,2029,5101,37,679,0.49779086892488955,0.4926785418588697,0.6811366732368062,0.5264578939392456
M3,2029,5101,38,679,0.4727540500736377,0.47134232035838974,0.7236432379361281,0.4621846491919128
M3,2029,5101,39,679,0.5463917525773195,0.5402495897585154,0.6412712491620798,0.5905936706648358
M3,2029,5101,40,679,0.5051546391752577,0.5013293689614228,0.6814400439365974,0.5279191715087977
M3,2029,5101,41,679,0.4727540500736377,0.4701476301476301,0.7265390613951634,0.4501216624546827
M3,2029,5101,42,679,0.5581737849779087,0.5480022751638554,0.636929844853102,0.5993702073878622
M3,2029,5101,43,679,0.49337260677466865,0.48684154555122294,0.6813150847300514,0.54946569860368
M3,2029,5101,44,679,0.44329896907216493,0.4390808402561991,0.7523926275512081,0.41063582784657376
M3,2029,5101,45,679,0.5670103092783505,0.5570273799746593,0.6164297546220282,0.626481815988449
M3,2029,5101,46,679,0.572901325478645,0.5664960217606236,0.6097896268950647,0.6232398990475136
M3,2029,5101,47,679,0.5994108983799705,0.59491843702126,0.5986714699306965,0.6376947174474588
M3,2029,5101,48,679,0.5714285714285714,0.5648027223007175,0.6159582950493022,0.6254787044330266
M3,2029,5101,49,679,0.5832106038291606,0.5761237564100322,0.6041210114253638,0.6406384724749737
M3,2029,5101,50,679,0.5846833578792342,0.5756359396162973,0.5956711581687337,0.6437266525702985
M3,2029,5101,51,679,0.5640648011782032,0.5579551235682805,0.617673570216141,0.6273957748761484
M3,2029,5101,52,679,0.5743740795287187,0.5659730383090582,0.6091691250302479,0.6326957061364439
M3,2029,5101,53,679,0.5891016200294551,0.5809318337223833,0.6071525573379337,0.6355371717899507
M3,2029,5101,54,679,0.5552282768777614,0.5461420269747393,0.6252297357448948,0.6139576216070791
M3,2029,5101,55,679,0.5139911634756995,0.5065758924058726,0.6690571926786552,0.5374229655000181
M3,2029,5101,56,679,0.5213549337260678,0.518909854354042,0.6854425169450721,0.5008861843837935
M3,2029,5101,57,679,0.5478645066273933,0.5398631352133059,0.6372156030606803,0.5887715783416713
M3,2029,5101,58,679,0.5257731958762887,0.5217487220877052,0.6543848243965843,0.5462505522393633
M3,2029,5101,59,679,0.5095729013254786,0.5064127153596487,0.690222823281878,0.48675285919208083
M3,2029,5101,60,679,0.5360824742268041,0.5281193658143042,0.6375252970320135,0.6155725211601616
M3,2029,5101,61,679,0.524300441826215,0.5222393561353301,0.6492569657462335,0.5889674433736019
M3,2029,5101,62,679,0.47717231222385864,0.4737638700531194,0.7185802250573843,0.44396893423230505
M3,2029,5102,0,679,0.5375552282768777,0.5292338188138528,0.6459014639148656,0.590034975698464
M3,2029,5102,1,679,0.508100147275405,0.49982334411441687,0.6792010522073078,0.5352012263859239
M3,2029,5102,2,679,0.4639175257731959,0.4610554481440303,0.7270142785184338,0.46939070207427475
M3,2029,5102,3,679,0.5301914580265096,0.5213430821791712,0.6501489642661872,0.5862116151295924
M3,2029,5102,4,679,0.49042709867452133,0.4820972948431642,0.6804044911410215,0.5568578590189247
M3,2029,5102,5,679,0.4639175257731959,0.4599647244874805,0.7304101256497303,0.45178332303131336
M3,2029,5102,6,679,0.5522827687776142,0.5440825771597573,0.6408449772399726,0.5998845987374927
M3,2029,5102,7,679,0.4992636229749632,0.4947785065107799,0.6845078290781673,0.5441074815903121
M3,2029,5102,8,679,0.44477172312223856,0.44063252410280884,0.7512777989540956,0.4301101248653766
M3,2029,5102,9,679,0.5625920471281296,0.5551955444079824,0.6172172150661036,0.6248592891782297
M3,2029,5102,10,679,0.5567010309278351,0.547944176098409,0.6167001325269511,0.6306513656234015
M3,2029,5102,11,679,0.5905743740795287,0.581576733754402,0.6011213746048039,0.6387948712913778
M3,2029,5102,12,679,0.5640648011782032,0.5536255665499712,0.6151341446106142,0.6296537437039483
M3,2029,5102,13,679,0.5861561119293078,0.577152417188299,0.6027986979186096,0.6405661286977861
M3,2029,5102,14,679,0.5743740795287187,0.561648085819342,0.6115263547742841,0.636772048980916
M3,2029,5102,15,679,0.5522827687776142,0.5432276734016849,0.6234736814765761,0.6246466975432108
M3,2029,5102,16,679,0.5846833578792342,0.5746317726445834,0.6094497003769488,0.6356956700497427
M3,2029,5102,17,679,0.5625920471281296,0.5522413148871427,0.623829034712599,0.6285390916130644
M3,2029,5102,18,679,0.5655375552282769,0.5575994532948488,0.6200961313033491,0.620728992362694
M3,2029,5102,19,679,0.5640648011782032,0.5592106610535897,0.6197413149480441,0.6199192440884429
M3,2029,5102,20,679,0.5670103092783505,0.5617815044355329,0.619058063174207,0.6149965796703802
M3,2029,5102,21,679,0.5655375552282769,0.5580449185117722,0.6185431794231876,0.6247351553928591
M3,2029,5102,22,679,0.5684830633284241,0.5618737723306854,0.6197615866720764,0.6178329286997633
M3,2029,5102,23,679,0.5670103092783505,0.5603203871278407,0.6162761721502172,0.6186907757167946
M3,2029,5102,24,679,0.5625920471281296,0.5554621971609398,0.6210357167144939,0.6205991263969044
M3,2029,5102,25,679,0.5684830633284241,0.5626856130305122,0.6141521537865736,0.6233126232623751
M3,2029,5102,26,679,0.5640648011782032,0.5557428982334853,0.6171186481203351,0.6186421763463857
M3,2029,5102,27,679,0.5449189985272459,0.5353463410636813,0.6358697481991089,0.6058039337428504
M3,2029,5102,28,679,0.5095729013254786,0.5009833779419961,0.6742776216437083,0.5476479900214164
M3,2029,5102,29,679,0.508100147275405,0.5032508292127258,0.7023659836780691,0.4889592258003056
M3,2029,5102,30,679,0.5493372606774669,0.5364879914779304,0.6364838409625729,0.6095543787973753
M3,2029,5102,31,679,0.5287187039764359,0.5207229449636586,0.6656976133497193,0.5503960997524483
M3,2029,5102,32,679,0.48306332842415317,0.4749731086075928,0.710163027903995,0.49307423186725513
M3,2029,5102,33,679,0.561119293078056,0.5524765876109669,0.624388666782358,0.6156779117883275
M3,2029,5102,34,679,0.5110456553755522,0.5087952543691477,0.6707110933202356,0.5720051589165349
M3,2029,5102,35,679,0.4653902798232695,0.45968049389102017,0.7406260182694238,0.44443240644264287
M3,2029,5102,36,679,0.5596465390279823,0.5502990869016993,0.6248482355137461,0.6154812388185136
M3,2029,5102,37,679,0.5125184094256259,0.5079992903802442,0.6756057522653305,0.5363695338266764
M3,2029,5102,38,679,0.4727540500736377,0.4712109055919053,0.7242804456046825,0.46753218237174715
M3,2029,5102,39,679,0.5287187039764359,0.521175653037566,0.6457981850200268,0.5891536050796491
M3,2029,5102,40,679,0.5036818851251841,0.5003517688568486,0.6798498180416441,0.5174748005076326
M3,2029,5102,41,679,0.4801178203240059,0.47656513855339144,0.7129490614946882,0.4771200697832991
M3,2029,5102,42,679,0.540500736377025,0.5328181438059858,0.6290048373772574,0.6131364583700593
M3,2029,5102,43,679,0.49337260677466865,0.4868991364799748,0.6759667856308779,0.5701203263435558
M3,2029,5102,44,679,0.43888070692194403,0.43672303433691717,0.7518900099796119,0.4167509698575467
M3,2029,5102,45,679,0.5640648011782032,0.555168264902103,0.6194594921173859,0.6209553590484406
M3,2029,5102,46,679,0.5832106038291606,0.5768404501913382,0.6073938276788798,0.6301341054758212
M3,2029,5102,47,679,0.5949926362297496,0.5910377190628143,0.59662304561865,0.6366424616132338
M3,2029,5102,48,679,0.5743740795287187,0.5655106630260934,0.6169257624423206,0.6267653015821733
M3,2029,5102,49,679,0.5684830633284241,0.5605050424393672,0.6123166848001494,0.6331508317408638
M3,2029,5102,50,679,0.6008836524300442,0.5930929843201649,0.5917015609404124,0.6464786830387724
M3,2029,5102,51,679,0.5655375552282769,0.5576940350136608,0.6158945434486743,0.6281220609954301
M3,2029,5102,52,679,0.5979381443298969,0.589408533798938,0.6005996351565107,0.6397813942569394
M3,2029,5102,53,679,0.5920471281296024,0.5832351441373997,0.603170594603745,0.6380764642062805
M3,2029,5102,54,679,0.5552282768777614,0.547261795288958,0.6312901145930845,0.5937188375158126
M3,2029,5102,55,679,0.5066273932253313,0.49744514792944927,0.6718082013862298,0.5406432205390967
M3,2029,5102,56,679,0.5125184094256259,0.5110874723032716,0.6849620076052746,0.50084419267977
M3,2029,5102,57,679,0.5640648011782032,0.5549257226720966,0.6297141938787145,0.6002638337157529
M3,2029,5102,58,679,0.5346097201767305,0.5275690026015335,0.6560577669665107,0.5654990694727152
M3,2029,5102,59,679,0.4948453608247423,0.49497188221814215,0.6962211788007894,0.468537328690682
M3,2029,5102,60,679,0.5522827687776142,0.5452330409504562,0.6347473439306504,0.6032800611077948
M3,2029,5102,61,679,0.5066273932253313,0.5018117480667592,0.6659143726191921,0.5666846918599672
M3,2029,5102,62,679,0.48159057437407954,0.4795764434598192,0.7130883209440249,0.45237338713093495
M3,2029,5103,0,679,0.5478645066273933,0.5384974941426554,0.636914763824578,0.5988356769483998
M3,2029,5103,1,679,0.5007363770250368,0.49444121654879053,0.6765293800251473,0.5425463857852323
M3,2029,5103,2,679,0.45949926362297494,0.4566811117089282,0.7321504149723124,0.4594080491674776
M3,2029,5103,3,679,0.5390279823269514,0.5312910312910313,0.6518084839403366,0.5761782305179988
M3,2029,5103,4,679,0.5066273932253313,0.500585452063725,0.6870983984535327,0.523331768723981
M3,2029,5103,5,679,0.4521354933726068,0.44784518468728995,0.7273378389968437,0.46005340309393594
M3,2029,5103,6,679,0.5522827687776142,0.5442464879478498,0.639617246297217,0.5992381265012828
M3,2029,5103,7,679,0.5036818851251841,0.4981547559806322,0.6753627755548888,0.566921864240048
M3,2029,5103,8,679,0.4477172312223859,0.44389323465145836,0.7498183492488819,0.42695681651192413
M3,2029,5103,9,679,0.5537555228276878,0.5466271328746981,0.6187817269115982,0.6244008345825193
M3,2029,5103,10,679,0.5699558173784978,0.5623491898482699,0.6123447833865311,0.6231512824152153
M3,2029,5103,11,679,0.5802650957290133,0.5714240881697438,0.6068933776885667,0.6356913112729571
M3,2029,5103,12,679,0.5699558173784978,0.5600954249910607,0.6173628588400463,0.6256972857579315
M3,2029,5103,13,679,0.5670103092783505,0.5593021554701226,0.6117620333831686,0.6383647993666037
M3,2029,5103,14,679,0.5773195876288659,0.565647782517107,0.6054366014140695,0.6413667078396021
M3,2029,5103,15,679,0.5670103092783505,0.5600981280939744,0.6181136511474716,0.6238037362117518
M3,2029,5103,16,679,0.5802650957290133,0.5713491263529027,0.6102970493120718,0.6331225642487919
M3,2029,5103,17,679,0.5655375552282769,0.554080345025711,0.6160250750311345,0.6369779685318102
M3,2029,5103,18,679,0.5655375552282769,0.5587543782308987,0.6199563949290713,0.6189414442144291
M3,2029,5103,19,679,0.5625920471281296,0.5556834419708516,0.6185478802896565,0.6213207386792758
M3,2029,5103,20,679,0.5684830633284241,0.5639617692249271,0.6193477137450442,0.6139487020256272
M3,2029,5103,21,679,0.5714285714285714,0.5654295752334968,0.6184249380726877,0.6210916929504839
M3,2029,5103,22,679,0.5699558173784978,0.5640157993095918,0.6181030872556352,0.6199873359393214
M3,2029,5103,23,679,0.5684830633284241,0.5622340991465498,0.6169272075257701,0.6174962419696449
M3,2029,5103,24,679,0.5581737849779087,0.5499386788980297,0.6205272490655199,0.6209112444194588
M3,2029,5103,25,679,0.5684830633284241,0.5619741619296402,0.6150983912604195,0.6187588971166669
M3,2029,5103,26,679,0.5655375552282769,0.5566945981821578,0.6150432135114262,0.6203577279256619
M3,2029,5103,27,679,0.5390279823269514,0.5302061566190491,0.6392338753448846,0.6006475776552984
M3,2029,5103,28,679,0.5125184094256259,0.5043705823366841,0.6686125160448682,0.5428429229587898
M3,2029,5103,29,679,0.5007363770250368,0.49629113703944583,0.7055218505271229,0.4822965586705012
M3,2029,5103,30,679,0.5552282768777614,0.5437789297902719,0.6349433644925723,0.6016762904729628
M3,2029,5103,31,679,0.5184094256259205,0.5104236385020464,0.668360959864681,0.5557525157594504
M3,2029,5103,32,679,0.5051546391752577,0.4937198988254045,0.701507177571485,0.5097553499328612
M3,2029,5103,33,679,0.5655375552282769,0.5578524376419413,0.6288736428138259,0.6095594228943698
M3,2029,5103,34,679,0.5022091310751104,0.4993243093016728,0.6709426690403246,0.5664148005246592
M3,2029,5103,35,679,0.45508100147275404,0.44822749687082875,0.7401205515255809,0.4453390188536668
M3,2029,5103,36,679,0.5331369661266568,0.5265636736901105,0.6472162179462337,0.5798108939893335
M3,2029,5103,37,679,0.5184094256259205,0.5117903289428217,0.6723465210427592,0.5426985185400784
M3,2029,5103,38,679,0.4727540500736377,0.4707932799898513,0.729120833686771,0.45764763143890486
M3,2029,5103,39,679,0.5419734904270986,0.5352896771610625,0.638122686647175,0.5942837035599188
M3,2029,5103,40,679,0.5036818851251841,0.4985669997196055,0.6718576294376853,0.5372973644994326
M3,2029,5103,41,679,0.47717231222385864,0.4749483330893095,0.7064534201669412,0.48568217815426845
M3,2029,5103,42,679,0.5419734904270986,0.5330824358571163,0.6463116592835959,0.593626303766301
M3,2029,5103,43,679,0.4963181148748159,0.490646026225118,0.6797897642113498,0.5469238065955077
M3,2029,5103,44,679,0.4477172312223859,0.444873251663649,0.7512585831715537,0.40436075558888646
M3,2029,5103,45,679,0.5655375552282769,0.5579977011785685,0.6160402294901228,0.6258204386809441
M3,2029,5103,46,679,0.5743740795287187,0.5666266103948172,0.6040261847807837,0.6320568078898925
M3,2029,5103,47,679,0.5891016200294551,0.5843197663946951,0.6028975278183006,0.6310088933537616
M3,2029,5103,48,679,0.5758468335787923,0.568096244674478,0.6131326114657351,0.6264310180071266
M3,2029,5103,49,679,0.5891016200294551,0.5822899407626508,0.6048837166734928,0.6343586057521443
M3,2029,5103,50,679,0.5802650957290133,0.5708103376654204,0.5982405019701844,0.6427837340645868
M3,2029,5103,51,679,0.5670103092783505,0.5609055425448868,0.6159148928606457,0.6277249052981154
M3,2029,5103,52,679,0.5846833578792342,0.5758362603119331,0.6072870117224017,0.6409154454416188
M3,2029,5103,53,679,0.5994108983799705,0.5916235508794727,0.6025843900766921,0.6397200499669061
M3,2029,5103,54,679,0.5567010309278351,0.5497914896113126,0.6208630621608824,0.6154522263699281
M3,2029,5103,55,679,0.5198821796759941,0.5150536059701857,0.6575978982738262,0.5539056024176391
M3,2029,5103,56,679,0.5169366715758469,0.5150403501892429,0.6889643612727852,0.4978199932687592
M3,2029,5103,57,679,0.5463917525773195,0.5325268921120767,0.6416842633081993,0.5926404013921566
M3,2029,5103,58,679,0.5272459499263623,0.5217807049167112,0.6555133242275297,0.5556876079256675
M3,2029,5103,59,679,0.4948453608247423,0.4924477467549899,0.6933660982766453,0.48055193772192295
M3,2029,5103,60,679,0.5670103092783505,0.5586170586170587,0.6282922049904782,0.6093661207528487
M3,2029,5103,61,679,0.5228276877761414,0.5189043691708698,0.6590808480100182,0.5639022631865309
M3,2029,5103,62,679,0.4683357879234168,0.4658839694255787,0.725917684597365,0.4319023559259538
M3,2029,5104,0,679,0.5301914580265096,0.5215457788953515,0.64303170278427,0.5869125854594209
M3,2029,5104,1,679,0.5007363770250368,0.49686931427292147,0.6801777238654458,0.5342203010751665
M3,2029,5104,2,679,0.47128129602356406,0.4675598306500971,0.7225355818231257,0.46759836522957965
M3,2029,5104,3,679,0.5419734904270986,0.5313167135954195,0.6476154075674877,0.5761432061883341
M3,2029,5104,4,679,0.4948453608247423,0.4880388896293469,0.6847499348497531,0.5351823660281623
M3,2029,5104,5,679,0.4653902798232695,0.46118012422360244,0.7283030080119359,0.45923021822834587
M3,2029,5104,6,679,0.5449189985272459,0.5353396828716757,0.6443012593991626,0.5869093318020234
M3,2029,5104,7,679,0.49337260677466865,0.49022382463435443,0.6888139471960348,0.5442252145209153
M3,2029,5104,8,679,0.44624447717231225,0.44172069905444944,0.7517298150352245,0.4159522887222765
M3,2029,5104,9,679,0.561119293078056,0.552408954519692,0.6185926478987063,0.6264529462335939
M3,2029,5104,10,679,0.5743740795287187,0.563896310630359,0.6111840508735583,0.6308406229251912
M3,2029,5104,11,679,0.5861561119293078,0.5776510418051456,0.604666692079957,0.6350314551818071
M3,2029,5104,12,679,0.5537555228276878,0.5442241920539985,0.6188594363574954,0.6295640617880432
M3,2029,5104,13,679,0.5655375552282769,0.5571671870945142,0.6138860691278427,0.6306055112893093
M3,2029,5104,14,679,0.572901325478645,0.5632135510554963,0.6099479387628137,0.6324066006506776
M3,2029,5104,15,679,0.5581737849779087,0.5497909838685204,0.6218724549255595,0.6261322043098954
M3,2029,5104,16,679,0.5773195876288659,0.566953180376069,0.6135766689222586,0.631054688971143
M3,2029,5104,17,679,0.5655375552282769,0.5542696394782471,0.619958280814765,0.6340896958260506
M3,2029,5104,18,679,0.561119293078056,0.5532500851056977,0.6198637488137639,0.6211197182007279
M3,2029,5104,19,679,0.5670103092783505,0.5608729951135305,0.6181604698936788,0.6210245890281494
M3,2029,5104,20,679,0.5640648011782032,0.5593364665110594,0.620846639852285,0.6138909079122248
M3,2029,5104,21,679,0.5684830633284241,0.5607352338102101,0.6191482994272011,0.6218183318073407
M3,2029,5104,22,679,0.5743740795287187,0.5689015625561624,0.6182634696166891,0.6199850260566762
M3,2029,5104,23,679,0.561119293078056,0.5545193890876057,0.6195147738892129,0.6189675607843242
M3,2029,5104,24,679,0.5625920471281296,0.553906271053979,0.6195112393513343,0.6212834808166956
M3,2029,5104,25,679,0.5640648011782032,0.5564950155146233,0.6161922382325241,0.6214434636981337
M3,2029,5104,26,679,0.5640648011782032,0.5553249784384835,0.6184516033824309,0.6159203456148042
M3,2029,5104,27,679,0.5434462444771723,0.5365899934858364,0.6400674858044103,0.5948805038008443
M3,2029,5104,28,679,0.5051546391752577,0.49614447738782086,0.6694202396541351,0.5595619602577381
M3,2029,5104,29,679,0.5066273932253313,0.5004863292906772,0.7035148599581444,0.48236686912041027
M3,2029,5104,30,679,0.5375552282768777,0.5279519331243469,0.6374524061256727,0.6025095997512416
M3,2029,5104,31,679,0.5228276877761414,0.5151063088822904,0.6716078071469587,0.5330040253337905
M3,2029,5104,32,679,0.4889543446244477,0.481209230958928,0.6959483075519374,0.5275108441753784
M3,2029,5104,33,679,0.5567010309278351,0.5483798604868819,0.623566667114512,0.6196907212063628
M3,2029,5104,34,679,0.49779086892488955,0.4919394857396643,0.6789585085303161,0.5654464732920814
M3,2029,5104,35,679,0.4477172312223859,0.44197292693901336,0.7462635578173425,0.44739992597644607
M3,2029,5104,36,679,0.5478645066273933,0.5389314646514248,0.6312235976090663,0.6067306219288404
M3,2029,5104,37,679,0.5125184094256259,0.5060407190554976,0.6752506606884312,0.5264920261932555
M3,2029,5104,38,679,0.47717231222385864,0.47549627546757667,0.7251429459702811,0.4616395116245255
M3,2029,5104,39,679,0.5331369661266568,0.5253820253820254,0.6534438327898509,0.5777123015244523
M3,2029,5104,40,679,0.5051546391752577,0.5004205834186206,0.6756143586405599,0.5352249787027595
M3,2029,5104,41,679,0.4536082474226804,0.45252088999020756,0.727269162068662,0.44565783479163085
M3,2029,5104,42,679,0.5508100147275405,0.5436893142173131,0.6301370969094303,0.6232392127034739
M3,2029,5104,43,679,0.4992636229749632,0.4964134243038908,0.6719294040517357,0.5547569718382577
M3,2029,5104,44,679,0.43888070692194403,0.4368396330758434,0.756465514888644,0.39785028699851804
M3,2029,5104,45,679,0.5670103092783505,0.560394932526685,0.6124139071739826,0.6307637147299725
M3,2029,5104,46,679,0.5758468335787923,0.5685876276055993,0.6068952058130582,0.6305294237263166
M3,2029,5104,47,679,0.6038291605301914,0.5987234896842867,0.5904816799908218,0.6461659900796889
M3,2029,5104,48,679,0.5625920471281296,0.5546446551926004,0.6164669449357467,0.6275695686601815
M3,2029,5104,49,679,0.5846833578792342,0.5770683715444458,0.6009242364777381,0.6369869026674327
M3,2029,5104,50,679,0.5920471281296024,0.5811195946910233,0.5908512028485581,0.6493442583481293
M3,2029,5104,51,679,0.5522827687776142,0.546807425884846,0.6239846635812863,0.6207144739948812
M3,2029,5104,52,679,0.593519882179676,0.5848716822326786,0.6033674574653249,0.6386341930028135
M3,2029,5104,53,679,0.605301914580265,0.5969407187356451,0.6011370703994965,0.6392718626467961
M3,2029,5104,54,679,0.5684830633284241,0.556343424927085,0.6287921871194432,0.5889964727031209
M3,2029,5104,55,679,0.5184094256259205,0.5110976073121748,0.6589430043246153,0.5598869378232623
M3,2029,5104,56,679,0.5139911634756995,0.5126477135276726,0.6864778106930681,0.49667374958474175
M3,2029,5104,57,679,0.5625920471281296,0.5551962784868376,0.624421576227285,0.6058501629455025
M3,2029,5104,58,679,0.5272459499263623,0.521452838073548,0.6525806823034876,0.5636312080779605
M3,2029,5104,59,679,0.5022091310751104,0.49919790078908804,0.6767424592783946,0.5232600411202777
M3,2029,5104,60,679,0.5596465390279823,0.5495766588810702,0.6360043802782783,0.6053826572824038
M3,2029,5104,61,679,0.5154639175257731,0.5136920119974854,0.6599618157643458,0.5723277035707133
M3,2029,5104,62,679,0.48748159057437407,0.48542442395469754,0.7075148230317064,0.45972702885804656
M3,2029,5105,0,679,0.5463917525773195,0.5345904200369274,0.6326235748267841,0.6093586209483629
M3,2029,5105,1,679,0.5022091310751104,0.49532981361913175,0.6797769710267942,0.5399223221953454
M3,2029,5105,2,679,0.46686303387334316,0.46374546796362914,0.7257607314346114,0.4658372501081841
M3,2029,5105,3,679,0.5257731958762887,0.5194890077243018,0.6506137919224063,0.5859189662122187
M3,2029,5105,4,679,0.5036818851251841,0.4969168664719473,0.6872809348252104,0.5304401296504289
M3,2029,5105,5,679,0.45066273932253315,0.4446955872905691,0.739619829451915,0.4491719488391346
M3,2029,5105,6,679,0.5567010309278351,0.5485758561554553,0.6454711235368374,0.5891198314811971
M3,2029,5105,7,679,0.5051546391752577,0.50073172400894,0.687750814435935,0.537870101781462
M3,2029,5105,8,679,0.45508100147275404,0.45097563963864,0.7520012290426838,0.424406945395258
M3,2029,5105,9,679,0.5625920471281296,0.5558329006604869,0.6174532092109168,0.6282505768903662
M3,2029,5105,10,679,0.5758468335787923,0.5661566257878533,0.6093843676731407,0.629430366543797
M3,2029,5105,11,679,0.5758468335787923,0.5666728434186294,0.6096130171694707,0.6303911733550359
M3,2029,5105,12,679,0.5625920471281296,0.5529222427653242,0.6162970624809238,0.6282704823774732
M3,2029,5105,13,679,0.5787923416789397,0.5729441888151424,0.6086103530800921,0.6354322882516329
M3,2029,5105,14,679,0.5832106038291606,0.5722570317080751,0.60561529890427,0.6388060510785829
M3,2029,5105,15,679,0.5625920471281296,0.5531361718751757,0.6155777376512716,0.6308111982803593
M3,2029,5105,16,679,0.561119293078056,0.5504724001426013,0.6182918513470792,0.6292076229483945
M3,2029,5105,17,679,0.5699558173784978,0.5586834346784596,0.6136555229265666,0.6381815155224537
M3,2029,5105,18,679,0.5655375552282769,0.557613568932551,0.6195894540760759,0.6196078493046838
M3,2029,5105,19,679,0.5640648011782032,0.5576389024664886,0.6196394082109427,0.6213625175509246
M3,2029,5105,20,679,0.5640648011782032,0.5597973011186897,0.6212491088921261,0.6133745858318379
M3,2029,5105,21,679,0.5640648011782032,0.5569004676969133,0.6209038673777995,0.6178358750287676
M3,2029,5105,22,679,0.5714285714285714,0.5656433163748903,0.6185985990581878,0.6204408208501451
M3,2029,5105,23,679,0.5684830633284241,0.5610092521857228,0.6196066104259688,0.6167245949191881
M3,2029,5105,24,679,0.5670103092783505,0.5587840569164848,0.6198685500600728,0.6209026601685085
M3,2029,5105,25,679,0.5670103092783505,0.5594195891657552,0.6151335506270665,0.6225231638781257
M3,2029,5105,26,679,0.5670103092783505,0.5575715354413215,0.6172344007794038,0.617747547461925
M3,2029,5105,27,679,0.5596465390279823,0.5497618799441908,0.6337850683743191,0.6049795666730104
M3,2029,5105,28,679,0.49337260677466865,0.4840210563136107,0.6856298658431718,0.539904225680754
M3,2029,5105,29,679,0.4992636229749632,0.49543457184054307,0.7082016103529263,0.47828274660373127
M3,2029,5105,30,679,0.5331369661266568,0.5238741466235539,0.648711471542694,0.5839853890434431
M3,2029,5105,31,679,0.5287187039764359,0.5183058834361446,0.6658553872394632,0.5535729099264712
M3,2029,5105,32,679,0.4948453608247423,0.48649382025858945,0.7062423346627268,0.47425749766553243
M3,2029,5105,33,679,0.561119293078056,0.5517790819692273,0.6328403055448419,0.6119113716675462
M3,2029,5105,34,679,0.4992636229749632,0.4943060339694898,0.6761846111563414,0.563925850206327
M3,2029,5105,35,679,0.46686303387334316,0.46134950014334675,0.7359316408721969,0.4514630373830332
M3,2029,5105,36,679,0.540500736377025,0.5335326847768126,0.6320814126018923,0.5987565781866165
M3,2029,5105,37,679,0.5036818851251841,0.5002583800344985,0.6765636946781043,0.5330025537183463
M3,2029,5105,38,679,0.4727540500736377,0.4718939938339477,0.7290130164776003,0.45773340234723364
M3,2029,5105,39,679,0.5537555228276878,0.5451595627631755,0.6400132782987713,0.5974699176811851
M3,2029,5105,40,679,0.5272459499263623,0.523857199541247,0.6654094813805792,0.5399459598182835
M3,2029,5105,41,679,0.4639175257731959,0.4615539254363693,0.7274168608422132,0.4461027699994884
M3,2029,5105,42,679,0.5596465390279823,0.5509478241899533,0.6284834777000902,0.6142589616243888
M3,2029,5105,43,679,0.5051546391752577,0.5014963439426144,0.6751872718290306,0.5524452352793959
M3,2029,5105,44,679,0.44477172312223856,0.44178674278412244,0.7528919406641215,0.40723260996281163
M3,2029,5105,45,679,0.572901325478645,0.566501256492105,0.6127754444138467,0.6273205748742633
M3,2029,5105,46,679,0.5846833578792342,0.5779264077066384,0.5995702689104825,0.6394685660507616
M3,2029,5105,47,679,0.6008836524300442,0.5958813140431957,0.593557415812637,0.6413168705167666
M3,2029,5105,48,679,0.561119293078056,0.555218315118493,0.6136042409424227,0.6311703709164478
M3,2029,5105,49,679,0.5743740795287187,0.5682277204552582,0.6038847044658942,0.6399854428999865
M3,2029,5105,50,679,0.593519882179676,0.582581387550463,0.5864270213162952,0.6562313586936951
M3,2029,5105,51,679,0.5581737849779087,0.5517694428512836,0.6184060341391894,0.6250495404517571
M3,2029,5105,52,679,0.5817378497790869,0.5722671720667665,0.5990687867239755,0.6447436979878602
M3,2029,5105,53,679,0.5920471281296024,0.5819757232687368,0.6079918256301066,0.6329966669201162
M3,2029,5105,54,679,0.5463917525773195,0.5400124098371246,0.6320627233416763,0.5991762834363945
M3,2029,5105,55,679,0.5095729013254786,0.5015562613793566,0.6775817549588579,0.5216390699590585
M3,2029,5105,56,679,0.5066273932253313,0.5051617577736265,0.6875708130173198,0.5056885884776094
M3,2029,5105,57,679,0.5360824742268041,0.5256604506604506,0.6443106198740989,0.5875815453617496
M3,2029,5105,58,679,0.5316642120765832,0.5238615143865454,0.6606796585978043,0.557421550851293
M3,2029,5105,59,679,0.5169366715758469,0.5131839402427638,0.6697643820377442,0.5223302139213117
M3,2029,5105,60,679,0.5537555228276878,0.544936544936545,0.6363952099311334,0.607560917625326
M3,2029,5105,61,679,0.5228276877761414,0.5188428393459432,0.654360636673725,0.5910065697918478
M3,2029,5105,62,679,0.46686303387334316,0.46458910261207986,0.7078724731533447,0.4735776408689215
M3,2030,5101,0,679,0.5346097201767305,0.5147570940914316,0.6666941875166675,0.5496101623982294
M3,2030,5101,1,679,0.5360824742268041,0.5137014673619692,0.7030042060081667,0.5088747693069624
M3,2030,5101,2,679,0.47128129602356406,0.440053954497864,0.7568422451022798,0.40722312437561975
M3,2030,5101,3,679,0.5508100147275405,0.5289587615412221,0.6559831626899815,0.5623045795536865
M3,2030,5101,4,679,0.5346097201767305,0.513821122850771,0.7045304026010286,0.4854650891994002
M3,2030,5101,5,679,0.49042709867452133,0.46373685178642576,0.7355877337469795,0.4182157727561544
M3,2030,5101,6,679,0.5552282768777614,0.5357609710550887,0.6547324268561575,0.5690963721051641
M3,2030,5101,7,679,0.5169366715758469,0.49642637410301726,0.6839968246765797,0.5221231180340814
M3,2030,5101,8,679,0.49189985272459497,0.47402854486393853,0.7361724959118552,0.4034934746550961
M3,2030,5101,9,679,0.5817378497790869,0.5610604214008471,0.6138763759115132,0.6177587666060903
M3,2030,5101,10,679,0.5964653902798233,0.5750067648231205,0.6128002505678141,0.6215807377722419
M3,2030,5101,11,679,0.5979381443298969,0.5756839973769708,0.608466015736379,0.6343636215399262
M3,2030,5101,12,679,0.5743740795287187,0.5532591764449354,0.614002209677963,0.623596037438181
M3,2030,5101,13,679,0.5832106038291606,0.56194945950136,0.6150456986476466,0.6223777777760906
M3,2030,5101,14,679,0.6008836524300442,0.5762640156406238,0.6048141965239319,0.6470657694045349
M3,2030,5101,15,679,0.5817378497790869,0.5626209539253018,0.6153394365916371,0.6209088540237916
M3,2030,5101,16,679,0.572901325478645,0.5529780723437535,0.615674960003159,0.6221013417460709
M3,2030,5101,17,679,0.5920471281296024,0.5742249125539199,0.6120621552786876,0.6265103725182389
M3,2030,5101,18,679,0.5684830633284241,0.5454943344660035,0.6141442095803231,0.6165779271464239
M3,2030,5101,19,679,0.5802650957290133,0.5584363093222819,0.6152248499539182,0.6149043572463541
M3,2030,5101,20,679,0.5787923416789397,0.5606645750637419,0.617686839447808,0.6121244652386938
M3,2030,5101,21,679,0.572901325478645,0.550818453692167,0.6137023827332636,0.6163408398242922
M3,2030,5101,22,679,0.572901325478645,0.5490879901393296,0.6127964301866003,0.6171344627444812
M3,2030,5101,23,679,0.5684830633284241,0.5466553599355155,0.6129946137431443,0.61570608755039
M3,2030,5101,24,679,0.5699558173784978,0.5482159628246941,0.614484795151122,0.6162208707103133
M3,2030,5101,25,679,0.572901325478645,0.5516210053393839,0.6150526446736088,0.612746828183165
M3,2030,5101,26,679,0.5787923416789397,0.5592721473001637,0.6174353299681673,0.6128898680459688
M3,2030,5101,27,679,0.5699558173784978,0.5449267668640358,0.6482556198938957,0.5805206767027736
M3,2030,5101,28,679,0.5184094256259205,0.49231692677070826,0.7036699515730362,0.5188431188617476
M3,2030,5101,29,679,0.5051546391752577,0.47292186390385393,0.7709573540008121,0.41730811309684407
M3,2030,5101,30,679,0.5567010309278351,0.5343208628244017,0.644353495650158,0.5945125485192154
M3,2030,5101,31,679,0.5537555228276878,0.5262397313665527,0.6858466816887764,0.5212637676963628
M3,2030,5101,32,679,0.49042709867452133,0.45618767640151014,0.7402418700207316,0.4420671715690167
M3,2030,5101,33,679,0.5552282768777614,0.5368506602626385,0.6490902506111297,0.583036223159165
M3,2030,5101,34,679,0.5228276877761414,0.507549294227495,0.7024262361831974,0.5088600647512732
M3,2030,5101,35,679,0.508100147275405,0.48448389354206656,0.7280592173557394,0.43957039690602634
M3,2030,5101,36,679,0.5552282768777614,0.5330597403597945,0.6504920165387801,0.5658291863231164
M3,2030,5101,37,679,0.5257731958762887,0.4969704846083992,0.706961611892057,0.49101372837854546
M3,2030,5101,38,679,0.4801178203240059,0.4496433401108432,0.7566381841239592,0.405052527196019
M3,2030,5101,39,679,0.5670103092783505,0.5401829043667052,0.6518482032159292,0.5605708064890129
M3,2030,5101,40,679,0.5434462444771723,0.5204463963781453,0.6877325127375846,0.4917944048092031
M3,2030,5101,41,679,0.508100147275405,0.47863674696301817,0.7209851876318192,0.42349613769512096
M3,2030,5101,42,679,0.5596465390279823,0.5347440198177145,0.646125058186774,0.583203179648751
M3,2030,5101,43,679,0.5331369661266568,0.5095508095952942,0.6902719490087436,0.5257009635000522
M3,2030,5101,44,679,0.49042709867452133,0.47490656269127873,0.7382988015269321,0.39986502161196724
M3,2030,5101,45,679,0.5861561119293078,0.564701661422973,0.6120894237014085,0.6175635321059205
M3,2030,5101,46,679,0.5846833578792342,0.5652141928240298,0.6175621416589824,0.615549910815489
M3,2030,5101,47,679,0.6097201767304861,0.5900842429470379,0.6111563256720907,0.6342006821515305
M3,2030,5101,48,679,0.5758468335787923,0.5553833685248034,0.6082569500746888,0.6240136365610204
M3,2030,5101,49,679,0.5684830633284241,0.5429117939032952,0.613077839230227,0.6324154404670915
M3,2030,5101,50,679,0.5964653902798233,0.5706039932396288,0.6110689506395576,0.6378401587159463
M3,2030,5101,51,679,0.5832106038291606,0.5642342107681273,0.6107728536596003,0.6243528144413754
M3,2030,5101,52,679,0.572901325478645,0.551487330800201,0.6198900432404081,0.6162439534122781
M3,2030,5101,53,679,0.5905743740795287,0.5730610950143455,0.6057385888296304,0.6325001793317668
M3,2030,5101,54,679,0.5522827687776142,0.5277070547516061,0.6469545108931405,0.5862422392051043
M3,2030,5101,55,679,0.5287187039764359,0.5011687567419627,0.7023599183129281,0.5149544280504867
M3,2030,5101,56,679,0.524300441826215,0.4886446163798627,0.7567754654715795,0.43738285055729914
M3,2030,5101,57,679,0.5567010309278351,0.5311752634523849,0.6515488250617251,0.5649872383628239
M3,2030,5101,58,679,0.5537555228276878,0.5292680328694661,0.6708435241752942,0.5204353256038217
M3,2030,5101,59,679,0.49189985272459497,0.45897657631247957,0.7194692705139321,0.4491352880923165
M3,2030,5101,60,679,0.561119293078056,0.538939841570427,0.6432187679458261,0.6025065886944855
M3,2030,5101,61,679,0.5390279823269514,0.5244256478393751,0.6763670546536242,0.5345010139178544
M3,2030,5101,62,679,0.5169366715758469,0.501544132756742,0.7353683246165207,0.4107253484258506
M3,2030,5102,0,679,0.5316642120765832,0.5067989588329507,0.6639833049149155,0.558099744529991
M3,2030,5102,1,679,0.5331369661266568,0.5120314297695451,0.697129746424432,0.49138662088726953
M3,2030,5102,2,679,0.4889543446244477,0.45817244112875777,0.7505684428257162,0.41163741737467296
M3,2030,5102,3,679,0.5390279823269514,0.513292328810703,0.6496450162776616,0.5750761117706836
M3,2030,5102,4,679,0.5301914580265096,0.5104974724299588,0.6946250580591375,0.509700756633692
M3,2030,5102,5,679,0.49779086892488955,0.4773106272101247,0.7364768216465991,0.3985190378374156
M3,2030,5102,6,679,0.5419734904270986,0.5226873734202556,0.6543331692908755,0.5682369681434563
M3,2030,5102,7,679,0.5257731958762887,0.5017153342164198,0.6931230486843828,0.519130332759405
M3,2030,5102,8,679,0.4801178203240059,0.4595487219644574,0.7365438719780701,0.40808453422997576
M3,2030,5102,9,679,0.5861561119293078,0.562875939849624,0.61148264282143,0.6233161536027781
M3,2030,5102,10,679,0.5891016200294551,0.5634444996512553,0.6131183941120252,0.6251655659458909
M3,2030,5102,11,679,0.5964653902798233,0.5757069775098443,0.6100612485312221,0.6322512692098937
M3,2030,5102,12,679,0.5714285714285714,0.5493737361044208,0.6116095954478226,0.6249896400053186
M3,2030,5102,13,679,0.5817378497790869,0.5591059669262514,0.6122934398006796,0.6364079539977632
M3,2030,5102,14,679,0.5846833578792342,0.560671276505781,0.6159226538638127,0.636352866433107
M3,2030,5102,15,679,0.572901325478645,0.5508961073855144,0.6160898420614066,0.619452118353039
M3,2030,5102,16,679,0.5773195876288659,0.556580153625966,0.6133465423016906,0.6202595239203046
M3,2030,5102,17,679,0.5787923416789397,0.5586814823487518,0.6151490609582639,0.6244379303855124
M3,2030,5102,18,679,0.5670103092783505,0.5446031542076752,0.6135005591017508,0.6158832284885394
M3,2030,5102,19,679,0.5743740795287187,0.5539978403623236,0.6138929851539707,0.6184075164603119
M3,2030,5102,20,679,0.5743740795287187,0.5563828980133504,0.6186332567889842,0.6120903766799001
M3,2030,5102,21,679,0.5758468335787923,0.55439131772987,0.6114689205417928,0.6192497962987258
M3,2030,5102,22,679,0.572901325478645,0.5500790452472737,0.6121241262673629,0.6166771272589979
M3,2030,5102,23,679,0.5684830633284241,0.5456982531842011,0.6118844273515233,0.6198980098960567
M3,2030,5102,24,679,0.5714285714285714,0.5481565029201211,0.6156304691299599,0.6157531693336138
M3,2030,5102,25,679,0.5758468335787923,0.5537651841683567,0.6126799111162615,0.61781571941824
M3,2030,5102,26,679,0.5743740795287187,0.5558432265270054,0.6183772534132004,0.6139496928858287
M3,2030,5102,27,679,0.5625920471281296,0.5379092426193662,0.6486410305277062,0.5792907888511886
M3,2030,5102,28,679,0.5331369661266568,0.5103909956307262,0.7007858923503331,0.5138241326390994
M3,2030,5102,29,679,0.5110456553755522,0.47724614451306946,0.7759746773297376,0.40836837940259535
M3,2030,5102,30,679,0.5670103092783505,0.5451872193951042,0.6513869934914214,0.5791999335125004
M3,2030,5102,31,679,0.5567010309278351,0.5290131158726472,0.6743515593401638,0.5431024622852156
M3,2030,5102,32,679,0.49042709867452133,0.45952450829666025,0.7456215552009082,0.43949281952604186
M3,2030,5102,33,679,0.5567010309278351,0.5344018005072487,0.6477143364863824,0.5921483853492011
M3,2030,5102,34,679,0.5228276877761414,0.5056929197711123,0.6897154045737018,0.5228334526700746
M3,2030,5102,35,679,0.4963181148748159,0.47376371916075644,0.7354110488572072,0.4269900212363592
M3,2030,5102,36,679,0.5522827687776142,0.5290654868350353,0.6443228876775073,0.5981214435945661
M3,2030,5102,37,679,0.524300441826215,0.49741882302888485,0.7098657493870458,0.49884139645337866
M3,2030,5102,38,679,0.4889543446244477,0.46342639854476597,0.7474101063121927,0.42034486651552644
M3,2030,5102,39,679,0.5567010309278351,0.5355081124064712,0.6486950759201232,0.5654421950692652
M3,2030,5102,40,679,0.5051546391752577,0.48148736658647795,0.7070991508388379,0.47089793828140514
M3,2030,5102,41,679,0.5139911634756995,0.48842865180803274,0.6979083852932977,0.44934553145573203
M3,2030,5102,42,679,0.5537555228276878,0.5326108148576578,0.6400765692582011,0.5951747622076472
M3,2030,5102,43,679,0.5139911634756995,0.4904519056715652,0.6919688335750169,0.5216509295292694
M3,2030,5102,44,679,0.4948453608247423,0.478779244062142,0.7255529212231839,0.41708889918215863
M3,2030,5102,45,679,0.5802650957290133,0.5568455303336606,0.6149377979349142,0.616518104408336
M3,2030,5102,46,679,0.5891016200294551,0.5712553870141172,0.6173879628636173,0.6190279812867828
M3,2030,5102,47,679,0.6038291605301914,0.5833756547084916,0.615190413304562,0.6302440810228124
M3,2030,5102,48,679,0.5714285714285714,0.5497396242627158,0.6095226742820993,0.6246385700588838
M3,2030,5102,49,679,0.5802650957290133,0.5576710586142207,0.6115325510677427,0.6319697372878819
M3,2030,5102,50,679,0.5861561119293078,0.5606266583680021,0.6126018172247947,0.6400765328292902
M3,2030,5102,51,679,0.5802650957290133,0.5590924484211728,0.6155610999671278,0.6194604364379196
M3,2030,5102,52,679,0.5508100147275405,0.5291506036978303,0.6277970527470199,0.6137679064870178
M3,2030,5102,53,679,0.5787923416789397,0.5588353052992374,0.6148045697470301,0.6229428718015968
M3,2030,5102,54,679,0.5522827687776142,0.5251259528079312,0.6614411855130202,0.5657161740729922
M3,2030,5102,55,679,0.5478645066273933,0.515500655121135,0.7022286608090984,0.5169362554320767
M3,2030,5102,56,679,0.5125184094256259,0.48001386783103656,0.770319438340562,0.4146197821946145
M3,2030,5102,57,679,0.5861561119293078,0.5602844997222525,0.6383682141335618,0.585543372383599
M3,2030,5102,58,679,0.5463917525773195,0.5161171160480154,0.6788412409125442,0.547171609550609
M3,2030,5102,59,679,0.508100147275405,0.4786591778542204,0.7163556534824386,0.43881660457898614
M3,2030,5102,60,679,0.5552282768777614,0.530215170004286,0.6500417531107241,0.5767616444758199
M3,2030,5102,61,679,0.5419734904270986,0.5238229919314964,0.6812476189436723,0.5255815456110599
M3,2030,5102,62,679,0.4948453608247423,0.48241091407549486,0.7250280278640222,0.43882852227210334
M3,2030,5103,0,679,0.5493372606774669,0.5247684564757735,0.6547826218016896,0.585245192973117
M3,2030,5103,1,679,0.5346097201767305,0.5089352263710899,0.6902640877574112,0.521518900280727
M3,2030,5103,2,679,0.47717231222385864,0.44845490651942266,0.7647820285827317,0.39518418300351765
M3,2030,5103,3,679,0.5640648011782032,0.5420788316861782,0.6506737055852241,0.5631784950372748
M3,2030,5103,4,679,0.5419734904270986,0.5190178487991776,0.6942760119425881,0.5026552155567479
M3,2030,5103,5,679,0.47717231222385864,0.4517730411807444,0.7359714117422371,0.41957619667277263
M3,2030,5103,6,679,0.5552282768777614,0.5319847598186815,0.6506479790486362,0.5823885427429368
M3,2030,5103,7,679,0.5316642120765832,0.5076577078918999,0.6803499435202187,0.5420205071219328
M3,2030,5103,8,679,0.4845360824742268,0.46828376285784545,0.7416410151874545,0.39479784387928024
M3,2030,5103,9,679,0.5876288659793815,0.5676995336414786,0.6128529805322459,0.6208876573568121
M3,2030,5103,10,679,0.5817378497790869,0.5592996882338326,0.6145339557058856,0.6208571979604643
M3,2030,5103,11,679,0.5994108983799705,0.5755727578387677,0.609977184584987,0.6363146101382446
M3,2030,5103,12,679,0.5787923416789397,0.5553501489319708,0.61605767519467,0.6224671810327068
M3,2030,5103,13,679,0.5787923416789397,0.5563192129506416,0.6083353244108374,0.635909903174386
M3,2030,5103,14,679,0.5949926362297496,0.5696760586055721,0.6096064874762464,0.6372467513847204
M3,2030,5103,15,679,0.5758468335787923,0.5580486193007343,0.6128860957624284,0.6178294991433708
M3,2030,5103,16,679,0.5670103092783505,0.545124242736499,0.6187723651857545,0.6186376390810553
M3,2030,5103,17,679,0.5773195876288659,0.5586017482298541,0.6145153515732166,0.6266515676532729
M3,2030,5103,18,679,0.5684830633284241,0.5456485891464709,0.6138966442339551,0.6164497028493674
M3,2030,5103,19,679,0.5758468335787923,0.5552010248420317,0.615676879487789,0.6141889453954882
M3,2030,5103,20,679,0.572901325478645,0.5551160419778551,0.6182106372095173,0.6157146288455061
M3,2030,5103,21,679,0.572901325478645,0.552032584210802,0.6135859483735024,0.6167693613824555
M3,2030,5103,22,679,0.5758468335787923,0.5517575876028751,0.607825332432327,0.6208456458077319
M3,2030,5103,23,679,0.5655375552282769,0.5429385463928584,0.6117851608631713,0.6183264512545638
M3,2030,5103,24,679,0.572901325478645,0.5504926108374384,0.6133429273765463,0.6174760168029032
M3,2030,5103,25,679,0.5655375552282769,0.5432322765763447,0.6169339930844412,0.6133784041215077
M3,2030,5103,26,679,0.5773195876288659,0.5581881364600554,0.6193873460496473,0.6124041621775339
M3,2030,5103,27,679,0.5552282768777614,0.5299670767678645,0.6459876031824696,0.5852806664141447
M3,2030,5103,28,679,0.5184094256259205,0.48372628732067513,0.703537015022164,0.5127618738473803
M3,2030,5103,29,679,0.5198821796759941,0.4895172330906898,0.7685462835962186,0.42193922822889207
M3,2030,5103,30,679,0.5773195876288659,0.5534122215316215,0.6398518040929873,0.5845512883497436
M3,2030,5103,31,679,0.5463917525773195,0.5200036620409536,0.6846781783409428,0.53116987131623
M3,2030,5103,32,679,0.5184094256259205,0.4822783442273304,0.7239804695166966,0.45675271811067014
M3,2030,5103,33,679,0.5743740795287187,0.5489270496432055,0.6480818784552926,0.585072286943693
M3,2030,5103,34,679,0.5331369661266568,0.5133425795900441,0.6887390310924077,0.5215492396841152
M3,2030,5103,35,679,0.5228276877761414,0.5023203949468011,0.7215425070808632,0.44783357175827815
M3,2030,5103,36,679,0.5375552282768777,0.5143583538234581,0.6708838739960464,0.5493401533234534
M3,2030,5103,37,679,0.5272459499263623,0.5031097747710126,0.6880546094786611,0.5172876860366408
M3,2030,5103,38,679,0.47717231222385864,0.4526049710942961,0.7601754189371536,0.3978206113187691
M3,2030,5103,39,679,0.5743740795287187,0.551927576358489,0.6326875099596816,0.5826898042572726
M3,2030,5103,40,679,0.540500736377025,0.5193366500829186,0.6807038121923958,0.5127860963209508
M3,2030,5103,41,679,0.5051546391752577,0.4787949719925887,0.7016686806578699,0.45716186518495766
M3,2030,5103,42,679,0.5508100147275405,0.5238989416182998,0.6396450524126482,0.5914775606565568
M3,2030,5103,43,679,0.524300441826215,0.5015147901951421,0.6897907436157361,0.5202571733422218
M3,2030,5103,44,679,0.49337260677466865,0.47586901262828063,0.7270186783112201,0.41463409127469664
M3,2030,5103,45,679,0.5773195876288659,0.5534462065257558,0.6120322025401603,0.6237231232302334
M3,2030,5103,46,679,0.5979381443298969,0.5801912244460248,0.605768055382112,0.6277587745734855
M3,2030,5103,47,679,0.6038291605301914,0.5861800100810686,0.6176300479403651,0.6266666405582141
M3,2030,5103,48,679,0.5758468335787923,0.5540792611952975,0.6082578266974928,0.6251591881596613
M3,2030,5103,49,679,0.5714285714285714,0.5480729497130837,0.6087798205408678,0.6373085859034607
M3,2030,5103,50,679,0.5949926362297496,0.571019250027818,0.6121514776011103,0.6385118750752792
M3,2030,5103,51,679,0.5817378497790869,0.5638349640394212,0.6159127155573976,0.6161768796996212
M3,2030,5103,52,679,0.5832106038291606,0.5622913267468105,0.6137994548006859,0.62134606368922
M3,2030,5103,53,679,0.5787923416789397,0.560830863293464,0.6166314640039899,0.6252373997289259
M3,2030,5103,54,679,0.5596465390279823,0.5329359776173731,0.6480770708447177,0.5830385354368062
M3,2030,5103,55,679,0.5390279823269514,0.5115299171716892,0.6932136634575952,0.5233392024888899
M3,2030,5103,56,679,0.5125184094256259,0.4818023361971209,0.7664408137327793,0.4169625350258639
M3,2030,5103,57,679,0.5522827687776142,0.5258721624469659,0.6474555382321263,0.5773248989395932
M3,2030,5103,58,679,0.5537555228276878,0.527595254318562,0.6816630074438887,0.5191829853517939
M3,2030,5103,59,679,0.5051546391752577,0.4719771251866963,0.7273873109178445,0.4298569242486232
M3,2030,5103,60,679,0.5508100147275405,0.5292470617268507,0.6531884381451558,0.5681673332689579
M3,2030,5103,61,679,0.5213549337260678,0.508047733199863,0.692131935035884,0.5197379769060936
M3,2030,5103,62,679,0.5139911634756995,0.5022603312855777,0.7170336584893874,0.43357401947228985
M3,2030,5104,0,679,0.5287187039764359,0.5042605651445928,0.6610967434383106,0.5631108627526871
M3,2030,5104,1,679,0.5198821796759941,0.49556872708871136,0.7067679960790896,0.4980980072580884
M3,2030,5104,2,679,0.4786450662739323,0.4482992851263856,0.7547282814672313,0.4015131688024924
M3,2030,5104,3,679,0.561119293078056,0.5394065389404821,0.6499776346869602,0.5590629893096021
M3,2030,5104,4,679,0.5316642120765832,0.5117357798416294,0.6848906687459468,0.512136840193647
M3,2030,5104,5,679,0.5095729013254786,0.4830943785108085,0.7290890829113692,0.4230236972834592
M3,2030,5104,6,679,0.5537555228276878,0.528878811934304,0.6676196504236146,0.5466147701874897
M3,2030,5104,7,679,0.508100147275405,0.4891221964201611,0.6933366539771497,0.5127776350584269
M3,2030,5104,8,679,0.4845360824742268,0.4673141380490725,0.7380547641566646,0.4011050032349021
M3,2030,5104,9,679,0.5802650957290133,0.5594575249205461,0.6174495177170665,0.6161806015582953
M3,2030,5104,10,679,0.5861561119293078,0.5629477598766667,0.6150501626097927,0.6169443267129019
M3,2030,5104,11,679,0.6023564064801178,0.579909715109442,0.6075561486173624,0.6344640563946494
M3,2030,5104,12,679,0.5758468335787923,0.5505307967621745,0.6109566701924503,0.6288493724403404
M3,2030,5104,13,679,0.572901325478645,0.5494585978524917,0.6234075375702315,0.6193651239260838
M3,2030,5104,14,679,0.6008836524300442,0.5769184243333307,0.6067431936471206,0.6427213871355663
M3,2030,5104,15,679,0.5773195876288659,0.5568448468541206,0.6153702899396682,0.6157208761264262
M3,2030,5104,16,679,0.5640648011782032,0.5431891007769228,0.6197048234965911,0.617653300090522
M3,2030,5104,17,679,0.5802650957290133,0.5632473382473383,0.6168869215013001,0.6229736306572282
M3,2030,5104,18,679,0.572901325478645,0.5503574399706604,0.6117509092603411,0.6188123074556957
M3,2030,5104,19,679,0.5773195876288659,0.5576815844004435,0.6117778893379119,0.6167874323937512
M3,2030,5104,20,679,0.5758468335787923,0.5566963252249201,0.6214138573811928,0.610766695873069
M3,2030,5104,21,679,0.572901325478645,0.550818453692167,0.6124542779968133,0.6170996401665366
M3,2030,5104,22,679,0.5758468335787923,0.5515873948740483,0.6112626871102337,0.6194368166292595
M3,2030,5104,23,679,0.5625920471281296,0.5419356511460309,0.6117776101221919,0.618985830735918
M3,2030,5104,24,679,0.5684830633284241,0.545982365386164,0.6154870822784301,0.616239005031732
M3,2030,5104,25,679,0.5699558173784978,0.5462303221855491,0.6167001141144706,0.6118564442922333
M3,2030,5104,26,679,0.5773195876288659,0.5593609008443851,0.6185774217649131,0.6115568089944735
M3,2030,5104,27,679,0.5522827687776142,0.5282818565791402,0.6543581445587576,0.5803851482228507
M3,2030,5104,28,679,0.5272459499263623,0.49142772628784637,0.7110941222209116,0.5130777368383742
M3,2030,5104,29,679,0.4992636229749632,0.467911809053734,0.7810252589751062,0.41122883970812313
M3,2030,5104,30,679,0.5684830633284241,0.5482477649758332,0.6432640698459959,0.5741488127456974
M3,2030,5104,31,679,0.5463917525773195,0.5200048916698938,0.6899414105952576,0.5268385841529922
M3,2030,5104,32,679,0.5125184094256259,0.48481203674540085,0.7316022947628122,0.4610809876116053
M3,2030,5104,33,679,0.5508100147275405,0.528904956147982,0.6503878271369063,0.5841452259968639
M3,2030,5104,34,679,0.524300441826215,0.5055969822221755,0.6973886432150853,0.5245542125480761
M3,2030,5104,35,679,0.5139911634756995,0.49417648402610104,0.7243628979212055,0.4472211595418399
M3,2030,5104,36,679,0.5434462444771723,0.5183453425465967,0.6447098322091994,0.5895121383722438
M3,2030,5104,37,679,0.5287187039764359,0.4977510119598567,0.7058379381500042,0.5027959398395905
M3,2030,5104,38,679,0.47569955817378495,0.4460820812063795,0.7511178456762578,0.4144051331811391
M3,2030,5104,39,679,0.5581737849779087,0.5331625129409387,0.6576835378368052,0.5611604350323649
M3,2030,5104,40,679,0.540500736377025,0.5155554412867599,0.6745700046134803,0.5314594518669783
M3,2030,5104,41,679,0.4992636229749632,0.47627302762277235,0.7451840142921075,0.3906868150126378
M3,2030,5104,42,679,0.5581737849779087,0.5336146497467333,0.6407284077602563,0.6001137239688352
M3,2030,5104,43,679,0.5301914580265096,0.513909006894276,0.6830443097319624,0.5246173383406489
M3,2030,5104,44,679,0.48306332842415317,0.4671445766865173,0.7395119832524144,0.3815245329238529
M3,2030,5104,45,679,0.5832106038291606,0.559752860746639,0.6109498490158343,0.6242397848963361
M3,2030,5104,46,679,0.5891016200294551,0.5695028380912157,0.6104220190964672,0.6230902947545338
M3,2030,5104,47,679,0.605301914580265,0.5854089315570356,0.6139449325331181,0.6298380798155585
M3,2030,5104,48,679,0.5699558173784978,0.5486583315923813,0.6112208663758895,0.6279468929767932
M3,2030,5104,49,679,0.5802650957290133,0.5572447570358793,0.6195799835871175,0.6226586914206854
M3,2030,5104,50,679,0.593519882179676,0.566695085566033,0.6098575415816679,0.6405556445492739
M3,2030,5104,51,679,0.572901325478645,0.5517099812580133,0.6199968873093862,0.6173011608368056
M3,2030,5104,52,679,0.572901325478645,0.550682934315531,0.6234970161463621,0.6105607245059862
M3,2030,5104,53,679,0.5876288659793815,0.5673022358415617,0.6128801765559524,0.627789054640952
M3,2030,5104,54,679,0.5508100147275405,0.5243222281179346,0.6624605909143526,0.5717366662783463
M3,2030,5104,55,679,0.5287187039764359,0.5008077515183509,0.7072352854993101,0.5159266300330814
M3,2030,5104,56,679,0.5095729013254786,0.47304189049272183,0.772045044686552,0.4248081733678575
M3,2030,5104,57,679,0.5508100147275405,0.5247249713775122,0.6535813163894617,0.5630503160447469
M3,2030,5104,58,679,0.5596465390279823,0.5363610615150279,0.6632373828073314,0.5404178047303195
M3,2030,5104,59,679,0.5036818851251841,0.4741024990675121,0.7034079708345509,0.48537658848860943
M3,2030,5104,60,679,0.540500736377025,0.5184295883225376,0.6527498349086526,0.5792876243120921
M3,2030,5104,61,679,0.5301914580265096,0.5137366617836174,0.6922717013661043,0.5216427484644783
M3,2030,5104,62,679,0.5022091310751104,0.4869464948439407,0.7275259342697478,0.4331268505532502
M3,2030,5105,0,679,0.5522827687776142,0.5268134000981697,0.6450097512601928,0.5783436260998309
M3,2030,5105,1,679,0.5154639175257731,0.4902297729772977,0.7048107574368787,0.5024962521300147
M3,2030,5105,2,679,0.4889543446244477,0.45945995468724066,0.7513893510658014,0.41363777223935216
M3,2030,5105,3,679,0.5670103092783505,0.5452335475439501,0.6518361036924972,0.5640297000443235
M3,2030,5105,4,679,0.5434462444771723,0.5217478360097995,0.6789698488626283,0.5332077026361453
M3,2030,5105,5,679,0.4948453608247423,0.4736935561523268,0.7461301175896654,0.38884483487895544
M3,2030,5105,6,679,0.540500736377025,0.5193779414858883,0.6503488176306147,0.5723429159616445
M3,2030,5105,7,679,0.5257731958762887,0.5041611292887652,0.6956197080011747,0.5041029734473942
M3,2030,5105,8,679,0.4889543446244477,0.46773029432430124,0.7397582997102976,0.4032797904515505
M3,2030,5105,9,679,0.5787923416789397,0.5562843960302213,0.6133271216556144,0.6216363406984623
M3,2030,5105,10,679,0.5876288659793815,0.5611504715247044,0.6162279824532887,0.6205935183740816
M3,2030,5105,11,679,0.5964653902798233,0.5749734260421686,0.6185128271184719,0.6231439190041423
M3,2030,5105,12,679,0.5802650957290133,0.5617715617715618,0.6097963080358786,0.6261222412050558
M3,2030,5105,13,679,0.5655375552282769,0.5427604262794878,0.6191640356679026,0.6214414564208116
M3,2030,5105,14,679,0.6008836524300442,0.5760091192475347,0.6111474163138989,0.6311898452734965
M3,2030,5105,15,679,0.5773195876288659,0.5574135597391411,0.611891654524431,0.6200501332384478
M3,2030,5105,16,679,0.5714285714285714,0.5522212664706663,0.6197271239511746,0.6184849425424802
M3,2030,5105,17,679,0.5846833578792342,0.568616959713292,0.6119976451453123,0.6227958937988073
M3,2030,5105,18,679,0.572901325478645,0.5507596993248155,0.6127584160734874,0.6186462464366328
M3,2030,5105,19,679,0.572901325478645,0.5511541229155699,0.6145975291290059,0.6163955778274376
M3,2030,5105,20,679,0.5699558173784978,0.5502065371679498,0.6195811153292129,0.6142744443420403
M3,2030,5105,21,679,0.5670103092783505,0.545403869127765,0.6155348962422499,0.6147133229868896
M3,2030,5105,22,679,0.5817378497790869,0.5597206566275922,0.6097527131416309,0.6193772745729642
M3,2030,5105,23,679,0.5655375552282769,0.5416204053808111,0.6115288694494778,0.6163130886315725
M3,2030,5105,24,679,0.5714285714285714,0.5480063604001187,0.614113133241572,0.6160493962607997
M3,2030,5105,25,679,0.5787923416789397,0.5565715844341215,0.6130459977311133,0.6156451841524921
M3,2030,5105,26,679,0.5817378497790869,0.5621950024128363,0.6164007399982837,0.6165065504053009
M3,2030,5105,27,679,0.5714285714285714,0.5452779072320091,0.6451212630575641,0.5890840756099816
M3,2030,5105,28,679,0.5169366715758469,0.48583176453410293,0.7233172748813924,0.503730431629763
M3,2030,5105,29,679,0.508100147275405,0.47840281783886696,0.7733636053391514,0.42140530365314843
M3,2030,5105,30,679,0.5655375552282769,0.5416082982548276,0.6521786732464722,0.567062536212441
M3,2030,5105,31,679,0.5449189985272459,0.5126268339503633,0.6878263557738513,0.5128442550792417
M3,2030,5105,32,679,0.5213549337260678,0.48548832254172103,0.728522873196932,0.4515769908152492
M3,2030,5105,33,679,0.5567010309278351,0.5385772471928986,0.6518051327591616,0.574080842018038
M3,2030,5105,34,679,0.5184094256259205,0.5033865163321869,0.6991026593106133,0.5142561738441244
M3,2030,5105,35,679,0.5154639175257731,0.4934210544479978,0.7347352454035553,0.4182269273565513
M3,2030,5105,36,679,0.5316642120765832,0.5025056990415179,0.6487898500046428,0.5782558734930835
M3,2030,5105,37,679,0.5110456553755522,0.48312473728771355,0.7116235712095985,0.5005240274866295
M3,2030,5105,38,679,0.48159057437407954,0.45387678862291503,0.7595583466876062,0.4064472478518687
M3,2030,5105,39,679,0.5625920471281296,0.5397053774039507,0.6465183503497858,0.5781142898919648
M3,2030,5105,40,679,0.5419734904270986,0.5163020931609653,0.6733794343137952,0.530329299164923
M3,2030,5105,41,679,0.5125184094256259,0.4834246854776322,0.7212936843749526,0.4219538913774874
M3,2030,5105,42,679,0.5684830633284241,0.5475921078845586,0.6318712168220919,0.5969373665749195
M3,2030,5105,43,679,0.5198821796759941,0.4973247740056398,0.6884686648845673,0.5138110874687658
M3,2030,5105,44,679,0.48748159057437407,0.47168774336874036,0.7295185866956332,0.409168931359034
M3,2030,5105,45,679,0.5787923416789397,0.5550761375237294,0.6091670103821031,0.6244566348833459
M3,2030,5105,46,679,0.5861561119293078,0.5657684498102113,0.6127908835969371,0.6264055024206625
M3,2030,5105,47,679,0.6008836524300442,0.5806659446275717,0.6163058649852806,0.6286744716696034
M3,2030,5105,48,679,0.5699558173784978,0.5498683900056752,0.6082794266658258,0.6268851223696065
M3,2030,5105,49,679,0.5832106038291606,0.5587535231026327,0.6103639779763299,0.63324040715165
M3,2030,5105,50,679,0.5846833578792342,0.5558753451309102,0.6134476776677835,0.6413514553820772
M3,2030,5105,51,679,0.5787923416789397,0.5581059543993547,0.611116081607886,0.6243884144897343
M3,2030,5105,52,679,0.5655375552282769,0.5426752626458169,0.622242288886184,0.6217964525183725
M3,2030,5105,53,679,0.5832106038291606,0.5655540686219843,0.609338238045288,0.631692980526973
M3,2030,5105,54,679,0.561119293078056,0.5374328599462501,0.6589625264697644,0.569749586860695
M3,2030,5105,55,679,0.540500736377025,0.514212320246803,0.7126738112611869,0.4976917113407804
M3,2030,5105,56,679,0.5154639175257731,0.4819976171077984,0.7620412305721653,0.42672889607907316
M3,2030,5105,57,679,0.5552282768777614,0.5265756532724858,0.6501579650064632,0.574610417863362
M3,2030,5105,58,679,0.540500736377025,0.5188080387332008,0.6894999687863028,0.5217661650121059
M3,2030,5105,59,679,0.5272459499263623,0.4951086426970671,0.695293015096781,0.48858138453445554
M3,2030,5105,60,679,0.5478645066273933,0.5283572081469748,0.6546413204763002,0.5651757338919802
M3,2030,5105,61,679,0.5213549337260678,0.5023033613037614,0.6880682278013018,0.536312262700065
M3,2030,5105,62,679,0.5125184094256259,0.49799154449681204,0.7082941948006887,0.4651872906210368
